numparties,paillier,shares
4,75.474662,0.262635
8,98.867743,1.248109
16,218.045247,3.937634
32,393.339048,15.166085
64,750.131545,65.220922
128,1948.020299,246.318379
