numparties,paillier,shares
3,43.715442,0.079536
5,44.880314,0.15634
9,53.009728,0.382628
17,76.730401,1.180444
35,145.426822,5.155379
