numparties,paillier,shares
4,44.179036,0.119997
8,50.437911,0.339418
16,74.155029,1.091447
32,135.015853,4.71819
