{
	"TestType": "PEARSON",
	"UseShares": false,
	"PValue": 0.019773883526676354,
	"DatasetSize": 5000,
	"NumberOfCategories": 0,
	"NumberOfParties": 16,
	"TotalNumberOfShares": 126436,
	"TotalNumberOfPaillierMults": 20999,
	"TotalNumberOfShareMults": 49165,
	"TotalTime": 971.721215526,
	"ComputationTime": 627.722238923,
	"ComparisonTime": 221.408150079,
	"DivisionTime": 122.590827295,
	"Latency": 0
}