{
	"TestType": "PEARSON",
	"UseShares": false,
	"PValue": 0.011005300458578754,
	"DatasetSize": 10000,
	"NumberOfCategories": 0,
	"NumberOfParties": 16,
	"TotalNumberOfShares": 126436,
	"TotalNumberOfPaillierMults": 36000,
	"TotalNumberOfShareMults": 49167,
	"TotalTime": 1344.245267255,
	"ComputationTime": 999.155486416,
	"ComparisonTime": 242.38729315,
	"DivisionTime": 102.702488669,
	"Latency": 0
}