{
	"TestType": "PEARSON",
	"UseShares": true,
	"PValue": -0.0031257807233219326,
	"DatasetSize": 1000,
	"NumberOfCategories": 0,
	"NumberOfParties": 3,
	"TotalNumberOfShares": 156113,
	"DealerSetupTime": 0.088531674,
	"TotalTime": 24.771563530999998,
	"ComputationTime": 1.968997097,
	"ComparisonTime": 6.662498939,
	"DivisionTime": 16.14006852,
	"Latency": 0.001
}