{
	"TestType": "CHI2",
	"UseShares": true,
	"PValue": 15.952000059187412,
	"DatasetSize": 5000,
	"NumberOfCategories": 20,
	"NumberOfParties": 5,
	"TotalNumberOfShares": 1589343,
	"DealerSetupTime": 6.007379581,
	"TotalTime": 200.617970413,
	"ComputationTime": 2.080600101,
	"ComparisonTime": 0,
	"DivisionTime": 198.537370974,
	"Latency": 0.001
}