{
	"TestType": "CHI2",
	"UseShares": true,
	"PValue": 20.3740234375,
	"DatasetSize": 1000,
	"NumberOfCategories": 20,
	"NumberOfParties": 16,
	"TotalNumberOfShares": 678014,
	"TotalTime": 301.337876147,
	"ComputationTime": 1.5770579759999999,
	"ComparisonTime": 0,
	"DivisionTime": 299.760818873,
	"Latency": 0
}