{
	"TestType": "CHI2",
	"UseShares": true,
	"PValue": 25.15200009290129,
	"DatasetSize": 10000,
	"NumberOfCategories": 20,
	"NumberOfParties": 8,
	"TotalNumberOfShares": 1789343,
	"TotalTime": 351.224920076,
	"ComputationTime": 10.605337569,
	"ComparisonTime": 0,
	"DivisionTime": 340.619583171,
	"Latency": 0
}