{
	"TestType": "TTEST",
	"UseShares": true,
	"PValue": 0.3302248119262737,
	"DatasetSize": 10000,
	"NumberOfCategories": 0,
	"NumberOfParties": 3,
	"TotalNumberOfShares": 171999,
	"DealerSetupTime": 0.803686198,
	"TotalTime": 26.293641056,
	"ComputationTime": 7.466026867,
	"ComparisonTime": 0,
	"DivisionTime": 18.827624327,
	"Latency": 0.001
}