{
	"TestType": "CHI2",
	"UseShares": true,
	"PValue": 4.8023651956554644e+63,
	"DatasetSize": 10000,
	"NumberOfCategories": 20,
	"NumberOfParties": 4,
	"TotalNumberOfShares": 1789354,
	"TotalTime": 65.371537493,
	"ComputationTime": 4.522653344,
	"ComparisonTime": 0,
	"DivisionTime": 60.848884605,
	"Latency": 0
}