{
	"TestType": "PEARSON",
	"UseShares": true,
	"PValue": 0.0197427032080297,
	"DatasetSize": 5000,
	"NumberOfCategories": 0,
	"NumberOfParties": 8,
	"TotalNumberOfShares": 198251,
	"TotalTime": 30.39231369,
	"ComputationTime": 5.132038089,
	"ComparisonTime": 12.012961452,
	"DivisionTime": 13.247314882,
	"Latency": 0
}