{
	"TestType": "CHI2",
	"UseShares": true,
	"PValue": 1.0749033826027366e+64,
	"DatasetSize": 1000,
	"NumberOfCategories": 10,
	"NumberOfParties": 9,
	"TotalNumberOfShares": 714780,
	"TotalTime": 230.151111087,
	"ComputationTime": 0.479070481,
	"ComparisonTime": 0,
	"DivisionTime": 229.672041404,
	"Latency": 0
}