{
	"TestType": "CHI2",
	"UseShares": true,
	"PValue": 20.280000074766576,
	"DatasetSize": 1000,
	"NumberOfCategories": 20,
	"NumberOfParties": 5,
	"TotalNumberOfShares": 1429351,
	"DealerSetupTime": 1.173401688,
	"TotalTime": 200.967327522,
	"ComputationTime": 0.697974804,
	"ComparisonTime": 0,
	"DivisionTime": 200.269353393,
	"Latency": 0.001
}