{
	"TestType": "PEARSON",
	"UseShares": true,
	"PValue": 6.712141128348248e+51,
	"DatasetSize": 5000,
	"NumberOfCategories": 0,
	"NumberOfParties": 17,
	"TotalNumberOfShares": 198279,
	"TotalTime": 132.433368157,
	"ComputationTime": 22.716192356,
	"ComparisonTime": 55.564080252,
	"DivisionTime": 54.153096565,
	"Latency": 0
}