{
	"TestType": "CHI2",
	"UseShares": true,
	"PValue": 7.125594759483197e+58,
	"DatasetSize": 10000,
	"NumberOfCategories": 20,
	"NumberOfParties": 5,
	"TotalNumberOfShares": 1789340,
	"TotalTime": 194.452988712,
	"ComputationTime": 4.434320223,
	"ComparisonTime": 0,
	"DivisionTime": 190.018668947,
	"Latency": 0
}