{
	"TestType": "CHI2",
	"UseShares": true,
	"PValue": 5.05580359222853e+63,
	"DatasetSize": 10000,
	"NumberOfCategories": 20,
	"NumberOfParties": 8,
	"TotalNumberOfShares": 1789341,
	"TotalTime": 263.011444359,
	"ComputationTime": 8.071897083,
	"ComparisonTime": 0,
	"DivisionTime": 254.939548045,
	"Latency": 0
}