{
	"TestType": "PEARSON",
	"UseShares": true,
	"PValue": 0.019742726794516528,
	"DatasetSize": 5000,
	"NumberOfCategories": 0,
	"NumberOfParties": 3,
	"TotalNumberOfShares": 204108,
	"DealerSetupTime": 0.979695787,
	"TotalTime": 23.991848077,
	"ComputationTime": 4.212312665,
	"ComparisonTime": 5.655259273,
	"DivisionTime": 14.124277352,
	"Latency": 0.001
}