{
	"TestType": "PEARSON",
	"UseShares": true,
	"PValue": 2.2775000477180653e+52,
	"DatasetSize": 1000,
	"NumberOfCategories": 0,
	"NumberOfParties": 5,
	"TotalNumberOfShares": 150263,
	"TotalTime": 12.840520676,
	"ComputationTime": 0.590662996,
	"ComparisonTime": 5.683521527,
	"DivisionTime": 6.566337102,
	"Latency": 0
}