{
	"TestType": "TTEST",
	"UseShares": true,
	"PValue": 0.029092793135472916,
	"DatasetSize": 5000,
	"NumberOfCategories": 0,
	"NumberOfParties": 5,
	"TotalNumberOfShares": 121019,
	"DealerSetupTime": 0.960756889,
	"TotalTime": 31.519067815,
	"ComputationTime": 6.483259461,
	"ComparisonTime": 0,
	"DivisionTime": 25.035817796,
	"Latency": 0.001
}