{
	"TestType": "CHI2",
	"UseShares": true,
	"PValue": 1.4032690604745586e+64,
	"DatasetSize": 5000,
	"NumberOfCategories": 10,
	"NumberOfParties": 8,
	"TotalNumberOfShares": 794785,
	"TotalTime": 129.993763555,
	"ComputationTime": 1.626987261,
	"ComparisonTime": 0,
	"DivisionTime": 128.366776928,
	"Latency": 0
}