{
	"TestType": "CHI2",
	"UseShares": true,
	"PValue": 1.1653049980150902e+64,
	"DatasetSize": 5000,
	"NumberOfCategories": 20,
	"NumberOfParties": 8,
	"TotalNumberOfShares": 1589351,
	"TotalTime": 263.785263332,
	"ComputationTime": 3.446392711,
	"ComparisonTime": 0,
	"DivisionTime": 260.338871262,
	"Latency": 0
}