{
	"TestType": "CHI2",
	"UseShares": true,
	"PValue": 9.157763626570429e+63,
	"DatasetSize": 10000,
	"NumberOfCategories": 20,
	"NumberOfParties": 9,
	"TotalNumberOfShares": 1789343,
	"TotalTime": 387.392790771,
	"ComputationTime": 6.740105138,
	"ComparisonTime": 0,
	"DivisionTime": 380.652686093,
	"Latency": 0
}