{
	"TestType": "CHI2",
	"UseShares": true,
	"PValue": 15.952000059187412,
	"DatasetSize": 5000,
	"NumberOfCategories": 20,
	"NumberOfParties": 9,
	"TotalNumberOfShares": 1589352,
	"DealerSetupTime": 11.674898531,
	"TotalTime": 586.661979899,
	"ComputationTime": 5.023953937,
	"ComparisonTime": 0,
	"DivisionTime": 581.638026624,
	"Latency": 0.001
}