{
	"TestType": "CHI2",
	"UseShares": true,
	"PValue": 2.488494925562249e+64,
	"DatasetSize": 10000,
	"NumberOfCategories": 5,
	"NumberOfParties": 9,
	"TotalNumberOfShares": 447506,
	"TotalTime": 79.141156252,
	"ComputationTime": 1.6930300790000001,
	"ComparisonTime": 0,
	"DivisionTime": 77.448126884,
	"Latency": 0
}