{
	"TestType": "CHI2",
	"UseShares": true,
	"PValue": 7.800000028684735,
	"DatasetSize": 1000,
	"NumberOfCategories": 5,
	"NumberOfParties": 17,
	"TotalNumberOfShares": 357501,
	"DealerSetupTime": 0.767303403,
	"TotalTime": 501.159508426,
	"ComputationTime": 1.340943646,
	"ComparisonTime": 0,
	"DivisionTime": 499.818565597,
	"Latency": 0.001
}