{
	"TestType": "CHI2",
	"UseShares": true,
	"PValue": 1.8071042652067727e+64,
	"DatasetSize": 1000,
	"NumberOfCategories": 5,
	"NumberOfParties": 17,
	"TotalNumberOfShares": 357503,
	"TotalTime": 272.302602715,
	"ComputationTime": 0.590182048,
	"ComparisonTime": 0,
	"DivisionTime": 271.712421258,
	"Latency": 0
}