{
	"TestType": "PEARSON",
	"UseShares": true,
	"PValue": -1.4256402400996553e+52,
	"DatasetSize": 1000,
	"NumberOfCategories": 0,
	"NumberOfParties": 4,
	"TotalNumberOfShares": 150265,
	"TotalTime": 6.659911773,
	"ComputationTime": 0.376399086,
	"ComparisonTime": 2.722894177,
	"DivisionTime": 3.560619426,
	"Latency": 0
}