{
	"TestType": "CHI2",
	"UseShares": true,
	"PValue": 1.3903906279214276e+64,
	"DatasetSize": 10000,
	"NumberOfCategories": 5,
	"NumberOfParties": 17,
	"TotalNumberOfShares": 447507,
	"TotalTime": 324.441456698,
	"ComputationTime": 3.796847895,
	"ComparisonTime": 0,
	"DivisionTime": 320.644609267,
	"Latency": 0
}