{
	"TestType": "CHI2",
	"UseShares": true,
	"PValue": 8.69518835588442e+64,
	"DatasetSize": 1000,
	"NumberOfCategories": 5,
	"NumberOfParties": 35,
	"TotalNumberOfShares": 357504,
	"TotalTime": 1259.815238471,
	"ComputationTime": 2.314764866,
	"ComparisonTime": 0,
	"DivisionTime": 1257.500474076,
	"Latency": 0
}