{
	"TestType": "PEARSON",
	"UseShares": true,
	"PValue": -6.565280806655635e+50,
	"DatasetSize": 1000,
	"NumberOfCategories": 0,
	"NumberOfParties": 8,
	"TotalNumberOfShares": 150271,
	"TotalTime": 26.317352298,
	"ComputationTime": 1.1989901729999999,
	"ComparisonTime": 12.133174607,
	"DivisionTime": 12.985188388,
	"Latency": 0
}