{
	"TestType": "PEARSON",
	"UseShares": true,
	"PValue": 0.7577722283113838,
	"DatasetSize": 5000,
	"NumberOfCategories": 0,
	"NumberOfParties": 4,
	"TotalNumberOfShares": 123274,
	"TotalTime": 3.2849446110000002,
	"ComputationTime": 1.072473659,
	"ComparisonTime": 0.874019033,
	"DivisionTime": 1.338452539,
	"Latency": 0
}