{
	"TestType": "PEARSON",
	"UseShares": true,
	"PValue": -0.011239545719848617,
	"DatasetSize": 10000,
	"NumberOfCategories": 0,
	"NumberOfParties": 3,
	"TotalNumberOfShares": 264112,
	"DealerSetupTime": 0.796413165,
	"TotalTime": 26.378291995,
	"ComputationTime": 5.319388337,
	"ComparisonTime": 6.439237975,
	"DivisionTime": 14.619666476,
	"Latency": 0.001
}