{
	"TestType": "CHI2",
	"UseShares": true,
	"PValue": 25.152000093832612,
	"DatasetSize": 10000,
	"NumberOfCategories": 20,
	"NumberOfParties": 3,
	"TotalNumberOfShares": 1789332,
	"DealerSetupTime": 6.219941133,
	"TotalTime": 77.427029519,
	"ComputationTime": 3.347096389,
	"ComparisonTime": 0,
	"DivisionTime": 74.079934068,
	"Latency": 0.001
}