{
	"TestType": "PEARSON",
	"UseShares": true,
	"PValue": 0.7584163187194748,
	"DatasetSize": 5000,
	"NumberOfCategories": 0,
	"NumberOfParties": 16,
	"TotalNumberOfShares": 123276,
	"TotalTime": 47.429837988,
	"ComputationTime": 14.411817954,
	"ComparisonTime": 15.828941654,
	"DivisionTime": 17.189079047,
	"Latency": 0
}