{
	"TestType": "CHI2",
	"UseShares": true,
	"PValue": 1.6596190101859913e+64,
	"DatasetSize": 1000,
	"NumberOfCategories": 10,
	"NumberOfParties": 9,
	"TotalNumberOfShares": 714783,
	"TotalTime": 149.529299517,
	"ComputationTime": 0.447893144,
	"ComparisonTime": 0,
	"DivisionTime": 149.081407246,
	"Latency": 0
}