{
	"TestType": "TTEST",
	"UseShares": true,
	"PValue": 0.34220194655453634,
	"DatasetSize": 10000,
	"NumberOfCategories": 0,
	"NumberOfParties": 3,
	"TotalNumberOfShares": 171019,
	"DealerSetupTime": 0.863400625,
	"TotalTime": 18.824449239,
	"ComputationTime": 5.101562049,
	"ComparisonTime": 0,
	"DivisionTime": 13.722901633,
	"Latency": 0.001
}