{
	"TestType": "PEARSON",
	"UseShares": true,
	"PValue": 1.3926659421117888e+52,
	"DatasetSize": 10000,
	"NumberOfCategories": 0,
	"NumberOfParties": 8,
	"TotalNumberOfShares": 258271,
	"TotalTime": 37.605333798,
	"ComputationTime": 11.338002325,
	"ComparisonTime": 12.586160668,
	"DivisionTime": 13.681171643,
	"Latency": 0
}