{
	"TestType": "CHI2",
	"UseShares": true,
	"PValue": 12.160000045783818,
	"DatasetSize": 1000,
	"NumberOfCategories": 10,
	"NumberOfParties": 3,
	"TotalNumberOfShares": 714791,
	"DealerSetupTime": 0.422016907,
	"TotalTime": 49.678928585,
	"ComputationTime": 0.391835606,
	"ComparisonTime": 0,
	"DivisionTime": 49.287093743,
	"Latency": 0.001
}