{
	"TestType": "CHI2",
	"UseShares": true,
	"PValue": 25.15200009290129,
	"DatasetSize": 10000,
	"NumberOfCategories": 20,
	"NumberOfParties": 5,
	"TotalNumberOfShares": 1789349,
	"DealerSetupTime": 17.159044845,
	"TotalTime": 298.419558519,
	"ComputationTime": 6.367326739,
	"ComparisonTime": 0,
	"DivisionTime": 292.052232395,
	"Latency": 0.001
}