{
	"TestType": "PEARSON",
	"UseShares": true,
	"PValue": -7.43945181058515e+52,
	"DatasetSize": 5000,
	"NumberOfCategories": 0,
	"NumberOfParties": 8,
	"TotalNumberOfShares": 198271,
	"TotalTime": 31.080442121,
	"ComputationTime": 5.643948701,
	"ComparisonTime": 12.535223802,
	"DivisionTime": 12.901270298,
	"Latency": 0
}