{
	"TestType": "CHI2",
	"UseShares": true,
	"PValue": 2.628095665688263e+64,
	"DatasetSize": 1000,
	"NumberOfCategories": 10,
	"NumberOfParties": 35,
	"TotalNumberOfShares": 714782,
	"TotalTime": 2595.625125105,
	"ComputationTime": 4.6511364109999995,
	"ComparisonTime": 0,
	"DivisionTime": 2590.97398935,
	"Latency": 0
}