{
	"TestType": "CHI2",
	"UseShares": true,
	"PValue": 2.4102011115626373e+64,
	"DatasetSize": 10000,
	"NumberOfCategories": 20,
	"NumberOfParties": 9,
	"TotalNumberOfShares": 1789347,
	"TotalTime": 337.802826509,
	"ComputationTime": 7.835739482,
	"ComparisonTime": 0,
	"DivisionTime": 329.967087572,
	"Latency": 0
}