{
	"TestType": "PEARSON",
	"UseShares": true,
	"PValue": -0.011239545719848617,
	"DatasetSize": 10000,
	"NumberOfCategories": 0,
	"NumberOfParties": 8,
	"TotalNumberOfShares": 258246,
	"TotalTime": 35.656962157,
	"ComputationTime": 10.190669005,
	"ComparisonTime": 12.078958603,
	"DivisionTime": 13.387335455,
	"Latency": 0
}