{
	"TestType": "CHI2",
	"UseShares": true,
	"PValue": 3.146483472610114e+64,
	"DatasetSize": 10000,
	"NumberOfCategories": 10,
	"NumberOfParties": 17,
	"TotalNumberOfShares": 894781,
	"TotalTime": 686.205703017,
	"ComputationTime": 8.423143212,
	"ComparisonTime": 0,
	"DivisionTime": 677.782560229,
	"Latency": 0
}