{
	"TestType": "CHI2",
	"UseShares": true,
	"PValue": 12.160000044852495,
	"DatasetSize": 1000,
	"NumberOfCategories": 10,
	"NumberOfParties": 5,
	"TotalNumberOfShares": 714783,
	"DealerSetupTime": 0.64785585,
	"TotalTime": 108.709435911,
	"ComputationTime": 0.473166116,
	"ComparisonTime": 0,
	"DivisionTime": 108.236270426,
	"Latency": 0.001
}