{
	"TestType": "PEARSON",
	"UseShares": true,
	"PValue": 0.7577722283113838,
	"DatasetSize": 5000,
	"NumberOfCategories": 0,
	"NumberOfParties": 8,
	"TotalNumberOfShares": 123276,
	"TotalTime": 12.506595173000001,
	"ComputationTime": 4.002894228,
	"ComparisonTime": 3.8461896920000003,
	"DivisionTime": 4.657512133,
	"Latency": 0
}