{
	"TestType": "PEARSON",
	"UseShares": true,
	"PValue": -3.038984202147667e+52,
	"DatasetSize": 5000,
	"NumberOfCategories": 0,
	"NumberOfParties": 35,
	"TotalNumberOfShares": 198277,
	"TotalTime": 596.906200473,
	"ComputationTime": 106.592435158,
	"ComparisonTime": 245.567972462,
	"DivisionTime": 244.745793355,
	"Latency": 0
}