{
	"TestType": "CHI2",
	"UseShares": true,
	"PValue": 2.9430000111460686,
	"DatasetSize": 10000,
	"NumberOfCategories": 5,
	"NumberOfParties": 3,
	"TotalNumberOfShares": 447506,
	"DealerSetupTime": 1.795038666,
	"TotalTime": 24.409519762,
	"ComputationTime": 0.909878524,
	"ComparisonTime": 0,
	"DivisionTime": 23.499642176,
	"Latency": 0.001
}