{
	"TestType": "CHI2",
	"UseShares": true,
	"PValue": 10.808000040240586,
	"DatasetSize": 5000,
	"NumberOfCategories": 10,
	"NumberOfParties": 3,
	"TotalNumberOfShares": 794783,
	"DealerSetupTime": 1.5271061609999999,
	"TotalTime": 40.990211701,
	"ComputationTime": 0.87377102,
	"ComparisonTime": 0,
	"DivisionTime": 40.116441537,
	"Latency": 0.001
}