{
	"TestType": "CHI2",
	"UseShares": true,
	"PValue": 3.9362699046719227e+64,
	"DatasetSize": 1000,
	"NumberOfCategories": 10,
	"NumberOfParties": 17,
	"TotalNumberOfShares": 714785,
	"TotalTime": 774.023015857,
	"ComputationTime": 1.2948821750000001,
	"ComparisonTime": 0,
	"DivisionTime": 772.728134488,
	"Latency": 0
}