{
	"TestType": "CHI2",
	"UseShares": true,
	"PValue": 2.1076271182938924e+64,
	"DatasetSize": 5000,
	"NumberOfCategories": 10,
	"NumberOfParties": 17,
	"TotalNumberOfShares": 794786,
	"TotalTime": 1070.522566348,
	"ComputationTime": 5.320772594,
	"ComparisonTime": 0,
	"DivisionTime": 1065.201794168,
	"Latency": 0
}