{
	"TestType": "PEARSON",
	"UseShares": true,
	"PValue": -5.04817229506926e+51,
	"DatasetSize": 1000,
	"NumberOfCategories": 0,
	"NumberOfParties": 8,
	"TotalNumberOfShares": 150271,
	"TotalTime": 26.103500438,
	"ComputationTime": 1.208032543,
	"ComparisonTime": 12.084828357,
	"DivisionTime": 12.810640403,
	"Latency": 0
}