{
	"TestType": "PEARSON",
	"UseShares": true,
	"PValue": -0.0031259296941654976,
	"DatasetSize": 1000,
	"NumberOfCategories": 0,
	"NumberOfParties": 8,
	"TotalNumberOfShares": 150249,
	"TotalTime": 26.133638568,
	"ComputationTime": 1.2779338949999999,
	"ComparisonTime": 11.677008074,
	"DivisionTime": 13.178697278,
	"Latency": 0
}