{
	"TestType": "PEARSON",
	"UseShares": true,
	"PValue": -6.88381040592719e+51,
	"DatasetSize": 10000,
	"NumberOfCategories": 0,
	"NumberOfParties": 4,
	"TotalNumberOfShares": 258263,
	"TotalTime": 9.784398295999999,
	"ComputationTime": 3.3612282159999998,
	"ComparisonTime": 2.74592043,
	"DivisionTime": 3.677250292,
	"Latency": 0
}