{
	"TestType": "CHI2",
	"UseShares": true,
	"PValue": 7.740403286865336e+64,
	"DatasetSize": 10000,
	"NumberOfCategories": 5,
	"NumberOfParties": 35,
	"TotalNumberOfShares": 447505,
	"TotalTime": 1374.480584701,
	"ComputationTime": 6.943939129,
	"ComparisonTime": 0,
	"DivisionTime": 1367.536646021,
	"Latency": 0
}