{
	"TestType": "CHI2",
	"UseShares": true,
	"PValue": 1.0461277089399546e+64,
	"DatasetSize": 5000,
	"NumberOfCategories": 20,
	"NumberOfParties": 9,
	"TotalNumberOfShares": 1589348,
	"TotalTime": 373.963572477,
	"ComputationTime": 3.667612293,
	"ComparisonTime": 0,
	"DivisionTime": 370.295960931,
	"Latency": 0
}