{
	"TestType": "PEARSON",
	"UseShares": true,
	"PValue": -0.0031257807233219326,
	"DatasetSize": 1000,
	"NumberOfCategories": 0,
	"NumberOfParties": 4,
	"TotalNumberOfShares": 150249,
	"TotalTime": 6.355288391,
	"ComputationTime": 0.336351076,
	"ComparisonTime": 2.603754294,
	"DivisionTime": 3.415183898,
	"Latency": 0
}