{
	"TestType": "PEARSON",
	"UseShares": true,
	"PValue": -0.011239545719848617,
	"DatasetSize": 10000,
	"NumberOfCategories": 0,
	"NumberOfParties": 16,
	"TotalNumberOfShares": 258251,
	"TotalTime": 127.294402552,
	"ComputationTime": 36.124916079,
	"ComparisonTime": 43.950591548,
	"DivisionTime": 47.218896005,
	"Latency": 0
}