{
	"TestType": "CHI2",
	"UseShares": true,
	"PValue": 2.4240000089630485,
	"DatasetSize": 5000,
	"NumberOfCategories": 5,
	"NumberOfParties": 9,
	"TotalNumberOfShares": 397504,
	"DealerSetupTime": 3.212539072,
	"TotalTime": 147.705561876,
	"ComputationTime": 1.423577912,
	"ComparisonTime": 0,
	"DivisionTime": 146.281984886,
	"Latency": 0.001
}