{
	"TestType": "TTEST",
	"UseShares": true,
	"PValue": 0.029092793135472916,
	"DatasetSize": 5000,
	"NumberOfCategories": 0,
	"NumberOfParties": 3,
	"TotalNumberOfShares": 121020,
	"DealerSetupTime": 0.455547634,
	"TotalTime": 17.197657961,
	"ComputationTime": 3.317097136,
	"ComparisonTime": 0,
	"DivisionTime": 13.880572983,
	"Latency": 0.001
}