{
	"TestType": "PEARSON",
	"UseShares": true,
	"PValue": 3.5621603613076756e+52,
	"DatasetSize": 5000,
	"NumberOfCategories": 0,
	"NumberOfParties": 4,
	"TotalNumberOfShares": 198263,
	"TotalTime": 7.886067247,
	"ComputationTime": 1.6428092539999999,
	"ComparisonTime": 2.824524254,
	"DivisionTime": 3.418734549,
	"Latency": 0
}