{
	"TestType": "CHI2",
	"UseShares": true,
	"PValue": 4.560155532893091e+63,
	"DatasetSize": 1000,
	"NumberOfCategories": 20,
	"NumberOfParties": 9,
	"TotalNumberOfShares": 1429335,
	"TotalTime": 325.746748848,
	"ComputationTime": 0.979667342,
	"ComparisonTime": 0,
	"DivisionTime": 324.767082113,
	"Latency": 0
}