{
	"TestType": "PEARSON",
	"UseShares": true,
	"PValue": -0.0031259296941654976,
	"DatasetSize": 1000,
	"NumberOfCategories": 0,
	"NumberOfParties": 16,
	"TotalNumberOfShares": 150249,
	"TotalTime": 91.456632426,
	"ComputationTime": 4.152849236,
	"ComparisonTime": 42.184434024,
	"DivisionTime": 45.119349944,
	"Latency": 0
}