{
	"TestType": "CHI2",
	"UseShares": true,
	"PValue": 2.641221887800435e+64,
	"DatasetSize": 5000,
	"NumberOfCategories": 5,
	"NumberOfParties": 35,
	"TotalNumberOfShares": 397502,
	"TotalTime": 1282.164742835,
	"ComputationTime": 4.106259001,
	"ComparisonTime": 0,
	"DivisionTime": 1278.058484372,
	"Latency": 0
}