{
	"TestType": "CHI2",
	"UseShares": true,
	"PValue": 7.800000029616058,
	"DatasetSize": 1000,
	"NumberOfCategories": 5,
	"NumberOfParties": 3,
	"TotalNumberOfShares": 357503,
	"DealerSetupTime": 0.185172545,
	"TotalTime": 29.560925023,
	"ComputationTime": 0.285406573,
	"ComparisonTime": 0,
	"DivisionTime": 29.275519306,
	"Latency": 0.001
}