{
	"TestType": "CHI2",
	"UseShares": true,
	"PValue": 2.4240000089630485,
	"DatasetSize": 5000,
	"NumberOfCategories": 5,
	"NumberOfParties": 3,
	"TotalNumberOfShares": 397507,
	"DealerSetupTime": 0.855228359,
	"TotalTime": 24.246364024,
	"ComputationTime": 0.475829387,
	"ComparisonTime": 0,
	"DivisionTime": 23.770535484,
	"Latency": 0.001
}