{
	"TestType": "PEARSON",
	"UseShares": true,
	"PValue": 4.857225226932724e+51,
	"DatasetSize": 10000,
	"NumberOfCategories": 0,
	"NumberOfParties": 5,
	"TotalNumberOfShares": 258264,
	"TotalTime": 18.221419632,
	"ComputationTime": 5.4518706980000005,
	"ComparisonTime": 6.044432778,
	"DivisionTime": 6.725116691,
	"Latency": 0
}