{
	"TestType": "PEARSON",
	"UseShares": true,
	"PValue": -2.1983159596506573e+52,
	"DatasetSize": 5000,
	"NumberOfCategories": 0,
	"NumberOfParties": 4,
	"TotalNumberOfShares": 198265,
	"TotalTime": 7.803046171,
	"ComputationTime": 1.52835717,
	"ComparisonTime": 2.816500664,
	"DivisionTime": 3.458189033,
	"Latency": 0
}