{
	"TestType": "PEARSON",
	"UseShares": true,
	"PValue": -2.4625512979405174e+52,
	"DatasetSize": 1000,
	"NumberOfCategories": 0,
	"NumberOfParties": 4,
	"TotalNumberOfShares": 150263,
	"TotalTime": 6.471602355,
	"ComputationTime": 0.365372174,
	"ComparisonTime": 2.678769518,
	"DivisionTime": 3.427461503,
	"Latency": 0
}