{
	"TestType": "TTEST",
	"UseShares": true,
	"PValue": 0.34220194519375713,
	"DatasetSize": 10000,
	"NumberOfCategories": 0,
	"NumberOfParties": 17,
	"TotalNumberOfShares": 171019,
	"DealerSetupTime": 3.25163741,
	"TotalTime": 168.430216842,
	"ComputationTime": 53.351192627,
	"ComparisonTime": 0,
	"DivisionTime": 115.079031572,
	"Latency": 0.001
}