{
	"TestType": "TTEST",
	"UseShares": true,
	"PValue": 0.19469008214028097,
	"DatasetSize": 1000,
	"NumberOfCategories": 0,
	"NumberOfParties": 3,
	"TotalNumberOfShares": 81016,
	"DealerSetupTime": 0.084078567,
	"TotalTime": 16.825349328,
	"ComputationTime": 2.473044471,
	"ComparisonTime": 0,
	"DivisionTime": 14.352323375,
	"Latency": 0.001
}