{
	"TestType": "CHI2",
	"UseShares": true,
	"PValue": 3.918109509070465e+64,
	"DatasetSize": 1000,
	"NumberOfCategories": 10,
	"NumberOfParties": 17,
	"TotalNumberOfShares": 714781,
	"TotalTime": 928.489656158,
	"ComputationTime": 2.6132088749999998,
	"ComparisonTime": 0,
	"DivisionTime": 925.876447824,
	"Latency": 0
}