{
	"TestType": "CHI2",
	"UseShares": true,
	"PValue": 5.71486509875245e+64,
	"DatasetSize": 10000,
	"NumberOfCategories": 10,
	"NumberOfParties": 35,
	"TotalNumberOfShares": 894785,
	"TotalTime": 2932.194850625,
	"ComputationTime": 21.707265653,
	"ComparisonTime": 0,
	"DivisionTime": 2910.487585672,
	"Latency": 0
}