{
	"TestType": "CHI2",
	"UseShares": true,
	"PValue": 25.152000093832612,
	"DatasetSize": 10000,
	"NumberOfCategories": 20,
	"NumberOfParties": 16,
	"TotalNumberOfShares": 1789349,
	"TotalTime": 1569.645926953,
	"ComputationTime": 25.669800565,
	"ComparisonTime": 0,
	"DivisionTime": 1543.97612715,
	"Latency": 0
}