{
	"TestType": "CHI2",
	"UseShares": true,
	"PValue": 15.952000059187412,
	"DatasetSize": 5000,
	"NumberOfCategories": 20,
	"NumberOfParties": 16,
	"TotalNumberOfShares": 1589348,
	"TotalTime": 1224.385463184,
	"ComputationTime": 15.160897025,
	"ComparisonTime": 0,
	"DivisionTime": 1209.224566807,
	"Latency": 0
}