{
	"TestType": "CHI2",
	"UseShares": true,
	"PValue": 20.280000074766576,
	"DatasetSize": 1000,
	"NumberOfCategories": 20,
	"NumberOfParties": 3,
	"TotalNumberOfShares": 1429355,
	"DealerSetupTime": 0.761752422,
	"TotalTime": 90.818751093,
	"ComputationTime": 0.587073598,
	"ComparisonTime": 0,
	"DivisionTime": 90.231678141,
	"Latency": 0.001
}