{
	"TestType": "PEARSON",
	"UseShares": true,
	"PValue": -0.011239545719848617,
	"DatasetSize": 10000,
	"NumberOfCategories": 0,
	"NumberOfParties": 17,
	"TotalNumberOfShares": 264134,
	"DealerSetupTime": 3.114516965,
	"TotalTime": 314.31315707,
	"ComputationTime": 89.021590948,
	"ComparisonTime": 97.879994011,
	"DivisionTime": 127.411573126,
	"Latency": 0.001
}