{
	"TestType": "PEARSON",
	"UseShares": true,
	"PValue": -0.011239587150386884,
	"DatasetSize": 10000,
	"NumberOfCategories": 0,
	"NumberOfParties": 4,
	"TotalNumberOfShares": 258251,
	"TotalTime": 9.323934116,
	"ComputationTime": 2.936369169,
	"ComparisonTime": 3.012135401,
	"DivisionTime": 3.375430479,
	"Latency": 0
}