{
	"TestType": "PEARSON",
	"UseShares": true,
	"PValue": 0.019742726794516528,
	"DatasetSize": 5000,
	"NumberOfCategories": 0,
	"NumberOfParties": 4,
	"TotalNumberOfShares": 198250,
	"TotalTime": 7.536555543,
	"ComputationTime": 1.42247085,
	"ComparisonTime": 2.847266778,
	"DivisionTime": 3.266818697,
	"Latency": 0
}