{
	"TestType": "TTEST",
	"UseShares": true,
	"PValue": 0.02876652578145429,
	"DatasetSize": 5000,
	"NumberOfCategories": 0,
	"NumberOfParties": 3,
	"TotalNumberOfShares": 122000,
	"DealerSetupTime": 0.430086413,
	"TotalTime": 24.904615738,
	"ComputationTime": 6.154406587,
	"ComparisonTime": 0,
	"DivisionTime": 18.750218531,
	"Latency": 0.001
}