{
	"TestType": "PEARSON",
	"UseShares": false,
	"PValue": 4.392671160261174e+135,
	"DatasetSize": 10000,
	"NumberOfCategories": 0,
	"NumberOfParties": 16,
	"TotalNumberOfShares": 126435,
	"TotalNumberOfPaillierMults": 36000,
	"TotalNumberOfShareMults": 49164,
	"TotalTime": 1002.321574905,
	"ComputationTime": 778.984535518,
	"ComparisonTime": 128.932896604,
	"DivisionTime": 94.404143825,
	"Latency": 0
}