{
	"TestType": "PEARSON",
	"UseShares": false,
	"PValue": 4.4131064487817146e+135,
	"DatasetSize": 5000,
	"NumberOfCategories": 0,
	"NumberOfParties": 16,
	"TotalNumberOfShares": 126433,
	"TotalNumberOfPaillierMults": 21000,
	"TotalNumberOfShareMults": 49164,
	"TotalTime": 707.713549409,
	"ComputationTime": 483.241143876,
	"ComparisonTime": 130.270354839,
	"DivisionTime": 94.202051714,
	"Latency": 0
}