{
	"TestType": "PEARSON",
	"UseShares": true,
	"PValue": 2.0624993280155138e+52,
	"DatasetSize": 1000,
	"NumberOfCategories": 0,
	"NumberOfParties": 3,
	"TotalNumberOfShares": 150257,
	"TotalTime": 7.02470347,
	"ComputationTime": 0.460454634,
	"ComparisonTime": 3.244730181,
	"DivisionTime": 3.319519381,
	"Latency": 0
}