{
	"TestType": "CHI2",
	"UseShares": true,
	"PValue": 2.935577245956377e+64,
	"DatasetSize": 5000,
	"NumberOfCategories": 5,
	"NumberOfParties": 35,
	"TotalNumberOfShares": 397508,
	"TotalTime": 1176.113771225,
	"ComputationTime": 4.879552567,
	"ComparisonTime": 0,
	"DivisionTime": 1171.234219091,
	"Latency": 0
}