{
	"TestType": "CHI2",
	"UseShares": true,
	"PValue": 5.566877943307228e+64,
	"DatasetSize": 1000,
	"NumberOfCategories": 20,
	"NumberOfParties": 35,
	"TotalNumberOfShares": 1429350,
	"TotalTime": 4853.254520472,
	"ComputationTime": 9.392901951,
	"ComparisonTime": 0,
	"DivisionTime": 4843.861619075,
	"Latency": 0
}