{
	"TestType": "CHI2",
	"UseShares": true,
	"PValue": 25.152000093832612,
	"DatasetSize": 10000,
	"NumberOfCategories": 20,
	"NumberOfParties": 4,
	"TotalNumberOfShares": 1789345,
	"TotalTime": 116.622659172,
	"ComputationTime": 4.712605304,
	"ComparisonTime": 0,
	"DivisionTime": 111.910054671,
	"Latency": 0
}