{
	"TestType": "CHI2",
	"UseShares": true,
	"PValue": 2.2888206243141948e+63,
	"DatasetSize": 5000,
	"NumberOfCategories": 20,
	"NumberOfParties": 9,
	"TotalNumberOfShares": 1589346,
	"TotalTime": 343.330307541,
	"ComputationTime": 4.166907845,
	"ComparisonTime": 0,
	"DivisionTime": 339.163400276,
	"Latency": 0
}