{
	"TestType": "TTEST",
	"UseShares": true,
	"PValue": 0.19469008214028097,
	"DatasetSize": 1000,
	"NumberOfCategories": 0,
	"NumberOfParties": 3,
	"TotalNumberOfShares": 81020,
	"DealerSetupTime": 0.087475887,
	"TotalTime": 15.356591903,
	"ComputationTime": 2.204890586,
	"ComparisonTime": 0,
	"DivisionTime": 13.151709517,
	"Latency": 0.001
}