{
	"TestType": "CHI2",
	"UseShares": true,
	"PValue": 15.952000059187412,
	"DatasetSize": 5000,
	"NumberOfCategories": 20,
	"NumberOfParties": 17,
	"TotalNumberOfShares": 1589345,
	"DealerSetupTime": 19.550544622,
	"TotalTime": 2571.830732923,
	"ComputationTime": 10.582820609,
	"ComparisonTime": 0,
	"DivisionTime": 2561.247912898,
	"Latency": 0.001
}