{
	"TestType": "CHI2",
	"UseShares": true,
	"PValue": 6.000000022351742,
	"DatasetSize": 10000,
	"NumberOfCategories": 10,
	"NumberOfParties": 9,
	"TotalNumberOfShares": 894783,
	"DealerSetupTime": 10.567682979,
	"TotalTime": 279.297927013,
	"ComputationTime": 4.415842514,
	"ComparisonTime": 0,
	"DivisionTime": 274.882085133,
	"Latency": 0.001
}