{
	"TestType": "PEARSON",
	"UseShares": true,
	"PValue": 0.019742726794516528,
	"DatasetSize": 5000,
	"NumberOfCategories": 0,
	"NumberOfParties": 8,
	"TotalNumberOfShares": 198248,
	"TotalTime": 41.76698566,
	"ComputationTime": 6.441434407,
	"ComparisonTime": 21.387657019,
	"DivisionTime": 13.937895194,
	"Latency": 0
}