{
	"TestType": "PEARSON",
	"UseShares": true,
	"PValue": 0.019742726794516528,
	"DatasetSize": 5000,
	"NumberOfCategories": 0,
	"NumberOfParties": 4,
	"TotalNumberOfShares": 198251,
	"TotalTime": 7.215921542,
	"ComputationTime": 1.3785756550000001,
	"ComparisonTime": 2.76107796,
	"DivisionTime": 3.076268754,
	"Latency": 0
}