{
	"TestType": "PEARSON",
	"UseShares": true,
	"PValue": 0.7577722283113838,
	"DatasetSize": 5000,
	"NumberOfCategories": 0,
	"NumberOfParties": 4,
	"TotalNumberOfShares": 123276,
	"TotalTime": 3.201864826,
	"ComputationTime": 1.075503541,
	"ComparisonTime": 0.889390124,
	"DivisionTime": 1.236972114,
	"Latency": 0
}