{
	"TestType": "CHI2",
	"UseShares": true,
	"PValue": 1.404636754035004e+64,
	"DatasetSize": 5000,
	"NumberOfCategories": 10,
	"NumberOfParties": 17,
	"TotalNumberOfShares": 794781,
	"TotalTime": 928.428205206,
	"ComputationTime": 4.1707586150000004,
	"ComparisonTime": 0,
	"DivisionTime": 924.257447102,
	"Latency": 0
}