{
	"TestType": "PEARSON",
	"UseShares": true,
	"PValue": -0.0031259296941654976,
	"DatasetSize": 1000,
	"NumberOfCategories": 0,
	"NumberOfParties": 8,
	"TotalNumberOfShares": 150245,
	"TotalTime": 27.257577262,
	"ComputationTime": 1.271609103,
	"ComparisonTime": 12.292529731,
	"DivisionTime": 13.693439291,
	"Latency": 0
}