{
	"TestType": "PEARSON",
	"UseShares": true,
	"PValue": -1.6939368959216999e+52,
	"DatasetSize": 5000,
	"NumberOfCategories": 0,
	"NumberOfParties": 3,
	"TotalNumberOfShares": 198257,
	"TotalTime": 9.030937873,
	"ComputationTime": 1.6349946499999999,
	"ComparisonTime": 3.635763186,
	"DivisionTime": 3.760180681,
	"Latency": 0
}