{
	"TestType": "CHI2",
	"UseShares": true,
	"PValue": 6.000000022351742,
	"DatasetSize": 10000,
	"NumberOfCategories": 10,
	"NumberOfParties": 4,
	"TotalNumberOfShares": 894779,
	"TotalTime": 70.057530447,
	"ComputationTime": 2.9096176160000002,
	"ComparisonTime": 0,
	"DivisionTime": 67.147913757,
	"Latency": 0
}