{
	"TestType": "CHI2",
	"UseShares": true,
	"PValue": 6.000000022351742,
	"DatasetSize": 10000,
	"NumberOfCategories": 10,
	"NumberOfParties": 3,
	"TotalNumberOfShares": 894785,
	"DealerSetupTime": 3.228061275,
	"TotalTime": 42.356267175,
	"ComputationTime": 1.714263017,
	"ComparisonTime": 0,
	"DivisionTime": 40.64200483,
	"Latency": 0.001
}