{
	"TestType": "CHI2",
	"UseShares": true,
	"PValue": 20.2800000756979,
	"DatasetSize": 1000,
	"NumberOfCategories": 20,
	"NumberOfParties": 17,
	"TotalNumberOfShares": 1429339,
	"DealerSetupTime": 3.141717173,
	"TotalTime": 2489.053778814,
	"ComputationTime": 3.634663863,
	"ComparisonTime": 0,
	"DivisionTime": 2485.419115744,
	"Latency": 0.001
}