{
	"TestType": "CHI2",
	"UseShares": true,
	"PValue": 15.952000059187412,
	"DatasetSize": 5000,
	"NumberOfCategories": 20,
	"NumberOfParties": 16,
	"TotalNumberOfShares": 1589345,
	"TotalTime": 960.808814908,
	"ComputationTime": 8.723633511,
	"ComparisonTime": 0,
	"DivisionTime": 952.085182549,
	"Latency": 0
}