{
	"TestType": "CHI2",
	"UseShares": true,
	"PValue": 8.536423630396848e+63,
	"DatasetSize": 1000,
	"NumberOfCategories": 10,
	"NumberOfParties": 17,
	"TotalNumberOfShares": 714782,
	"TotalTime": 892.004424888,
	"ComputationTime": 1.369207065,
	"ComparisonTime": 0,
	"DivisionTime": 890.635218487,
	"Latency": 0
}