{
	"TestType": "CHI2",
	"UseShares": true,
	"PValue": 2.4263811761358346e+64,
	"DatasetSize": 1000,
	"NumberOfCategories": 20,
	"NumberOfParties": 17,
	"TotalNumberOfShares": 1429345,
	"TotalTime": 1824.797237231,
	"ComputationTime": 2.9561920710000003,
	"ComparisonTime": 0,
	"DivisionTime": 1821.841045618,
	"Latency": 0
}