{
	"TestType": "PEARSON",
	"UseShares": true,
	"PValue": 1.9246890576326175e+52,
	"DatasetSize": 5000,
	"NumberOfCategories": 0,
	"NumberOfParties": 9,
	"TotalNumberOfShares": 198272,
	"TotalTime": 38.314234268,
	"ComputationTime": 6.531569954,
	"ComparisonTime": 14.58464185,
	"DivisionTime": 17.198023097,
	"Latency": 0
}