{
	"TestType": "CHI2",
	"UseShares": true,
	"PValue": 12.160069465637207,
	"DatasetSize": 1000,
	"NumberOfCategories": 10,
	"NumberOfParties": 16,
	"TotalNumberOfShares": 533996,
	"TotalNumberOfPaillierMults": 0,
	"TotalNumberOfShareMults": 199909,
	"TotalTime": 1016.995154835,
	"ComputationTime": 1.8068595250000001,
	"DivisionTime": 1015.188296106,
	"Latency": 0
}