{
	"TestType": "CHI2",
	"UseShares": true,
	"PValue": 1.4433883335680394e+64,
	"DatasetSize": 1000,
	"NumberOfCategories": 10,
	"NumberOfParties": 9,
	"TotalNumberOfShares": 714783,
	"TotalTime": 162.335036775,
	"ComputationTime": 0.518805877,
	"ComparisonTime": 0,
	"DivisionTime": 161.816231645,
	"Latency": 0
}