{
	"TestType": "CHI2",
	"UseShares": true,
	"PValue": 4.910813789786677e+63,
	"DatasetSize": 10000,
	"NumberOfCategories": 20,
	"NumberOfParties": 9,
	"TotalNumberOfShares": 1789349,
	"TotalTime": 337.06934231,
	"ComputationTime": 7.568908726,
	"ComparisonTime": 0,
	"DivisionTime": 329.500434195,
	"Latency": 0
}