{
	"TestType": "TTEST",
	"UseShares": true,
	"PValue": 0.029092793135472916,
	"DatasetSize": 5000,
	"NumberOfCategories": 0,
	"NumberOfParties": 5,
	"TotalNumberOfShares": 121020,
	"DealerSetupTime": 0.556493313,
	"TotalTime": 25.906349449,
	"ComputationTime": 4.358651033,
	"ComparisonTime": 0,
	"DivisionTime": 21.54770758,
	"Latency": 0.001
}