{
	"TestType": "CHI2",
	"UseShares": true,
	"PValue": 2.4240000089630485,
	"DatasetSize": 5000,
	"NumberOfCategories": 5,
	"NumberOfParties": 3,
	"TotalNumberOfShares": 397502,
	"DealerSetupTime": 1.245111077,
	"TotalTime": 36.300698249,
	"ComputationTime": 0.65300777,
	"ComparisonTime": 0,
	"DivisionTime": 35.647691298,
	"Latency": 0.001
}