{
	"TestType": "PEARSON",
	"UseShares": true,
	"PValue": -0.0031257807233219326,
	"DatasetSize": 1000,
	"NumberOfCategories": 0,
	"NumberOfParties": 4,
	"TotalNumberOfShares": 150244,
	"TotalTime": 6.304361649,
	"ComputationTime": 0.436263018,
	"ComparisonTime": 2.618974047,
	"DivisionTime": 3.249125383,
	"Latency": 0
}