{
	"TestType": "CHI2",
	"UseShares": true,
	"PValue": 15.952000059187412,
	"DatasetSize": 5000,
	"NumberOfCategories": 20,
	"NumberOfParties": 8,
	"TotalNumberOfShares": 1589343,
	"TotalTime": 394.802973139,
	"ComputationTime": 3.2716352349999998,
	"ComparisonTime": 0,
	"DivisionTime": 391.531338555,
	"Latency": 0
}