{
	"TestType": "CHI2",
	"UseShares": true,
	"PValue": 6.000000022351742,
	"DatasetSize": 10000,
	"NumberOfCategories": 10,
	"NumberOfParties": 5,
	"TotalNumberOfShares": 894782,
	"DealerSetupTime": 9.203159404,
	"TotalTime": 156.205913998,
	"ComputationTime": 4.17234615,
	"ComparisonTime": 0,
	"DivisionTime": 152.033568435,
	"Latency": 0.001
}