{
	"TestType": "PEARSON",
	"UseShares": true,
	"PValue": 0.019742726794516528,
	"DatasetSize": 5000,
	"NumberOfCategories": 0,
	"NumberOfParties": 16,
	"TotalNumberOfShares": 198251,
	"TotalTime": 112.947630601,
	"ComputationTime": 18.932307445,
	"ComparisonTime": 44.407606249,
	"DivisionTime": 49.607718009,
	"Latency": 0
}