{
	"TestType": "CHI2",
	"UseShares": true,
	"PValue": 3.2599555591748663e+64,
	"DatasetSize": 5000,
	"NumberOfCategories": 5,
	"NumberOfParties": 17,
	"TotalNumberOfShares": 397503,
	"TotalTime": 510.886857022,
	"ComputationTime": 3.091536302,
	"ComparisonTime": 0,
	"DivisionTime": 507.795321333,
	"Latency": 0
}