{
	"TestType": "PEARSON",
	"UseShares": true,
	"PValue": -0.011239545719848617,
	"DatasetSize": 10000,
	"NumberOfCategories": 0,
	"NumberOfParties": 5,
	"TotalNumberOfShares": 264119,
	"DealerSetupTime": 1.141022456,
	"TotalTime": 39.71845064,
	"ComputationTime": 8.204484298,
	"ComparisonTime": 10.837718872,
	"DivisionTime": 20.676248508,
	"Latency": 0.001
}