{
	"TestType": "TTEST",
	"UseShares": true,
	"PValue": 0.34220194519375713,
	"DatasetSize": 10000,
	"NumberOfCategories": 0,
	"NumberOfParties": 9,
	"TotalNumberOfShares": 171020,
	"DealerSetupTime": 2.002831446,
	"TotalTime": 62.392768192,
	"ComputationTime": 18.304815623,
	"ComparisonTime": 0,
	"DivisionTime": 44.087962891,
	"Latency": 0.001
}