{
	"TestType": "PEARSON",
	"UseShares": true,
	"PValue": -1.7899919012384266e+51,
	"DatasetSize": 10000,
	"NumberOfCategories": 0,
	"NumberOfParties": 5,
	"TotalNumberOfShares": 258262,
	"TotalTime": 17.66827585,
	"ComputationTime": 5.454330467,
	"ComparisonTime": 5.872437935,
	"DivisionTime": 6.3415079819999995,
	"Latency": 0
}