{
	"TestType": "PEARSON",
	"UseShares": true,
	"PValue": 1.7225408243086246e+52,
	"DatasetSize": 10000,
	"NumberOfCategories": 0,
	"NumberOfParties": 35,
	"TotalNumberOfShares": 258284,
	"TotalTime": 663.088659911,
	"ComputationTime": 199.497407887,
	"ComparisonTime": 231.957433175,
	"DivisionTime": 231.633819373,
	"Latency": 0
}