{
	"TestType": "CHI2",
	"UseShares": true,
	"PValue": 20.280000074766576,
	"DatasetSize": 1000,
	"NumberOfCategories": 20,
	"NumberOfParties": 16,
	"TotalNumberOfShares": 1429343,
	"TotalTime": 913.228857756,
	"ComputationTime": 2.482667778,
	"ComparisonTime": 0,
	"DivisionTime": 910.746190629,
	"Latency": 0
}