{
	"TestType": "CHI2",
	"UseShares": true,
	"PValue": 8.757197078093205e+63,
	"DatasetSize": 1000,
	"NumberOfCategories": 20,
	"NumberOfParties": 9,
	"TotalNumberOfShares": 1429346,
	"TotalTime": 332.137247285,
	"ComputationTime": 1.031470107,
	"ComparisonTime": 0,
	"DivisionTime": 331.105777603,
	"Latency": 0
}