{
	"TestType": "CHI2",
	"UseShares": true,
	"PValue": 2.4240000089630485,
	"DatasetSize": 5000,
	"NumberOfCategories": 5,
	"NumberOfParties": 5,
	"TotalNumberOfShares": 397509,
	"DealerSetupTime": 2.278535278,
	"TotalTime": 62.504594622,
	"ComputationTime": 1.1654369039999999,
	"ComparisonTime": 0,
	"DivisionTime": 61.339158376,
	"Latency": 0.001
}