{
	"TestType": "CHI2",
	"UseShares": true,
	"PValue": 12.160000045783818,
	"DatasetSize": 1000,
	"NumberOfCategories": 10,
	"NumberOfParties": 5,
	"TotalNumberOfShares": 714791,
	"DealerSetupTime": 0.826471663,
	"TotalTime": 90.501710391,
	"ComputationTime": 0.76958158,
	"ComparisonTime": 0,
	"DivisionTime": 89.732129597,
	"Latency": 0.001
}