{
	"TestType": "CHI2",
	"UseShares": true,
	"PValue": 10.927734375,
	"DatasetSize": 5000,
	"NumberOfCategories": 10,
	"NumberOfParties": 16,
	"TotalNumberOfShares": 419049,
	"TotalTime": 168.102381893,
	"ComputationTime": 3.9551832940000002,
	"ComparisonTime": 0,
	"DivisionTime": 164.147199312,
	"Latency": 0
}