{
	"TestType": "CHI2",
	"UseShares": true,
	"PValue": 15.952000059187412,
	"DatasetSize": 5000,
	"NumberOfCategories": 20,
	"NumberOfParties": 5,
	"TotalNumberOfShares": 1589347,
	"DealerSetupTime": 6.374777853,
	"TotalTime": 212.340062955,
	"ComputationTime": 2.951134421,
	"ComparisonTime": 0,
	"DivisionTime": 209.388929053,
	"Latency": 0.001
}