{
	"TestType": "PEARSON",
	"UseShares": true,
	"PValue": -0.011239587150386884,
	"DatasetSize": 10000,
	"NumberOfCategories": 0,
	"NumberOfParties": 16,
	"TotalNumberOfShares": 258250,
	"TotalTime": 132.984763623,
	"ComputationTime": 37.08607957,
	"ComparisonTime": 45.884612654,
	"DivisionTime": 50.014072337,
	"Latency": 0
}