{
	"TestType": "PEARSON",
	"UseShares": true,
	"PValue": -8.212882266728724e+50,
	"DatasetSize": 1000,
	"NumberOfCategories": 0,
	"NumberOfParties": 35,
	"TotalNumberOfShares": 150284,
	"TotalTime": 472.325972236,
	"ComputationTime": 20.07348189,
	"ComparisonTime": 224.191321652,
	"DivisionTime": 228.061169345,
	"Latency": 0
}