{
	"TestType": "PEARSON",
	"UseShares": true,
	"PValue": 6.812972872549668e+52,
	"DatasetSize": 10000,
	"NumberOfCategories": 0,
	"NumberOfParties": 17,
	"TotalNumberOfShares": 258279,
	"TotalTime": 166.614232481,
	"ComputationTime": 48.908326118,
	"ComparisonTime": 59.441131786,
	"DivisionTime": 58.264775169,
	"Latency": 0
}