{
	"TestType": "CHI2",
	"UseShares": true,
	"PValue": 1.6823151452875484e+64,
	"DatasetSize": 10000,
	"NumberOfCategories": 20,
	"NumberOfParties": 9,
	"TotalNumberOfShares": 1789341,
	"TotalTime": 345.426817923,
	"ComputationTime": 8.622509463,
	"ComparisonTime": 0,
	"DivisionTime": 336.804308833,
	"Latency": 0
}