{
	"TestType": "CHI2",
	"UseShares": true,
	"PValue": 12.160000044852495,
	"DatasetSize": 1000,
	"NumberOfCategories": 10,
	"NumberOfParties": 9,
	"TotalNumberOfShares": 714789,
	"DealerSetupTime": 0.96543981,
	"TotalTime": 298.100560561,
	"ComputationTime": 0.870027784,
	"ComparisonTime": 0,
	"DivisionTime": 297.230533464,
	"Latency": 0.001
}