{
	"TestType": "TTEST",
	"UseShares": true,
	"PValue": 0.029092809141538646,
	"DatasetSize": 5000,
	"NumberOfCategories": 0,
	"NumberOfParties": 9,
	"TotalNumberOfShares": 121019,
	"DealerSetupTime": 1.108037383,
	"TotalTime": 53.748739222,
	"ComputationTime": 10.81647441,
	"ComparisonTime": 0,
	"DivisionTime": 42.932273682,
	"Latency": 0.001
}