{
	"TestType": "PEARSON",
	"UseShares": true,
	"PValue": 0.7577722283113838,
	"DatasetSize": 5000,
	"NumberOfCategories": 0,
	"NumberOfParties": 8,
	"TotalNumberOfShares": 123273,
	"TotalTime": 11.906076626,
	"ComputationTime": 3.6299826189999997,
	"ComparisonTime": 3.761974389,
	"DivisionTime": 4.514120438,
	"Latency": 0
}