{
	"TestType": "PEARSON",
	"UseShares": true,
	"PValue": 0.7577722283113838,
	"DatasetSize": 5000,
	"NumberOfCategories": 0,
	"NumberOfParties": 16,
	"TotalNumberOfShares": 123274,
	"TotalTime": 53.030687002,
	"ComputationTime": 16.477077806,
	"ComparisonTime": 17.655829578,
	"DivisionTime": 18.897780627,
	"Latency": 0
}