{
	"TestType": "CHI2",
	"UseShares": true,
	"PValue": 6.069118739101622e+64,
	"DatasetSize": 5000,
	"NumberOfCategories": 10,
	"NumberOfParties": 35,
	"TotalNumberOfShares": 794778,
	"TotalTime": 2384.342234939,
	"ComputationTime": 10.62720242,
	"ComparisonTime": 0,
	"DivisionTime": 2373.715033046,
	"Latency": 0
}