{
	"TestType": "CHI2",
	"UseShares": true,
	"PValue": 7.800000029616058,
	"DatasetSize": 1000,
	"NumberOfCategories": 5,
	"NumberOfParties": 5,
	"TotalNumberOfShares": 357496,
	"DealerSetupTime": 0.263145699,
	"TotalTime": 49.188036856,
	"ComputationTime": 0.364457381,
	"ComparisonTime": 0,
	"DivisionTime": 48.823580148,
	"Latency": 0.001
}