{
	"TestType": "PEARSON",
	"UseShares": true,
	"PValue": -6.318938573223055e+52,
	"DatasetSize": 5000,
	"NumberOfCategories": 0,
	"NumberOfParties": 9,
	"TotalNumberOfShares": 198270,
	"TotalTime": 40.185038703,
	"ComputationTime": 7.165089231,
	"ComparisonTime": 16.069562029,
	"DivisionTime": 16.950388063,
	"Latency": 0
}