{
	"TestType": "CHI2",
	"UseShares": true,
	"PValue": 25.152000093832612,
	"DatasetSize": 10000,
	"NumberOfCategories": 20,
	"NumberOfParties": 16,
	"TotalNumberOfShares": 1789338,
	"TotalTime": 990.985934294,
	"ComputationTime": 15.363065319,
	"ComparisonTime": 0,
	"DivisionTime": 975.622869889,
	"Latency": 0
}