{
	"TestType": "CHI2",
	"UseShares": true,
	"PValue": 3.0925660515165467e+64,
	"DatasetSize": 5000,
	"NumberOfCategories": 10,
	"NumberOfParties": 17,
	"TotalNumberOfShares": 794784,
	"TotalTime": 804.473058275,
	"ComputationTime": 4.416975376,
	"ComparisonTime": 0,
	"DivisionTime": 800.056083392,
	"Latency": 0
}