{
	"TestType": "CHI2",
	"UseShares": true,
	"PValue": 2.9430000111460686,
	"DatasetSize": 10000,
	"NumberOfCategories": 5,
	"NumberOfParties": 9,
	"TotalNumberOfShares": 447501,
	"DealerSetupTime": 8.12424314,
	"TotalTime": 217.217685731,
	"ComputationTime": 2.682730206,
	"ComparisonTime": 0,
	"DivisionTime": 214.534956327,
	"Latency": 0.001
}