{
	"TestType": "PEARSON",
	"UseShares": true,
	"PValue": -0.0031257807233219326,
	"DatasetSize": 1000,
	"NumberOfCategories": 0,
	"NumberOfParties": 16,
	"TotalNumberOfShares": 150250,
	"TotalTime": 94.828490693,
	"ComputationTime": 4.298285782,
	"ComparisonTime": 43.480965168,
	"DivisionTime": 47.049240384,
	"Latency": 0
}