{
	"TestType": "CHI2",
	"UseShares": true,
	"PValue": 20.2800000756979,
	"DatasetSize": 1000,
	"NumberOfCategories": 20,
	"NumberOfParties": 3,
	"TotalNumberOfShares": 1429340,
	"DealerSetupTime": 0.617760855,
	"TotalTime": 92.239933976,
	"ComputationTime": 0.463673235,
	"ComparisonTime": 0,
	"DivisionTime": 91.776261339,
	"Latency": 0.001
}