{
	"TestType": "CHI2",
	"UseShares": true,
	"PValue": 2.4240000089630485,
	"DatasetSize": 5000,
	"NumberOfCategories": 5,
	"NumberOfParties": 16,
	"TotalNumberOfShares": 397499,
	"TotalTime": 226.876341127,
	"ComputationTime": 1.8155862090000001,
	"ComparisonTime": 0,
	"DivisionTime": 225.060755943,
	"Latency": 0
}