{
	"TestType": "PEARSON",
	"UseShares": false,
	"PValue": 0.011005300458578754,
	"DatasetSize": 10000,
	"NumberOfCategories": 0,
	"NumberOfParties": 16,
	"TotalNumberOfShares": 126434,
	"TotalNumberOfPaillierMults": 35999,
	"TotalNumberOfShareMults": 49167,
	"TotalTime": 1026.12313153,
	"ComputationTime": 785.90767112,
	"ComparisonTime": 137.008619537,
	"DivisionTime": 103.20684171,
	"Latency": 0
}