{
	"TestType": "PEARSON",
	"UseShares": false,
	"PValue": 4.395790274682497e+135,
	"DatasetSize": 5000,
	"NumberOfCategories": 0,
	"NumberOfParties": 16,
	"TotalNumberOfShares": 126435,
	"TotalNumberOfPaillierMults": 21000,
	"TotalNumberOfShareMults": 49167,
	"TotalTime": 728.720571182,
	"ComputationTime": 487.901260661,
	"ComparisonTime": 137.695544093,
	"DivisionTime": 103.123767371,
	"Latency": 0
}