{
	"TestType": "PEARSON",
	"UseShares": true,
	"PValue": 0.7577722283113838,
	"DatasetSize": 5000,
	"NumberOfCategories": 0,
	"NumberOfParties": 8,
	"TotalNumberOfShares": 123272,
	"TotalTime": 12.207938212,
	"ComputationTime": 3.782075988,
	"ComparisonTime": 3.717454014,
	"DivisionTime": 4.708408872,
	"Latency": 0
}