{
	"TestType": "PEARSON",
	"UseShares": true,
	"PValue": 0.0197427032080297,
	"DatasetSize": 5000,
	"NumberOfCategories": 0,
	"NumberOfParties": 4,
	"TotalNumberOfShares": 198251,
	"TotalTime": 7.310558013,
	"ComputationTime": 1.454940796,
	"ComparisonTime": 2.8091292230000002,
	"DivisionTime": 3.046489033,
	"Latency": 0
}