{
	"TestType": "CHI2",
	"UseShares": true,
	"PValue": 20.2800000756979,
	"DatasetSize": 1000,
	"NumberOfCategories": 20,
	"NumberOfParties": 3,
	"TotalNumberOfShares": 1429346,
	"DealerSetupTime": 0.582050697,
	"TotalTime": 64.554441359,
	"ComputationTime": 0.430561274,
	"ComparisonTime": 0,
	"DivisionTime": 64.12388092,
	"Latency": 0.001
}