{
	"TestType": "CHI2",
	"UseShares": true,
	"PValue": 1.1919884092810053e+64,
	"DatasetSize": 10000,
	"NumberOfCategories": 10,
	"NumberOfParties": 17,
	"TotalNumberOfShares": 894789,
	"TotalTime": 561.510570538,
	"ComputationTime": 7.982807616,
	"ComparisonTime": 0,
	"DivisionTime": 553.527763438,
	"Latency": 0
}