{
	"TestType": "CHI2",
	"UseShares": true,
	"PValue": 20.2800000756979,
	"DatasetSize": 1000,
	"NumberOfCategories": 20,
	"NumberOfParties": 5,
	"TotalNumberOfShares": 1429353,
	"DealerSetupTime": 1.195180723,
	"TotalTime": 178.731982638,
	"ComputationTime": 0.675563718,
	"ComparisonTime": 0,
	"DivisionTime": 178.056419839,
	"Latency": 0.001
}