{
	"TestType": "PEARSON",
	"UseShares": true,
	"PValue": -0.011239587150386884,
	"DatasetSize": 10000,
	"NumberOfCategories": 0,
	"NumberOfParties": 16,
	"TotalNumberOfShares": 258249,
	"TotalTime": 128.831236743,
	"ComputationTime": 37.759183774,
	"ComparisonTime": 44.274000882,
	"DivisionTime": 46.798052838,
	"Latency": 0
}