{
	"TestType": "PEARSON",
	"UseShares": true,
	"PValue": 1.9960558057369226e+52,
	"DatasetSize": 5000,
	"NumberOfCategories": 0,
	"NumberOfParties": 9,
	"TotalNumberOfShares": 198271,
	"TotalTime": 47.50492019,
	"ComputationTime": 7.112796497,
	"ComparisonTime": 15.865288063,
	"DivisionTime": 24.526836692,
	"Latency": 0
}