{
	"TestType": "TTEST",
	"UseShares": true,
	"PValue": 0.029092793135472916,
	"DatasetSize": 5000,
	"NumberOfCategories": 0,
	"NumberOfParties": 17,
	"TotalNumberOfShares": 121015,
	"DealerSetupTime": 1.491224182,
	"TotalTime": 134.627844545,
	"ComputationTime": 27.834251646,
	"ComparisonTime": 0,
	"DivisionTime": 106.793600427,
	"Latency": 0.001
}