{
	"TestType": "PEARSON",
	"UseShares": true,
	"PValue": 0.7577722283113838,
	"DatasetSize": 5000,
	"NumberOfCategories": 0,
	"NumberOfParties": 4,
	"TotalNumberOfShares": 123275,
	"TotalTime": 3.474471377,
	"ComputationTime": 1.1292341750000001,
	"ComparisonTime": 0.990846196,
	"DivisionTime": 1.35439184,
	"Latency": 0
}