{
	"TestType": "PEARSON",
	"UseShares": true,
	"PValue": -0.011239545719848617,
	"DatasetSize": 10000,
	"NumberOfCategories": 0,
	"NumberOfParties": 8,
	"TotalNumberOfShares": 258250,
	"TotalTime": 33.074175603,
	"ComputationTime": 9.52841796,
	"ComparisonTime": 11.080240016,
	"DivisionTime": 12.465518709,
	"Latency": 0
}