{
	"TestType": "PEARSON",
	"UseShares": true,
	"PValue": -0.0031257807233219326,
	"DatasetSize": 1000,
	"NumberOfCategories": 0,
	"NumberOfParties": 9,
	"TotalNumberOfShares": 156126,
	"DealerSetupTime": 0.186408962,
	"TotalTime": 78.953391238,
	"ComputationTime": 5.3045363850000005,
	"ComparisonTime": 30.586320437,
	"DivisionTime": 43.062535125,
	"Latency": 0.001
}