{
	"TestType": "CHI2",
	"UseShares": true,
	"PValue": 15.952000059187412,
	"DatasetSize": 5000,
	"NumberOfCategories": 20,
	"NumberOfParties": 3,
	"TotalNumberOfShares": 1589345,
	"DealerSetupTime": 3.031271087,
	"TotalTime": 66.311927512,
	"ComputationTime": 1.5948908739999998,
	"ComparisonTime": 0,
	"DivisionTime": 64.71703746,
	"Latency": 0.001
}