{
	"TestType": "CHI2",
	"UseShares": true,
	"PValue": 4.0246942888206554e+64,
	"DatasetSize": 1000,
	"NumberOfCategories": 10,
	"NumberOfParties": 17,
	"TotalNumberOfShares": 714786,
	"TotalTime": 553.98005326,
	"ComputationTime": 1.204976811,
	"ComparisonTime": 0,
	"DivisionTime": 552.775077174,
	"Latency": 0
}