{
	"TestType": "CHI2",
	"UseShares": true,
	"PValue": 2.6455419567859652e+63,
	"DatasetSize": 10000,
	"NumberOfCategories": 20,
	"NumberOfParties": 9,
	"TotalNumberOfShares": 1789333,
	"TotalTime": 361.593989062,
	"ComputationTime": 8.136253336,
	"ComparisonTime": 0,
	"DivisionTime": 353.457736057,
	"Latency": 0
}