{
	"TestType": "PEARSON",
	"UseShares": true,
	"PValue": -0.0031259296941654976,
	"DatasetSize": 1000,
	"NumberOfCategories": 0,
	"NumberOfParties": 8,
	"TotalNumberOfShares": 150247,
	"TotalTime": 24.006709003,
	"ComputationTime": 1.267586892,
	"ComparisonTime": 10.660307794,
	"DivisionTime": 12.078814967,
	"Latency": 0
}