{
	"TestType": "PEARSON",
	"UseShares": true,
	"PValue": 0.7577722283113838,
	"DatasetSize": 5000,
	"NumberOfCategories": 0,
	"NumberOfParties": 16,
	"TotalNumberOfShares": 123275,
	"TotalTime": 45.340263354,
	"ComputationTime": 13.880864789,
	"ComparisonTime": 14.729949309,
	"DivisionTime": 16.729450189,
	"Latency": 0
}