{
	"TestType": "CHI2",
	"UseShares": true,
	"PValue": 20.2800000756979,
	"DatasetSize": 1000,
	"NumberOfCategories": 20,
	"NumberOfParties": 17,
	"TotalNumberOfShares": 1429347,
	"DealerSetupTime": 2.97527859,
	"TotalTime": 1668.213604095,
	"ComputationTime": 3.409125281,
	"ComparisonTime": 0,
	"DivisionTime": 1664.804479598,
	"Latency": 0.001
}