{
	"TestType": "CHI2",
	"UseShares": true,
	"PValue": 1.730194821771993e+58,
	"DatasetSize": 10000,
	"NumberOfCategories": 10,
	"NumberOfParties": 5,
	"TotalNumberOfShares": 894786,
	"TotalTime": 63.722816397,
	"ComputationTime": 1.8148826009999999,
	"ComparisonTime": 0,
	"DivisionTime": 61.907934198,
	"Latency": 0
}