{
	"TestType": "PEARSON",
	"UseShares": true,
	"PValue": 9.284831138232465e+51,
	"DatasetSize": 5000,
	"NumberOfCategories": 0,
	"NumberOfParties": 3,
	"TotalNumberOfShares": 198257,
	"TotalTime": 7.311543799,
	"ComputationTime": 1.463154182,
	"ComparisonTime": 2.773126109,
	"DivisionTime": 3.075264023,
	"Latency": 0
}