{
	"TestType": "CHI2",
	"UseShares": true,
	"PValue": 6.000000022351742,
	"DatasetSize": 10000,
	"NumberOfCategories": 10,
	"NumberOfParties": 5,
	"TotalNumberOfShares": 894779,
	"DealerSetupTime": 6.293071768,
	"TotalTime": 97.791330156,
	"ComputationTime": 2.694047158,
	"ComparisonTime": 0,
	"DivisionTime": 95.097283832,
	"Latency": 0.001
}