{
	"TestType": "PEARSON",
	"UseShares": true,
	"PValue": -0.0031257807233219326,
	"DatasetSize": 1000,
	"NumberOfCategories": 0,
	"NumberOfParties": 3,
	"TotalNumberOfShares": 156112,
	"DealerSetupTime": 0.060327429,
	"TotalTime": 17.099573837,
	"ComputationTime": 1.623229513,
	"ComparisonTime": 4.779095785,
	"DivisionTime": 10.697249296,
	"Latency": 0.001
}