{
	"TestType": "CHI2",
	"UseShares": true,
	"PValue": 25.152000093832612,
	"DatasetSize": 10000,
	"NumberOfCategories": 20,
	"NumberOfParties": 9,
	"TotalNumberOfShares": 1789340,
	"DealerSetupTime": 20.377798878,
	"TotalTime": 570.22393885,
	"ComputationTime": 9.506497643,
	"ComparisonTime": 0,
	"DivisionTime": 560.717441847,
	"Latency": 0.001
}