{
	"TestType": "PEARSON",
	"UseShares": true,
	"PValue": -0.0031257807233219326,
	"DatasetSize": 1000,
	"NumberOfCategories": 0,
	"NumberOfParties": 4,
	"TotalNumberOfShares": 150250,
	"TotalTime": 6.109248019,
	"ComputationTime": 0.321301338,
	"ComparisonTime": 2.59242104,
	"DivisionTime": 3.195526389,
	"Latency": 0
}