{
	"TestType": "CHI2",
	"UseShares": true,
	"PValue": 25.152000093832612,
	"DatasetSize": 10000,
	"NumberOfCategories": 20,
	"NumberOfParties": 8,
	"TotalNumberOfShares": 1789344,
	"TotalTime": 237.141265072,
	"ComputationTime": 8.899558135,
	"ComparisonTime": 0,
	"DivisionTime": 228.241707947,
	"Latency": 0
}