{
	"TestType": "TTEST",
	"UseShares": true,
	"PValue": 0.02909284115364369,
	"DatasetSize": 5000,
	"NumberOfCategories": 0,
	"NumberOfParties": 9,
	"TotalNumberOfShares": 121019,
	"DealerSetupTime": 0.957150007,
	"TotalTime": 53.924592228,
	"ComputationTime": 10.74076396,
	"ComparisonTime": 0,
	"DivisionTime": 43.183839732,
	"Latency": 0.001
}