{
	"TestType": "PEARSON",
	"UseShares": true,
	"PValue": 0.0197427032080297,
	"DatasetSize": 5000,
	"NumberOfCategories": 0,
	"NumberOfParties": 16,
	"TotalNumberOfShares": 198251,
	"TotalTime": 109.668139579,
	"ComputationTime": 19.053488321,
	"ComparisonTime": 44.547117082,
	"DivisionTime": 46.067534912,
	"Latency": 0
}