{
	"TestType": "PEARSON",
	"UseShares": true,
	"PValue": 0.0197427032080297,
	"DatasetSize": 5000,
	"NumberOfCategories": 0,
	"NumberOfParties": 8,
	"TotalNumberOfShares": 198247,
	"TotalTime": 27.750013106,
	"ComputationTime": 5.004179633,
	"ComparisonTime": 10.716754538,
	"DivisionTime": 12.02907994,
	"Latency": 0
}