{
	"TestType": "CHI2",
	"UseShares": true,
	"PValue": 15.952000059187412,
	"DatasetSize": 5000,
	"NumberOfCategories": 20,
	"NumberOfParties": 16,
	"TotalNumberOfShares": 1589353,
	"TotalTime": 944.907127234,
	"ComputationTime": 9.890761465,
	"ComparisonTime": 0,
	"DivisionTime": 935.016366418,
	"Latency": 0
}