{
	"TestType": "PEARSON",
	"UseShares": true,
	"PValue": 3.1389323124455155e+51,
	"DatasetSize": 10000,
	"NumberOfCategories": 0,
	"NumberOfParties": 9,
	"TotalNumberOfShares": 258271,
	"TotalTime": 50.074969666,
	"ComputationTime": 15.605865631,
	"ComparisonTime": 16.451099962,
	"DivisionTime": 18.018004737,
	"Latency": 0
}