{
	"TestType": "PEARSON",
	"UseShares": true,
	"PValue": 0.003088161777508183,
	"DatasetSize": 1000,
	"NumberOfCategories": 0,
	"NumberOfParties": 4,
	"TotalNumberOfShares": 139329,
	"TotalNumberOfPaillierMults": 0,
	"TotalNumberOfShareMults": 52275,
	"TotalTime": 27.249451179,
	"ComputationTime": 1.6279451059999999,
	"DivisionTime": 25.621506922000002,
	"Latency": 0
}