{
	"TestType": "CHI2",
	"UseShares": true,
	"PValue": 12.160000044852495,
	"DatasetSize": 1000,
	"NumberOfCategories": 10,
	"NumberOfParties": 5,
	"TotalNumberOfShares": 714782,
	"DealerSetupTime": 0.578419654,
	"TotalTime": 94.602983751,
	"ComputationTime": 0.461976014,
	"ComparisonTime": 0,
	"DivisionTime": 94.141008379,
	"Latency": 0.001
}