{
	"TestType": "CHI2",
	"UseShares": true,
	"PValue": 3.5031150219419947e+64,
	"DatasetSize": 1000,
	"NumberOfCategories": 5,
	"NumberOfParties": 17,
	"TotalNumberOfShares": 357507,
	"TotalTime": 262.798115013,
	"ComputationTime": 0.607032023,
	"ComparisonTime": 0,
	"DivisionTime": 262.191083442,
	"Latency": 0
}