{
	"TestType": "PEARSON",
	"UseShares": false,
	"PValue": 4.2819105710612296e+135,
	"DatasetSize": 5000,
	"NumberOfCategories": 0,
	"NumberOfParties": 16,
	"TotalNumberOfShares": 126436,
	"TotalNumberOfPaillierMults": 20999,
	"TotalNumberOfShareMults": 49167,
	"TotalTime": 761.484442797,
	"ComputationTime": 553.030000011,
	"ComparisonTime": 118.643187023,
	"DivisionTime": 89.811256663,
	"Latency": 0
}