{
	"TestType": "PEARSON",
	"UseShares": true,
	"PValue": 5.653072597067673e+51,
	"DatasetSize": 1000,
	"NumberOfCategories": 0,
	"NumberOfParties": 5,
	"TotalNumberOfShares": 150261,
	"TotalTime": 13.027667034,
	"ComputationTime": 0.592062838,
	"ComparisonTime": 5.76781948,
	"DivisionTime": 6.667785617,
	"Latency": 0
}