{
	"TestType": "CHI2",
	"UseShares": true,
	"PValue": 25.152000093832612,
	"DatasetSize": 10000,
	"NumberOfCategories": 20,
	"NumberOfParties": 16,
	"TotalNumberOfShares": 1789353,
	"TotalTime": 975.732550597,
	"ComputationTime": 17.779102109,
	"ComparisonTime": 0,
	"DivisionTime": 957.953449397,
	"Latency": 0
}