{
	"TestType": "PEARSON",
	"UseShares": true,
	"PValue": 0.7577722283113838,
	"DatasetSize": 5000,
	"NumberOfCategories": 0,
	"NumberOfParties": 16,
	"TotalNumberOfShares": 123276,
	"TotalTime": 50.329389779,
	"ComputationTime": 15.485392443,
	"ComparisonTime": 16.545624109,
	"DivisionTime": 18.298373927,
	"Latency": 0
}