{
	"TestType": "CHI2",
	"UseShares": true,
	"PValue": 2.9430000111460686,
	"DatasetSize": 10000,
	"NumberOfCategories": 5,
	"NumberOfParties": 17,
	"TotalNumberOfShares": 447505,
	"DealerSetupTime": 8.952053136,
	"TotalTime": 786.486894776,
	"ComputationTime": 4.778706346,
	"ComparisonTime": 0,
	"DivisionTime": 781.708189173,
	"Latency": 0.001
}