{
	"TestType": "PEARSON",
	"UseShares": true,
	"PValue": 1.4008659569340495e+52,
	"DatasetSize": 5000,
	"NumberOfCategories": 0,
	"NumberOfParties": 3,
	"TotalNumberOfShares": 198258,
	"TotalTime": 7.8465679680000004,
	"ComputationTime": 1.476160974,
	"ComparisonTime": 3.024733515,
	"DivisionTime": 3.345674116,
	"Latency": 0
}