{
	"TestType": "PEARSON",
	"UseShares": true,
	"PValue": -0.0031259296941654976,
	"DatasetSize": 1000,
	"NumberOfCategories": 0,
	"NumberOfParties": 8,
	"TotalNumberOfShares": 150250,
	"TotalTime": 24.817584523,
	"ComputationTime": 1.20959867,
	"ComparisonTime": 11.279853563,
	"DivisionTime": 12.328133145,
	"Latency": 0
}