{
	"TestType": "TTEST",
	"UseShares": true,
	"PValue": 0.19469008214028097,
	"DatasetSize": 1000,
	"NumberOfCategories": 0,
	"NumberOfParties": 17,
	"TotalNumberOfShares": 81019,
	"DealerSetupTime": 0.339915776,
	"TotalTime": 131.17186671,
	"ComputationTime": 11.855070935,
	"ComparisonTime": 0,
	"DivisionTime": 119.316806944,
	"Latency": 0.001
}