{
	"TestType": "PEARSON",
	"UseShares": true,
	"PValue": 2.6504426509242455e+52,
	"DatasetSize": 5000,
	"NumberOfCategories": 0,
	"NumberOfParties": 9,
	"TotalNumberOfShares": 198272,
	"TotalTime": 81.507467293,
	"ComputationTime": 7.784069768,
	"ComparisonTime": 32.034006168,
	"DivisionTime": 41.689392055,
	"Latency": 0
}