{
	"TestType": "TTEST",
	"UseShares": true,
	"PValue": 0.029092793135472916,
	"DatasetSize": 5000,
	"NumberOfCategories": 0,
	"NumberOfParties": 17,
	"TotalNumberOfShares": 121017,
	"DealerSetupTime": 1.6798465070000002,
	"TotalTime": 152.840120461,
	"ComputationTime": 31.862934298,
	"ComparisonTime": 0,
	"DivisionTime": 120.977194162,
	"Latency": 0.001
}