{
	"TestType": "PEARSON",
	"UseShares": true,
	"PValue": -0.011239587150386884,
	"DatasetSize": 10000,
	"NumberOfCategories": 0,
	"NumberOfParties": 8,
	"TotalNumberOfShares": 258244,
	"TotalTime": 34.708601004,
	"ComputationTime": 10.349828288,
	"ComparisonTime": 11.482939637,
	"DivisionTime": 12.875833946,
	"Latency": 0
}