{
	"TestType": "CHI2",
	"UseShares": true,
	"PValue": 2.943000010214746,
	"DatasetSize": 10000,
	"NumberOfCategories": 5,
	"NumberOfParties": 9,
	"TotalNumberOfShares": 447508,
	"DealerSetupTime": 4.449797644,
	"TotalTime": 125.439604742,
	"ComputationTime": 2.2515848370000002,
	"ComparisonTime": 0,
	"DivisionTime": 123.188020829,
	"Latency": 0.001
}