{
	"TestType": "TTEST",
	"UseShares": true,
	"PValue": 0.34220194655453634,
	"DatasetSize": 10000,
	"NumberOfCategories": 0,
	"NumberOfParties": 3,
	"TotalNumberOfShares": 171019,
	"DealerSetupTime": 0.613191698,
	"TotalTime": 14.084545416,
	"ComputationTime": 3.337876445,
	"ComparisonTime": 0,
	"DivisionTime": 10.746678731,
	"Latency": 0.001
}