{
	"TestType": "CHI2",
	"UseShares": true,
	"PValue": 25.15200009290129,
	"DatasetSize": 10000,
	"NumberOfCategories": 20,
	"NumberOfParties": 5,
	"TotalNumberOfShares": 1789345,
	"DealerSetupTime": 11.527778707,
	"TotalTime": 178.871172233,
	"ComputationTime": 5.070490119,
	"ComparisonTime": 0,
	"DivisionTime": 173.800682843,
	"Latency": 0.001
}