{
	"TestType": "CHI2",
	"UseShares": true,
	"PValue": 25.152000093832612,
	"DatasetSize": 10000,
	"NumberOfCategories": 20,
	"NumberOfParties": 8,
	"TotalNumberOfShares": 1789348,
	"TotalTime": 249.784895711,
	"ComputationTime": 9.920388196,
	"ComparisonTime": 0,
	"DivisionTime": 239.864508366,
	"Latency": 0
}