{
	"TestType": "TTEST",
	"UseShares": true,
	"PValue": 0.19469008214028097,
	"DatasetSize": 1000,
	"NumberOfCategories": 0,
	"NumberOfParties": 3,
	"TotalNumberOfShares": 81020,
	"DealerSetupTime": 0.057631882,
	"TotalTime": 12.363087965,
	"ComputationTime": 1.751175338,
	"ComparisonTime": 0,
	"DivisionTime": 10.611922576,
	"Latency": 0.001
}