{
	"TestType": "PEARSON",
	"UseShares": true,
	"PValue": 0.019742726794516528,
	"DatasetSize": 5000,
	"NumberOfCategories": 0,
	"NumberOfParties": 9,
	"TotalNumberOfShares": 204125,
	"DealerSetupTime": 0.888602777,
	"TotalTime": 76.125646653,
	"ComputationTime": 11.810182262,
	"ComparisonTime": 25.774302898,
	"DivisionTime": 38.541162364,
	"Latency": 0.001
}