{
	"TestType": "PEARSON",
	"UseShares": true,
	"PValue": 0.7577722283113838,
	"DatasetSize": 5000,
	"NumberOfCategories": 0,
	"NumberOfParties": 8,
	"TotalNumberOfShares": 123273,
	"TotalTime": 13.220157538,
	"ComputationTime": 3.9725755940000003,
	"ComparisonTime": 4.116891044,
	"DivisionTime": 5.130691798,
	"Latency": 0
}