{
	"TestType": "CHI2",
	"UseShares": true,
	"PValue": 12.160000044852495,
	"DatasetSize": 1000,
	"NumberOfCategories": 10,
	"NumberOfParties": 3,
	"TotalNumberOfShares": 714787,
	"DealerSetupTime": 0.311647753,
	"TotalTime": 36.000753234,
	"ComputationTime": 0.315090733,
	"ComparisonTime": 0,
	"DivisionTime": 35.685663141,
	"Latency": 0.001
}