{
	"TestType": "PEARSON",
	"UseShares": true,
	"PValue": -0.0031257807233219326,
	"DatasetSize": 1000,
	"NumberOfCategories": 0,
	"NumberOfParties": 17,
	"TotalNumberOfShares": 156131,
	"DealerSetupTime": 0.342615831,
	"TotalTime": 239.327420738,
	"ComputationTime": 13.21202122,
	"ComparisonTime": 104.566356308,
	"DivisionTime": 121.549044081,
	"Latency": 0.001
}