{
	"TestType": "CHI2",
	"UseShares": true,
	"PValue": 1.2973251000795902e+64,
	"DatasetSize": 5000,
	"NumberOfCategories": 20,
	"NumberOfParties": 17,
	"TotalNumberOfShares": 1589349,
	"TotalTime": 1182.2747308,
	"ComputationTime": 7.595192514,
	"ComparisonTime": 0,
	"DivisionTime": 1174.679539024,
	"Latency": 0
}