{
	"TestType": "PEARSON",
	"UseShares": true,
	"PValue": 0.75,
	"DatasetSize": 10000,
	"NumberOfCategories": 0,
	"NumberOfParties": 4,
	"TotalNumberOfShares": 183273,
	"TotalTime": 4.5723496390000005,
	"ComputationTime": 2.368048796,
	"ComparisonTime": 0.869605508,
	"DivisionTime": 1.3346961529999999,
	"Latency": 0
}