{
	"TestType": "CHI2",
	"UseShares": true,
	"PValue": 4.2793891639481025e+63,
	"DatasetSize": 1000,
	"NumberOfCategories": 20,
	"NumberOfParties": 5,
	"TotalNumberOfShares": 1429340,
	"TotalTime": 129.698893135,
	"ComputationTime": 0.55303243,
	"ComparisonTime": 0,
	"DivisionTime": 129.145861409,
	"Latency": 0
}