{
	"TestType": "PEARSON",
	"UseShares": true,
	"PValue": -0.0031257807233219326,
	"DatasetSize": 1000,
	"NumberOfCategories": 0,
	"NumberOfParties": 9,
	"TotalNumberOfShares": 156124,
	"DealerSetupTime": 0.185773524,
	"TotalTime": 68.220650379,
	"ComputationTime": 4.801638968,
	"ComparisonTime": 24.918297003,
	"DivisionTime": 38.500715541,
	"Latency": 0.001
}