{
	"TestType": "PEARSON",
	"UseShares": true,
	"PValue": -0.0031257807233219326,
	"DatasetSize": 1000,
	"NumberOfCategories": 0,
	"NumberOfParties": 4,
	"TotalNumberOfShares": 150251,
	"TotalTime": 5.595917521,
	"ComputationTime": 0.324706814,
	"ComparisonTime": 2.369250916,
	"DivisionTime": 2.901960701,
	"Latency": 0
}