{
	"TestType": "TTEST",
	"UseShares": true,
	"PValue": 0.029092793135472916,
	"DatasetSize": 5000,
	"NumberOfCategories": 0,
	"NumberOfParties": 9,
	"TotalNumberOfShares": 121019,
	"DealerSetupTime": 0.876574701,
	"TotalTime": 48.050094877,
	"ComputationTime": 9.617771009,
	"ComparisonTime": 0,
	"DivisionTime": 38.432336321,
	"Latency": 0.001
}