{
	"TestType": "PEARSON",
	"UseShares": true,
	"PValue": 0.019742726794516528,
	"DatasetSize": 5000,
	"NumberOfCategories": 0,
	"NumberOfParties": 8,
	"TotalNumberOfShares": 198251,
	"TotalTime": 29.498053498,
	"ComputationTime": 5.194526716,
	"ComparisonTime": 11.394773652,
	"DivisionTime": 12.908754197,
	"Latency": 0
}