{
	"TestType": "CHI2",
	"UseShares": true,
	"PValue": 4.2449997493578165e+64,
	"DatasetSize": 10000,
	"NumberOfCategories": 20,
	"NumberOfParties": 17,
	"TotalNumberOfShares": 1789343,
	"TotalTime": 1476.387891145,
	"ComputationTime": 17.456501511,
	"ComparisonTime": 0,
	"DivisionTime": 1458.931390177,
	"Latency": 0
}