{
	"TestType": "PEARSON",
	"UseShares": true,
	"PValue": 0.7584163187194748,
	"DatasetSize": 5000,
	"NumberOfCategories": 0,
	"NumberOfParties": 4,
	"TotalNumberOfShares": 123276,
	"TotalTime": 3.312932773,
	"ComputationTime": 1.076616297,
	"ComparisonTime": 0.956257637,
	"DivisionTime": 1.280059606,
	"Latency": 0
}