{
	"TestType": "PEARSON",
	"UseShares": true,
	"PValue": 7.874127976624134e+51,
	"DatasetSize": 10000,
	"NumberOfCategories": 0,
	"NumberOfParties": 9,
	"TotalNumberOfShares": 258272,
	"TotalTime": 52.181584578,
	"ComputationTime": 16.733818002,
	"ComparisonTime": 15.586380337,
	"DivisionTime": 19.861387059,
	"Latency": 0
}