{
	"TestType": "CHI2",
	"UseShares": true,
	"PValue": 6.000000022351742,
	"DatasetSize": 10000,
	"NumberOfCategories": 10,
	"NumberOfParties": 17,
	"TotalNumberOfShares": 894789,
	"DealerSetupTime": 38.181735961,
	"TotalTime": 1449.269947769,
	"ComputationTime": 16.064320634,
	"ComparisonTime": 0,
	"DivisionTime": 1433.205628217,
	"Latency": 0.001
}