{
	"TestType": "CHI2",
	"UseShares": true,
	"PValue": 9.178938503321157e+63,
	"DatasetSize": 1000,
	"NumberOfCategories": 20,
	"NumberOfParties": 9,
	"TotalNumberOfShares": 1429344,
	"TotalTime": 356.874531125,
	"ComputationTime": 1.137620282,
	"ComparisonTime": 0,
	"DivisionTime": 355.736911323,
	"Latency": 0
}