{
	"TestType": "PEARSON",
	"UseShares": true,
	"PValue": -1.8758377708846387e+51,
	"DatasetSize": 10000,
	"NumberOfCategories": 0,
	"NumberOfParties": 5,
	"TotalNumberOfShares": 258264,
	"TotalTime": 18.282958342,
	"ComputationTime": 5.774856488,
	"ComparisonTime": 5.918614977,
	"DivisionTime": 6.5894877659999995,
	"Latency": 0
}