{
	"TestType": "TTEST",
	"UseShares": true,
	"PValue": 0.029092809141538646,
	"DatasetSize": 5000,
	"NumberOfCategories": 0,
	"NumberOfParties": 4,
	"TotalNumberOfShares": 121015,
	"TotalTime": 3.9296243840000002,
	"ComputationTime": 0.957940709,
	"ComparisonTime": 0,
	"DivisionTime": 2.971692277,
	"Latency": 0
}