{
	"TestType": "CHI2",
	"UseShares": true,
	"PValue": 15.952000059187412,
	"DatasetSize": 5000,
	"NumberOfCategories": 20,
	"NumberOfParties": 16,
	"TotalNumberOfShares": 1589341,
	"TotalTime": 935.497599889,
	"ComputationTime": 7.920728957,
	"ComparisonTime": 0,
	"DivisionTime": 927.576871498,
	"Latency": 0
}