{
	"TestType": "PEARSON",
	"UseShares": true,
	"PValue": 0.019742726794516528,
	"DatasetSize": 5000,
	"NumberOfCategories": 0,
	"NumberOfParties": 4,
	"TotalNumberOfShares": 198248,
	"TotalTime": 6.614975757,
	"ComputationTime": 1.393938873,
	"ComparisonTime": 2.398405034,
	"DivisionTime": 2.822632784,
	"Latency": 0
}