{
	"TestType": "CHI2",
	"UseShares": true,
	"PValue": 6.000000022351742,
	"DatasetSize": 10000,
	"NumberOfCategories": 10,
	"NumberOfParties": 8,
	"TotalNumberOfShares": 894783,
	"TotalTime": 125.557921008,
	"ComputationTime": 3.6038243039999998,
	"ComparisonTime": 0,
	"DivisionTime": 121.954097364,
	"Latency": 0
}