{
	"TestType": "PEARSON",
	"UseShares": false,
	"PValue": 4.635817605829359e+135,
	"DatasetSize": 10000,
	"NumberOfCategories": 0,
	"NumberOfParties": 16,
	"TotalNumberOfShares": 126436,
	"TotalNumberOfPaillierMults": 36000,
	"TotalNumberOfShareMults": 49165,
	"TotalTime": 1006.030272017,
	"ComputationTime": 781.889885459,
	"ComparisonTime": 127.010998312,
	"DivisionTime": 97.129388978,
	"Latency": 0
}