{
	"TestType": "PEARSON",
	"UseShares": true,
	"PValue": 0.019742726794516528,
	"DatasetSize": 5000,
	"NumberOfCategories": 0,
	"NumberOfParties": 8,
	"TotalNumberOfShares": 198244,
	"TotalTime": 29.86125536,
	"ComputationTime": 6.20340833,
	"ComparisonTime": 11.174005481,
	"DivisionTime": 12.483842231,
	"Latency": 0
}