{
	"TestType": "PEARSON",
	"UseShares": true,
	"PValue": 0.019742726794516528,
	"DatasetSize": 5000,
	"NumberOfCategories": 0,
	"NumberOfParties": 16,
	"TotalNumberOfShares": 198242,
	"TotalTime": 135.213602328,
	"ComputationTime": 22.404486512,
	"ComparisonTime": 55.90511547,
	"DivisionTime": 56.904001009,
	"Latency": 0
}