{
	"TestType": "PEARSON",
	"UseShares": true,
	"PValue": 0.7577722283113838,
	"DatasetSize": 5000,
	"NumberOfCategories": 0,
	"NumberOfParties": 4,
	"TotalNumberOfShares": 123273,
	"TotalTime": 3.588431256,
	"ComputationTime": 1.209118742,
	"ComparisonTime": 1.023481357,
	"DivisionTime": 1.3558319939999999,
	"Latency": 0
}