{
	"TestType": "CHI2",
	"UseShares": true,
	"PValue": 1.1699304347598009e+64,
	"DatasetSize": 10000,
	"NumberOfCategories": 10,
	"NumberOfParties": 9,
	"TotalNumberOfShares": 894791,
	"TotalTime": 179.640364629,
	"ComputationTime": 5.030098245,
	"ComparisonTime": 0,
	"DivisionTime": 174.61026681,
	"Latency": 0
}