{
	"TestType": "PEARSON",
	"UseShares": true,
	"PValue": 0.7584163187194748,
	"DatasetSize": 5000,
	"NumberOfCategories": 0,
	"NumberOfParties": 8,
	"TotalNumberOfShares": 123276,
	"TotalTime": 21.189246779,
	"ComputationTime": 4.247895927,
	"ComparisonTime": 5.373143465,
	"DivisionTime": 11.568208025,
	"Latency": 0
}