{
	"TestType": "PEARSON",
	"UseShares": true,
	"PValue": 0.7577722283113838,
	"DatasetSize": 5000,
	"NumberOfCategories": 0,
	"NumberOfParties": 16,
	"TotalNumberOfShares": 123273,
	"TotalTime": 53.466188424,
	"ComputationTime": 15.408077319,
	"ComparisonTime": 19.463060899,
	"DivisionTime": 18.595051302999998,
	"Latency": 0
}