{
	"TestType": "CHI2",
	"UseShares": true,
	"PValue": 10.808000040240586,
	"DatasetSize": 5000,
	"NumberOfCategories": 10,
	"NumberOfParties": 3,
	"TotalNumberOfShares": 794789,
	"DealerSetupTime": 1.571551775,
	"TotalTime": 38.185092447,
	"ComputationTime": 0.884475699,
	"ComparisonTime": 0,
	"DivisionTime": 37.300617466,
	"Latency": 0.001
}