{
	"TestType": "CHI2",
	"UseShares": true,
	"PValue": 1.5220601102083522e+64,
	"DatasetSize": 5000,
	"NumberOfCategories": 10,
	"NumberOfParties": 17,
	"TotalNumberOfShares": 794791,
	"TotalTime": 608.452351661,
	"ComputationTime": 3.817301347,
	"ComparisonTime": 0,
	"DivisionTime": 604.635050819,
	"Latency": 0
}