{
	"TestType": "CHI2",
	"UseShares": true,
	"PValue": 25.15200009290129,
	"DatasetSize": 10000,
	"NumberOfCategories": 20,
	"NumberOfParties": 16,
	"TotalNumberOfShares": 1789344,
	"TotalTime": 1131.127890679,
	"ComputationTime": 22.67994229,
	"ComparisonTime": 0,
	"DivisionTime": 1108.447949415,
	"Latency": 0
}