{
	"TestType": "PEARSON",
	"UseShares": true,
	"PValue": -0.011239545719848617,
	"DatasetSize": 10000,
	"NumberOfCategories": 0,
	"NumberOfParties": 4,
	"TotalNumberOfShares": 258250,
	"TotalTime": 9.181846837,
	"ComputationTime": 2.804172975,
	"ComparisonTime": 3.004138444,
	"DivisionTime": 3.373536198,
	"Latency": 0
}