{
	"TestType": "CHI2",
	"UseShares": true,
	"PValue": 6.4700524049866844e+63,
	"DatasetSize": 5000,
	"NumberOfCategories": 10,
	"NumberOfParties": 9,
	"TotalNumberOfShares": 794783,
	"TotalTime": 160.915173271,
	"ComputationTime": 1.948153167,
	"ComparisonTime": 0,
	"DivisionTime": 158.967020841,
	"Latency": 0
}