{
	"TestType": "PEARSON",
	"UseShares": true,
	"PValue": -0.011239587150386884,
	"DatasetSize": 10000,
	"NumberOfCategories": 0,
	"NumberOfParties": 5,
	"TotalNumberOfShares": 264117,
	"DealerSetupTime": 1.169436856,
	"TotalTime": 38.553868029,
	"ComputationTime": 8.824074109,
	"ComparisonTime": 11.097898444,
	"DivisionTime": 18.631896325,
	"Latency": 0.001
}