{
	"TestType": "CHI2",
	"UseShares": true,
	"PValue": 15.952000059187412,
	"DatasetSize": 5000,
	"NumberOfCategories": 20,
	"NumberOfParties": 16,
	"TotalNumberOfShares": 1589341,
	"TotalTime": 1081.847286687,
	"ComputationTime": 8.756404781,
	"ComparisonTime": 0,
	"DivisionTime": 1073.090882859,
	"Latency": 0
}