{
	"TestType": "CHI2",
	"UseShares": true,
	"PValue": 12.160000044852495,
	"DatasetSize": 1000,
	"NumberOfCategories": 10,
	"NumberOfParties": 9,
	"TotalNumberOfShares": 714781,
	"DealerSetupTime": 0.937688733,
	"TotalTime": 279.583020619,
	"ComputationTime": 0.836508319,
	"ComparisonTime": 0,
	"DivisionTime": 278.746513203,
	"Latency": 0.001
}