{
	"TestType": "CHI2",
	"UseShares": true,
	"PValue": 2.2596525679385117e+63,
	"DatasetSize": 10000,
	"NumberOfCategories": 20,
	"NumberOfParties": 5,
	"TotalNumberOfShares": 1789352,
	"TotalTime": 129.679749005,
	"ComputationTime": 4.970845322,
	"ComparisonTime": 0,
	"DivisionTime": 124.708904184,
	"Latency": 0
}