{
	"TestType": "PEARSON",
	"UseShares": true,
	"PValue": -0.0031259296941654976,
	"DatasetSize": 1000,
	"NumberOfCategories": 0,
	"NumberOfParties": 9,
	"TotalNumberOfShares": 156126,
	"DealerSetupTime": 0.193245377,
	"TotalTime": 74.848380588,
	"ComputationTime": 5.058289356,
	"ComparisonTime": 28.365578524,
	"DivisionTime": 41.424513713,
	"Latency": 0.001
}