{
	"TestType": "PEARSON",
	"UseShares": true,
	"PValue": -0.0031259296941654976,
	"DatasetSize": 1000,
	"NumberOfCategories": 0,
	"NumberOfParties": 8,
	"TotalNumberOfShares": 150251,
	"TotalTime": 25.490149364,
	"ComputationTime": 1.212834588,
	"ComparisonTime": 11.005740885,
	"DivisionTime": 13.271574524,
	"Latency": 0
}