{
	"TestType": "CHI2",
	"UseShares": true,
	"PValue": 10.808000040240586,
	"DatasetSize": 5000,
	"NumberOfCategories": 10,
	"NumberOfParties": 17,
	"TotalNumberOfShares": 794782,
	"DealerSetupTime": 8.000613065,
	"TotalTime": 937.669862853,
	"ComputationTime": 5.178889683,
	"ComparisonTime": 0,
	"DivisionTime": 932.490973693,
	"Latency": 0.001
}