{
	"TestType": "CHI2",
	"UseShares": true,
	"PValue": 6.3399975709683524e+63,
	"DatasetSize": 1000,
	"NumberOfCategories": 20,
	"NumberOfParties": 5,
	"TotalNumberOfShares": 1429347,
	"TotalTime": 163.76059601,
	"ComputationTime": 0.489568688,
	"ComparisonTime": 0,
	"DivisionTime": 163.271027946,
	"Latency": 0
}