{
	"TestType": "CHI2",
	"UseShares": true,
	"PValue": 4.677741376955908e+63,
	"DatasetSize": 1000,
	"NumberOfCategories": 5,
	"NumberOfParties": 3,
	"TotalNumberOfShares": 357508,
	"TotalTime": 19.565929314999998,
	"ComputationTime": 0.115866823,
	"ComparisonTime": 0,
	"DivisionTime": 19.450063155,
	"Latency": 0
}