{
	"TestType": "CHI2",
	"UseShares": true,
	"PValue": 6.000000022351742,
	"DatasetSize": 10000,
	"NumberOfCategories": 10,
	"NumberOfParties": 9,
	"TotalNumberOfShares": 894793,
	"DealerSetupTime": 9.353233344,
	"TotalTime": 269.241423464,
	"ComputationTime": 6.056997673,
	"ComparisonTime": 0,
	"DivisionTime": 263.184426419,
	"Latency": 0.001
}