{
	"TestType": "CHI2",
	"UseShares": true,
	"PValue": 2.4240000089630485,
	"DatasetSize": 5000,
	"NumberOfCategories": 5,
	"NumberOfParties": 5,
	"TotalNumberOfShares": 397505,
	"DealerSetupTime": 1.4871124039999999,
	"TotalTime": 55.078169535,
	"ComputationTime": 0.771340978,
	"ComparisonTime": 0,
	"DivisionTime": 54.306829037,
	"Latency": 0.001
}