{
	"TestType": "PEARSON",
	"UseShares": true,
	"PValue": -0.011239545719848617,
	"DatasetSize": 10000,
	"NumberOfCategories": 0,
	"NumberOfParties": 16,
	"TotalNumberOfShares": 258249,
	"TotalTime": 167.885621794,
	"ComputationTime": 49.840296993,
	"ComparisonTime": 58.003817334,
	"DivisionTime": 60.041508144,
	"Latency": 0
}