{
	"TestType": "CHI2",
	"UseShares": true,
	"PValue": 2.4240000089630485,
	"DatasetSize": 5000,
	"NumberOfCategories": 5,
	"NumberOfParties": 16,
	"TotalNumberOfShares": 397503,
	"TotalTime": 252.137595628,
	"ComputationTime": 1.6708130479999999,
	"ComparisonTime": 0,
	"DivisionTime": 250.466783095,
	"Latency": 0
}