{
	"TestType": "CHI2",
	"UseShares": true,
	"PValue": 25.152000093832612,
	"DatasetSize": 10000,
	"NumberOfCategories": 20,
	"NumberOfParties": 9,
	"TotalNumberOfShares": 1789343,
	"DealerSetupTime": 19.921442356,
	"TotalTime": 679.332156246,
	"ComputationTime": 8.092649966,
	"ComparisonTime": 0,
	"DivisionTime": 671.239507098,
	"Latency": 0.001
}