{
	"TestType": "PEARSON",
	"UseShares": true,
	"PValue": 0.019742726794516528,
	"DatasetSize": 5000,
	"NumberOfCategories": 0,
	"NumberOfParties": 3,
	"TotalNumberOfShares": 204113,
	"DealerSetupTime": 0.468379129,
	"TotalTime": 23.713825734,
	"ComputationTime": 3.422559204,
	"ComparisonTime": 7.189612209,
	"DivisionTime": 13.101654957,
	"Latency": 0.001
}