{
	"TestType": "PEARSON",
	"UseShares": true,
	"PValue": -0.0031259296941654976,
	"DatasetSize": 1000,
	"NumberOfCategories": 0,
	"NumberOfParties": 4,
	"TotalNumberOfShares": 150251,
	"TotalTime": 6.221138393,
	"ComputationTime": 0.339497833,
	"ComparisonTime": 2.677205011,
	"DivisionTime": 3.204436563,
	"Latency": 0
}