{
	"TestType": "TTEST",
	"UseShares": true,
	"PValue": 0.34220194655453634,
	"DatasetSize": 10000,
	"NumberOfCategories": 0,
	"NumberOfParties": 3,
	"TotalNumberOfShares": 171018,
	"DealerSetupTime": 0.898877816,
	"TotalTime": 16.412204972,
	"ComputationTime": 4.479347288,
	"ComparisonTime": 0,
	"DivisionTime": 11.932865115,
	"Latency": 0.001
}