{
	"TestType": "CHI2",
	"UseShares": true,
	"PValue": 6.000000022351742,
	"DatasetSize": 10000,
	"NumberOfCategories": 10,
	"NumberOfParties": 17,
	"TotalNumberOfShares": 894788,
	"DealerSetupTime": 16.633247277,
	"TotalTime": 961.27821951,
	"ComputationTime": 8.559660837,
	"ComparisonTime": 0,
	"DivisionTime": 952.7185594,
	"Latency": 0.001
}