{
	"TestType": "PEARSON",
	"UseShares": true,
	"PValue": 0.0197427032080297,
	"DatasetSize": 5000,
	"NumberOfCategories": 0,
	"NumberOfParties": 4,
	"TotalNumberOfShares": 198251,
	"TotalTime": 6.885440714,
	"ComputationTime": 1.396454982,
	"ComparisonTime": 2.620592845,
	"DivisionTime": 2.868393538,
	"Latency": 0
}