{
	"TestType": "CHI2",
	"UseShares": true,
	"PValue": 25.152000093832612,
	"DatasetSize": 10000,
	"NumberOfCategories": 20,
	"NumberOfParties": 8,
	"TotalNumberOfShares": 1789347,
	"TotalTime": 274.795792256,
	"ComputationTime": 7.522506177,
	"ComparisonTime": 0,
	"DivisionTime": 267.273286763,
	"Latency": 0
}