{
	"TestType": "PEARSON",
	"UseShares": true,
	"PValue": -0.011239545719848617,
	"DatasetSize": 10000,
	"NumberOfCategories": 0,
	"NumberOfParties": 8,
	"TotalNumberOfShares": 258250,
	"TotalTime": 33.496956714,
	"ComputationTime": 9.817462552,
	"ComparisonTime": 11.092978571,
	"DivisionTime": 12.586516338,
	"Latency": 0
}