{
	"TestType": "PEARSON",
	"UseShares": false,
	"PValue": 3.8986274559254036e+135,
	"DatasetSize": 1000,
	"NumberOfCategories": 0,
	"NumberOfParties": 16,
	"TotalNumberOfShares": 126433,
	"TotalNumberOfPaillierMults": 9000,
	"TotalNumberOfShareMults": 49167,
	"TotalTime": 884.013109657,
	"ComputationTime": 392.300636501,
	"ComparisonTime": 280.612583854,
	"DivisionTime": 211.099890269,
	"Latency": 0
}