{
	"TestType": "PEARSON",
	"UseShares": false,
	"PValue": 2.944102984952978e+135,
	"DatasetSize": 5000,
	"NumberOfCategories": 0,
	"NumberOfParties": 16,
	"TotalNumberOfShares": 126436,
	"TotalNumberOfPaillierMults": 21000,
	"TotalNumberOfShareMults": 49167,
	"TotalTime": 864.849870233,
	"ComputationTime": 614.36271552,
	"ComparisonTime": 147.746456234,
	"DivisionTime": 102.740699496,
	"Latency": 0
}