{
	"TestType": "PEARSON",
	"UseShares": false,
	"PValue": 0.011005300458578754,
	"DatasetSize": 10000,
	"NumberOfCategories": 0,
	"NumberOfParties": 16,
	"TotalNumberOfShares": 126436,
	"TotalNumberOfPaillierMults": 36000,
	"TotalNumberOfShareMults": 49167,
	"TotalTime": 1658.6691191,
	"ComputationTime": 1274.167849836,
	"ComparisonTime": 276.253296119,
	"DivisionTime": 108.247973841,
	"Latency": 0
}