{
	"TestType": "PEARSON",
	"UseShares": true,
	"PValue": 0.019742726794516528,
	"DatasetSize": 5000,
	"NumberOfCategories": 0,
	"NumberOfParties": 4,
	"TotalNumberOfShares": 198250,
	"TotalTime": 7.405503364,
	"ComputationTime": 1.538446788,
	"ComparisonTime": 2.759405259,
	"DivisionTime": 3.107652359,
	"Latency": 0
}