{
	"TestType": "PEARSON",
	"UseShares": true,
	"PValue": 0.7577722283113838,
	"DatasetSize": 5000,
	"NumberOfCategories": 0,
	"NumberOfParties": 8,
	"TotalNumberOfShares": 123275,
	"TotalTime": 28.630298724,
	"ComputationTime": 9.821165645,
	"ComparisonTime": 9.771507355,
	"DivisionTime": 9.037626624,
	"Latency": 0
}