{
	"TestType": "TTEST",
	"UseShares": true,
	"PValue": 0.19469008214028097,
	"DatasetSize": 1000,
	"NumberOfCategories": 0,
	"NumberOfParties": 3,
	"TotalNumberOfShares": 81020,
	"DealerSetupTime": 0.058910644,
	"TotalTime": 13.658737248,
	"ComputationTime": 1.903315431,
	"ComparisonTime": 0,
	"DivisionTime": 11.755431903,
	"Latency": 0.001
}