{
	"TestType": "CHI2",
	"UseShares": true,
	"PValue": 2.4240000089630485,
	"DatasetSize": 5000,
	"NumberOfCategories": 5,
	"NumberOfParties": 16,
	"TotalNumberOfShares": 397505,
	"TotalTime": 243.513352042,
	"ComputationTime": 1.6653157140000001,
	"ComparisonTime": 0,
	"DivisionTime": 241.848037001,
	"Latency": 0
}