{
	"TestType": "TTEST",
	"UseShares": true,
	"PValue": 0.34220194519375713,
	"DatasetSize": 10000,
	"NumberOfCategories": 0,
	"NumberOfParties": 5,
	"TotalNumberOfShares": 171017,
	"DealerSetupTime": 1.149142163,
	"TotalTime": 25.885180032,
	"ComputationTime": 6.900175528,
	"ComparisonTime": 0,
	"DivisionTime": 18.985013297,
	"Latency": 0.001
}