{
	"TestType": "CHI2",
	"UseShares": true,
	"PValue": 25.152000093832612,
	"DatasetSize": 10000,
	"NumberOfCategories": 20,
	"NumberOfParties": 16,
	"TotalNumberOfShares": 1789338,
	"TotalTime": 1267.616150807,
	"ComputationTime": 21.164752761,
	"ComparisonTime": 0,
	"DivisionTime": 1246.451398988,
	"Latency": 0
}