{
	"TestType": "TTEST",
	"UseShares": true,
	"PValue": 0.029092809141538646,
	"DatasetSize": 5000,
	"NumberOfCategories": 0,
	"NumberOfParties": 17,
	"TotalNumberOfShares": 121018,
	"DealerSetupTime": 1.481778815,
	"TotalTime": 136.931714585,
	"ComputationTime": 28.94804131,
	"ComparisonTime": 0,
	"DivisionTime": 107.983684193,
	"Latency": 0.001
}