{
	"TestType": "CHI2",
	"UseShares": true,
	"PValue": 25.152000093832612,
	"DatasetSize": 10000,
	"NumberOfCategories": 20,
	"NumberOfParties": 9,
	"TotalNumberOfShares": 1789343,
	"DealerSetupTime": 18.659043319,
	"TotalTime": 490.072734391,
	"ComputationTime": 7.852066478,
	"ComparisonTime": 0,
	"DivisionTime": 482.22066844,
	"Latency": 0.001
}