{
	"TestType": "CHI2",
	"UseShares": true,
	"PValue": 20.2800000756979,
	"DatasetSize": 1000,
	"NumberOfCategories": 20,
	"NumberOfParties": 17,
	"TotalNumberOfShares": 1429357,
	"DealerSetupTime": 3.170382653,
	"TotalTime": 1742.448756118,
	"ComputationTime": 3.851318659,
	"ComparisonTime": 0,
	"DivisionTime": 1738.597438381,
	"Latency": 0.001
}