{
	"TestType": "PEARSON",
	"UseShares": true,
	"PValue": 0.7577722283113838,
	"DatasetSize": 5000,
	"NumberOfCategories": 0,
	"NumberOfParties": 16,
	"TotalNumberOfShares": 123273,
	"TotalTime": 45.786200463,
	"ComputationTime": 14.355367724,
	"ComparisonTime": 15.192057421,
	"DivisionTime": 16.238776381,
	"Latency": 0
}