{
	"TestType": "CHI2",
	"UseShares": true,
	"PValue": 25.152000093832612,
	"DatasetSize": 10000,
	"NumberOfCategories": 20,
	"NumberOfParties": 8,
	"TotalNumberOfShares": 1789348,
	"TotalTime": 238.177484402,
	"ComputationTime": 8.370797734,
	"ComparisonTime": 0,
	"DivisionTime": 229.80668734099999,
	"Latency": 0
}