{
	"TestType": "PEARSON",
	"UseShares": true,
	"PValue": 0.019742726794516528,
	"DatasetSize": 5000,
	"NumberOfCategories": 0,
	"NumberOfParties": 8,
	"TotalNumberOfShares": 198249,
	"TotalTime": 27.794113307,
	"ComputationTime": 4.90657731,
	"ComparisonTime": 10.803467328,
	"DivisionTime": 12.084069826,
	"Latency": 0
}