{
	"TestType": "PEARSON",
	"UseShares": true,
	"PValue": -0.011239545719848617,
	"DatasetSize": 10000,
	"NumberOfCategories": 0,
	"NumberOfParties": 8,
	"TotalNumberOfShares": 258250,
	"TotalTime": 33.767811975,
	"ComputationTime": 9.357221318,
	"ComparisonTime": 11.020255636,
	"DivisionTime": 13.390336034,
	"Latency": 0
}