{
	"TestType": "PEARSON",
	"UseShares": true,
	"PValue": -0.011239545719848617,
	"DatasetSize": 10000,
	"NumberOfCategories": 0,
	"NumberOfParties": 4,
	"TotalNumberOfShares": 258251,
	"TotalTime": 9.245894797,
	"ComputationTime": 2.862277109,
	"ComparisonTime": 2.88024412,
	"DivisionTime": 3.503374342,
	"Latency": 0
}