{
	"TestType": "TTEST",
	"UseShares": true,
	"PValue": 0.02909284115364369,
	"DatasetSize": 5000,
	"NumberOfCategories": 0,
	"NumberOfParties": 9,
	"TotalNumberOfShares": 121018,
	"DealerSetupTime": 0.94346464,
	"TotalTime": 48.163901234,
	"ComputationTime": 9.509702835,
	"ComparisonTime": 0,
	"DivisionTime": 38.654209399,
	"Latency": 0.001
}