{
	"TestType": "CHI2",
	"UseShares": true,
	"PValue": 12.160000045783818,
	"DatasetSize": 1000,
	"NumberOfCategories": 10,
	"NumberOfParties": 9,
	"TotalNumberOfShares": 714782,
	"DealerSetupTime": 0.911594831,
	"TotalTime": 238.804840087,
	"ComputationTime": 0.823095116,
	"ComparisonTime": 0,
	"DivisionTime": 237.981745483,
	"Latency": 0.001
}