{
	"TestType": "CHI2",
	"UseShares": true,
	"PValue": 25.152000093832612,
	"DatasetSize": 10000,
	"NumberOfCategories": 20,
	"NumberOfParties": 5,
	"TotalNumberOfShares": 1789343,
	"DealerSetupTime": 11.415503296,
	"TotalTime": 183.437326082,
	"ComputationTime": 3.997227132,
	"ComparisonTime": 0,
	"DivisionTime": 179.440099825,
	"Latency": 0.001
}