{
	"TestType": "PEARSON",
	"UseShares": true,
	"PValue": 0.0197427032080297,
	"DatasetSize": 5000,
	"NumberOfCategories": 0,
	"NumberOfParties": 16,
	"TotalNumberOfShares": 198251,
	"TotalTime": 115.249398987,
	"ComputationTime": 19.462887639,
	"ComparisonTime": 46.768128539,
	"DivisionTime": 49.01838382,
	"Latency": 0
}