{
	"TestType": "PEARSON",
	"UseShares": true,
	"PValue": 5.28770738437015e+51,
	"DatasetSize": 10000,
	"NumberOfCategories": 0,
	"NumberOfParties": 5,
	"TotalNumberOfShares": 258264,
	"TotalTime": 17.681326505,
	"ComputationTime": 5.384986365,
	"ComparisonTime": 5.692936845,
	"DivisionTime": 6.603404382,
	"Latency": 0
}