{
	"TestType": "CHI2",
	"UseShares": true,
	"PValue": 2.4240000089630485,
	"DatasetSize": 5000,
	"NumberOfCategories": 5,
	"NumberOfParties": 5,
	"TotalNumberOfShares": 397506,
	"DealerSetupTime": 1.5023849519999999,
	"TotalTime": 51.228408653,
	"ComputationTime": 0.846185366,
	"ComparisonTime": 0,
	"DivisionTime": 50.382223805,
	"Latency": 0.001
}