{
	"TestType": "CHI2",
	"UseShares": true,
	"PValue": 1.736191133151321e+64,
	"DatasetSize": 5000,
	"NumberOfCategories": 20,
	"NumberOfParties": 17,
	"TotalNumberOfShares": 1589338,
	"TotalTime": 1345.375713276,
	"ComputationTime": 9.388850216,
	"ComparisonTime": 0,
	"DivisionTime": 1335.986863471,
	"Latency": 0
}