{
	"TestType": "PEARSON",
	"UseShares": true,
	"PValue": -0.0031257807233219326,
	"DatasetSize": 1000,
	"NumberOfCategories": 0,
	"NumberOfParties": 5,
	"TotalNumberOfShares": 156120,
	"DealerSetupTime": 0.110919018,
	"TotalTime": 32.196995719,
	"ComputationTime": 2.66316451,
	"ComparisonTime": 10.574303233,
	"DivisionTime": 18.959529118,
	"Latency": 0.001
}