{
	"TestType": "CHI2",
	"UseShares": true,
	"PValue": 2.4240000089630485,
	"DatasetSize": 5000,
	"NumberOfCategories": 5,
	"NumberOfParties": 3,
	"TotalNumberOfShares": 397505,
	"DealerSetupTime": 0.75123473,
	"TotalTime": 24.157833524,
	"ComputationTime": 0.450557069,
	"ComparisonTime": 0,
	"DivisionTime": 23.707277411,
	"Latency": 0.001
}