{
	"TestType": "CHI2",
	"UseShares": true,
	"PValue": 15.952000059187412,
	"DatasetSize": 5000,
	"NumberOfCategories": 20,
	"NumberOfParties": 16,
	"TotalNumberOfShares": 1589336,
	"TotalTime": 1011.426056476,
	"ComputationTime": 10.223313523,
	"ComparisonTime": 0,
	"DivisionTime": 1001.202743733,
	"Latency": 0
}