{
	"TestType": "CHI2",
	"UseShares": true,
	"PValue": 15.952000059187412,
	"DatasetSize": 5000,
	"NumberOfCategories": 20,
	"NumberOfParties": 5,
	"TotalNumberOfShares": 1589341,
	"DealerSetupTime": 5.812280607,
	"TotalTime": 174.676164623,
	"ComputationTime": 2.159570828,
	"ComparisonTime": 0,
	"DivisionTime": 172.516594656,
	"Latency": 0.001
}