{
	"TestType": "PEARSON",
	"UseShares": true,
	"PValue": -0.0031257807233219326,
	"DatasetSize": 1000,
	"NumberOfCategories": 0,
	"NumberOfParties": 16,
	"TotalNumberOfShares": 150247,
	"TotalTime": 98.925682169,
	"ComputationTime": 4.550928391,
	"ComparisonTime": 45.954443035,
	"DivisionTime": 48.420311401,
	"Latency": 0
}