{
	"TestType": "PEARSON",
	"UseShares": true,
	"PValue": -0.0031257807233219326,
	"DatasetSize": 1000,
	"NumberOfCategories": 0,
	"NumberOfParties": 3,
	"TotalNumberOfShares": 156112,
	"DealerSetupTime": 0.065498088,
	"TotalTime": 18.646133251,
	"ComputationTime": 1.795759055,
	"ComparisonTime": 5.136839631,
	"DivisionTime": 11.713535725,
	"Latency": 0.001
}