{
	"TestType": "PEARSON",
	"UseShares": true,
	"PValue": -0.011239545719848617,
	"DatasetSize": 10000,
	"NumberOfCategories": 0,
	"NumberOfParties": 3,
	"TotalNumberOfShares": 264111,
	"DealerSetupTime": 0.669276814,
	"TotalTime": 21.269287375,
	"ComputationTime": 4.209414935,
	"ComparisonTime": 5.474596298,
	"DivisionTime": 11.58527696,
	"Latency": 0.001
}