{
	"TestType": "CHI2",
	"UseShares": true,
	"PValue": 3.585853020553369e+63,
	"DatasetSize": 10000,
	"NumberOfCategories": 20,
	"NumberOfParties": 5,
	"TotalNumberOfShares": 1789349,
	"TotalTime": 135.659322469,
	"ComputationTime": 4.687061374,
	"ComparisonTime": 0,
	"DivisionTime": 130.972261876,
	"Latency": 0
}