{
	"TestType": "TTEST",
	"UseShares": true,
	"PValue": 0.19469008214028097,
	"DatasetSize": 1000,
	"NumberOfCategories": 0,
	"NumberOfParties": 17,
	"TotalNumberOfShares": 81019,
	"DealerSetupTime": 0.307641058,
	"TotalTime": 117.812933437,
	"ComputationTime": 10.916388989,
	"ComparisonTime": 0,
	"DivisionTime": 106.896555855,
	"Latency": 0.001
}