{
	"TestType": "PEARSON",
	"UseShares": true,
	"PValue": -7.721751584918962e+51,
	"DatasetSize": 10000,
	"NumberOfCategories": 0,
	"NumberOfParties": 9,
	"TotalNumberOfShares": 258272,
	"TotalTime": 51.151320813,
	"ComputationTime": 15.77051673,
	"ComparisonTime": 17.742994452,
	"DivisionTime": 17.637810446,
	"Latency": 0
}