{
	"TestType": "PEARSON",
	"UseShares": true,
	"PValue": -0.0031259296941654976,
	"DatasetSize": 1000,
	"NumberOfCategories": 0,
	"NumberOfParties": 4,
	"TotalNumberOfShares": 150249,
	"TotalTime": 6.321135974,
	"ComputationTime": 0.359039556,
	"ComparisonTime": 2.682331251,
	"DivisionTime": 3.27976604,
	"Latency": 0
}