{
	"TestType": "CHI2",
	"UseShares": true,
	"PValue": 6.209461570044876e+63,
	"DatasetSize": 10000,
	"NumberOfCategories": 20,
	"NumberOfParties": 9,
	"TotalNumberOfShares": 1789345,
	"TotalTime": 389.946506823,
	"ComputationTime": 8.718054495,
	"ComparisonTime": 0,
	"DivisionTime": 381.228452979,
	"Latency": 0
}