{
	"TestType": "CHI2",
	"UseShares": true,
	"PValue": 10.808000040240586,
	"DatasetSize": 5000,
	"NumberOfCategories": 10,
	"NumberOfParties": 9,
	"TotalNumberOfShares": 794792,
	"DealerSetupTime": 4.558583394,
	"TotalTime": 244.849109251,
	"ComputationTime": 2.329205515,
	"ComparisonTime": 0,
	"DivisionTime": 242.519904263,
	"Latency": 0.001
}