{
	"TestType": "CHI2",
	"UseShares": true,
	"PValue": 25.152000093832612,
	"DatasetSize": 10000,
	"NumberOfCategories": 20,
	"NumberOfParties": 3,
	"TotalNumberOfShares": 1789345,
	"DealerSetupTime": 7.061163223,
	"TotalTime": 77.076628853,
	"ComputationTime": 2.979954302,
	"ComparisonTime": 0,
	"DivisionTime": 74.096675041,
	"Latency": 0.001
}