{
	"TestType": "CHI2",
	"UseShares": true,
	"PValue": 12.160000045783818,
	"DatasetSize": 1000,
	"NumberOfCategories": 10,
	"NumberOfParties": 3,
	"TotalNumberOfShares": 714784,
	"DealerSetupTime": 0.335186284,
	"TotalTime": 39.460254295,
	"ComputationTime": 0.322668599,
	"ComparisonTime": 0,
	"DivisionTime": 39.13758652,
	"Latency": 0.001
}