{
	"TestType": "PEARSON",
	"UseShares": true,
	"PValue": -0.011239587150386884,
	"DatasetSize": 10000,
	"NumberOfCategories": 0,
	"NumberOfParties": 16,
	"TotalNumberOfShares": 258249,
	"TotalTime": 139.130147475,
	"ComputationTime": 39.817648557,
	"ComparisonTime": 47.298898904,
	"DivisionTime": 52.013600747,
	"Latency": 0
}