{
	"TestType": "PEARSON",
	"UseShares": true,
	"PValue": 0.7577722283113838,
	"DatasetSize": 5000,
	"NumberOfCategories": 0,
	"NumberOfParties": 4,
	"TotalNumberOfShares": 123276,
	"TotalTime": 3.340550182,
	"ComputationTime": 1.069185623,
	"ComparisonTime": 0.888713757,
	"DivisionTime": 1.382651645,
	"Latency": 0
}