{
	"TestType": "PEARSON",
	"UseShares": true,
	"PValue": -8.707562083266883e+51,
	"DatasetSize": 5000,
	"NumberOfCategories": 0,
	"NumberOfParties": 9,
	"TotalNumberOfShares": 198269,
	"TotalTime": 42.54413426,
	"ComputationTime": 7.716970261,
	"ComparisonTime": 17.166544699,
	"DivisionTime": 17.660620471,
	"Latency": 0
}