{
	"TestType": "PEARSON",
	"UseShares": true,
	"PValue": 0.019742726794516528,
	"DatasetSize": 5000,
	"NumberOfCategories": 0,
	"NumberOfParties": 5,
	"TotalNumberOfShares": 204119,
	"DealerSetupTime": 0.571536624,
	"TotalTime": 34.553168328,
	"ComputationTime": 5.207024461,
	"ComparisonTime": 10.382979177,
	"DivisionTime": 18.96316599,
	"Latency": 0.001
}