{
	"TestType": "CHI2",
	"UseShares": true,
	"PValue": 7.800000029616058,
	"DatasetSize": 1000,
	"NumberOfCategories": 5,
	"NumberOfParties": 17,
	"TotalNumberOfShares": 357508,
	"DealerSetupTime": 0.763844466,
	"TotalTime": 431.541130012,
	"ComputationTime": 1.261147438,
	"ComparisonTime": 0,
	"DivisionTime": 430.279983488,
	"Latency": 0.001
}