{
	"TestType": "PEARSON",
	"UseShares": true,
	"PValue": 0.019742726794516528,
	"DatasetSize": 5000,
	"NumberOfCategories": 0,
	"NumberOfParties": 17,
	"TotalNumberOfShares": 204134,
	"DealerSetupTime": 1.495495925,
	"TotalTime": 244.309501455,
	"ComputationTime": 39.754312334,
	"ComparisonTime": 93.309604216,
	"DivisionTime": 111.245596244,
	"Latency": 0.001
}