{
	"TestType": "PEARSON",
	"UseShares": true,
	"PValue": -0.0031259296941654976,
	"DatasetSize": 1000,
	"NumberOfCategories": 0,
	"NumberOfParties": 8,
	"TotalNumberOfShares": 150250,
	"TotalTime": 23.897387935,
	"ComputationTime": 1.204925666,
	"ComparisonTime": 10.804114163,
	"DivisionTime": 11.888349028,
	"Latency": 0
}