{
	"TestType": "CHI2",
	"UseShares": true,
	"PValue": 10.808000040240586,
	"DatasetSize": 5000,
	"NumberOfCategories": 10,
	"NumberOfParties": 17,
	"TotalNumberOfShares": 794783,
	"DealerSetupTime": 8.165165128,
	"TotalTime": 923.642703117,
	"ComputationTime": 4.969445995,
	"ComparisonTime": 0,
	"DivisionTime": 918.673258036,
	"Latency": 0.001
}