{
	"TestType": "CHI2",
	"UseShares": true,
	"PValue": 15.952000000000057,
	"DatasetSize": 5000,
	"NumberOfCategories": 20,
	"NumberOfParties": 3,
	"TotalNumberOfShares": 1589478,
	"DealerSetupTime": 1.363149284,
	"TotalTime": 59.322813659,
	"ComputationTime": 1.2763147830000001,
	"ComparisonTime": 0,
	"DivisionTime": 58.046499063,
	"Latency": 0
}