{
	"TestType": "PEARSON",
	"UseShares": true,
	"PValue": 0.019742717496404206,
	"DatasetSize": 5000,
	"NumberOfCategories": 0,
	"NumberOfParties": 3,
	"TotalNumberOfShares": 221026,
	"DealerSetupTime": 0.119376196,
	"TotalTime": 9.212000238,
	"ComputationTime": 1.6201389910000001,
	"ComparisonTime": 2.951028241,
	"DivisionTime": 4.640833246,
	"Latency": 0
}