{
	"TestType": "CHI2",
	"UseShares": true,
	"PValue": 10.808000040240586,
	"DatasetSize": 5000,
	"NumberOfCategories": 10,
	"NumberOfParties": 5,
	"TotalNumberOfShares": 794790,
	"DealerSetupTime": 2.975749221,
	"TotalTime": 97.943796473,
	"ComputationTime": 1.140640838,
	"ComparisonTime": 0,
	"DivisionTime": 96.803156666,
	"Latency": 0.001
}