{
	"TestType": "PEARSON",
	"UseShares": true,
	"PValue": -0.011239545719848617,
	"DatasetSize": 10000,
	"NumberOfCategories": 0,
	"NumberOfParties": 5,
	"TotalNumberOfShares": 264119,
	"DealerSetupTime": 1.180970184,
	"TotalTime": 42.247427229,
	"ComputationTime": 9.295372508,
	"ComparisonTime": 12.076002235,
	"DivisionTime": 20.876053122,
	"Latency": 0.001
}