{
	"TestType": "CHI2",
	"UseShares": true,
	"PValue": 7.800000000000028,
	"DatasetSize": 1000,
	"NumberOfCategories": 5,
	"NumberOfParties": 3,
	"TotalNumberOfShares": 357642,
	"DealerSetupTime": 0.100838244,
	"TotalTime": 12.646590416,
	"ComputationTime": 0.139203286,
	"ComparisonTime": 0,
	"DivisionTime": 12.507387338000001,
	"Latency": 0
}