{
	"TestType": "CHI2",
	"UseShares": true,
	"PValue": 2.4240000089630485,
	"DatasetSize": 5000,
	"NumberOfCategories": 5,
	"NumberOfParties": 5,
	"TotalNumberOfShares": 397505,
	"DealerSetupTime": 2.314497387,
	"TotalTime": 81.996121375,
	"ComputationTime": 0.902929249,
	"ComparisonTime": 0,
	"DivisionTime": 81.093192762,
	"Latency": 0.001
}