{
	"TestType": "CHI2",
	"UseShares": true,
	"PValue": 6.000000022351742,
	"DatasetSize": 10000,
	"NumberOfCategories": 10,
	"NumberOfParties": 9,
	"TotalNumberOfShares": 894784,
	"DealerSetupTime": 14.418365468,
	"TotalTime": 277.418670749,
	"ComputationTime": 6.5587620829999995,
	"ComparisonTime": 0,
	"DivisionTime": 270.859909326,
	"Latency": 0.001
}