{
	"TestType": "PEARSON",
	"UseShares": true,
	"PValue": -0.0031259296941654976,
	"DatasetSize": 1000,
	"NumberOfCategories": 0,
	"NumberOfParties": 9,
	"TotalNumberOfShares": 156119,
	"DealerSetupTime": 0.37619532,
	"TotalTime": 136.810444026,
	"ComputationTime": 8.236496130999999,
	"ComparisonTime": 52.871238944,
	"DivisionTime": 75.702709662,
	"Latency": 0.001
}