{
	"TestType": "CHI2",
	"UseShares": true,
	"PValue": 2.9430000000000103,
	"DatasetSize": 10000,
	"NumberOfCategories": 5,
	"NumberOfParties": 3,
	"TotalNumberOfShares": 447641,
	"DealerSetupTime": 0.704134272,
	"TotalTime": 14.523238325,
	"ComputationTime": 0.466079256,
	"ComparisonTime": 0,
	"DivisionTime": 14.057159248,
	"Latency": 0
}