{
	"TestType": "CHI2",
	"UseShares": true,
	"PValue": 7.800000028684735,
	"DatasetSize": 1000,
	"NumberOfCategories": 5,
	"NumberOfParties": 9,
	"TotalNumberOfShares": 357505,
	"DealerSetupTime": 0.468337693,
	"TotalTime": 151.530213879,
	"ComputationTime": 0.662582372,
	"ComparisonTime": 0,
	"DivisionTime": 150.867632022,
	"Latency": 0.001
}