{
	"TestType": "CHI2",
	"UseShares": true,
	"PValue": 12.160000000000043,
	"DatasetSize": 1000,
	"NumberOfCategories": 10,
	"NumberOfParties": 3,
	"TotalNumberOfShares": 714914,
	"DealerSetupTime": 0.135239128,
	"TotalTime": 28.610617587,
	"ComputationTime": 0.263034041,
	"ComparisonTime": 0,
	"DivisionTime": 28.347583802,
	"Latency": 0
}