{
	"TestType": "TTEST",
	"UseShares": true,
	"PValue": 0.34220194519375713,
	"DatasetSize": 10000,
	"NumberOfCategories": 0,
	"NumberOfParties": 17,
	"TotalNumberOfShares": 171020,
	"DealerSetupTime": 3.8660736719999997,
	"TotalTime": 203.294310501,
	"ComputationTime": 74.601057497,
	"ComparisonTime": 0,
	"DivisionTime": 128.693261479,
	"Latency": 0.001
}