{
	"TestType": "PEARSON",
	"UseShares": true,
	"PValue": 0.019742726794516528,
	"DatasetSize": 5000,
	"NumberOfCategories": 0,
	"NumberOfParties": 3,
	"TotalNumberOfShares": 204108,
	"DealerSetupTime": 0.443502493,
	"TotalTime": 25.486957088,
	"ComputationTime": 3.998373157,
	"ComparisonTime": 7.174517358,
	"DivisionTime": 14.314067667,
	"Latency": 0.001
}