{
	"TestType": "CHI2",
	"UseShares": true,
	"PValue": 20.2800000756979,
	"DatasetSize": 1000,
	"NumberOfCategories": 20,
	"NumberOfParties": 5,
	"TotalNumberOfShares": 1429346,
	"DealerSetupTime": 1.133037914,
	"TotalTime": 281.146589079,
	"ComputationTime": 0.670647537,
	"ComparisonTime": 0,
	"DivisionTime": 280.475942196,
	"Latency": 0.001
}