{
	"TestType": "TTEST",
	"UseShares": true,
	"PValue": 0.34220194519375713,
	"DatasetSize": 10000,
	"NumberOfCategories": 0,
	"NumberOfParties": 5,
	"TotalNumberOfShares": 171020,
	"DealerSetupTime": 1.12772555,
	"TotalTime": 28.515990935,
	"ComputationTime": 6.454528305,
	"ComparisonTime": 0,
	"DivisionTime": 22.061471906,
	"Latency": 0.001
}