{
	"TestType": "CHI2",
	"UseShares": true,
	"PValue": 10.808000040240586,
	"DatasetSize": 5000,
	"NumberOfCategories": 10,
	"NumberOfParties": 3,
	"TotalNumberOfShares": 794783,
	"DealerSetupTime": 2.388247759,
	"TotalTime": 50.745076468,
	"ComputationTime": 1.133761148,
	"ComparisonTime": 0,
	"DivisionTime": 49.611316047,
	"Latency": 0.001
}