{
	"TestType": "TTEST",
	"UseShares": true,
	"PValue": 0.02909284115364369,
	"DatasetSize": 5000,
	"NumberOfCategories": 0,
	"NumberOfParties": 17,
	"TotalNumberOfShares": 121020,
	"DealerSetupTime": 1.597823919,
	"TotalTime": 157.380955582,
	"ComputationTime": 30.734788615,
	"ComparisonTime": 0,
	"DivisionTime": 126.646174074,
	"Latency": 0.001
}