{
	"TestType": "CHI2",
	"UseShares": true,
	"PValue": 7.800000028684735,
	"DatasetSize": 1000,
	"NumberOfCategories": 5,
	"NumberOfParties": 3,
	"TotalNumberOfShares": 357508,
	"DealerSetupTime": 0.215893117,
	"TotalTime": 37.501062769,
	"ComputationTime": 0.470121321,
	"ComparisonTime": 0,
	"DivisionTime": 37.030942368,
	"Latency": 0.001
}