{
	"TestType": "PEARSON",
	"UseShares": true,
	"PValue": -0.011239545719848617,
	"DatasetSize": 10000,
	"NumberOfCategories": 0,
	"NumberOfParties": 9,
	"TotalNumberOfShares": 264125,
	"DealerSetupTime": 3.334347965,
	"TotalTime": 186.801977629,
	"ComputationTime": 50.478666806,
	"ComparisonTime": 64.391918783,
	"DivisionTime": 71.931392764,
	"Latency": 0.001
}