{
	"TestType": "CHI2",
	"UseShares": true,
	"PValue": 12.160000045783818,
	"DatasetSize": 1000,
	"NumberOfCategories": 10,
	"NumberOfParties": 3,
	"TotalNumberOfShares": 714788,
	"DealerSetupTime": 0.457407607,
	"TotalTime": 56.467199293,
	"ComputationTime": 0.564554704,
	"ComparisonTime": 0,
	"DivisionTime": 55.902645182,
	"Latency": 0.001
}