{
	"TestType": "CHI2",
	"UseShares": true,
	"PValue": 15.952000060118735,
	"DatasetSize": 5000,
	"NumberOfCategories": 20,
	"NumberOfParties": 9,
	"TotalNumberOfShares": 1589334,
	"DealerSetupTime": 10.783464111,
	"TotalTime": 646.661992306,
	"ComputationTime": 5.637002354,
	"ComparisonTime": 0,
	"DivisionTime": 641.024990514,
	"Latency": 0.001
}