{
	"TestType": "CHI2",
	"UseShares": true,
	"PValue": 6.000000022351742,
	"DatasetSize": 10000,
	"NumberOfCategories": 10,
	"NumberOfParties": 17,
	"TotalNumberOfShares": 894790,
	"DealerSetupTime": 16.285227233,
	"TotalTime": 1069.593752804,
	"ComputationTime": 8.135393999,
	"ComparisonTime": 0,
	"DivisionTime": 1061.458359361,
	"Latency": 0.001
}