{
	"TestType": "CHI2",
	"UseShares": true,
	"PValue": 12.160000045783818,
	"DatasetSize": 1000,
	"NumberOfCategories": 10,
	"NumberOfParties": 17,
	"TotalNumberOfShares": 714783,
	"DealerSetupTime": 1.5453424249999999,
	"TotalTime": 935.746516682,
	"ComputationTime": 1.9674336380000002,
	"ComparisonTime": 0,
	"DivisionTime": 933.779083772,
	"Latency": 0.001
}