{
	"TestType": "PEARSON",
	"UseShares": true,
	"PValue": -0.011239545719848617,
	"DatasetSize": 10000,
	"NumberOfCategories": 0,
	"NumberOfParties": 3,
	"TotalNumberOfShares": 264112,
	"DealerSetupTime": 0.839661204,
	"TotalTime": 30.772797937,
	"ComputationTime": 6.658858418,
	"ComparisonTime": 8.563261853,
	"DivisionTime": 15.550678524,
	"Latency": 0.001
}