{
	"TestType": "PEARSON",
	"UseShares": true,
	"PValue": 0.0197427032080297,
	"DatasetSize": 5000,
	"NumberOfCategories": 0,
	"NumberOfParties": 9,
	"TotalNumberOfShares": 204124,
	"DealerSetupTime": 0.939126239,
	"TotalTime": 142.432737757,
	"ComputationTime": 16.270307173,
	"ComparisonTime": 50.514405581,
	"DivisionTime": 75.648025929,
	"Latency": 0.001
}