{
	"TestType": "CHI2",
	"UseShares": true,
	"PValue": 12.160000044852495,
	"DatasetSize": 1000,
	"NumberOfCategories": 10,
	"NumberOfParties": 17,
	"TotalNumberOfShares": 714785,
	"DealerSetupTime": 1.486426675,
	"TotalTime": 832.181027588,
	"ComputationTime": 2.008477637,
	"ComparisonTime": 0,
	"DivisionTime": 830.172550482,
	"Latency": 0.001
}