{
	"TestType": "CHI2",
	"UseShares": true,
	"PValue": 10.808000040240586,
	"DatasetSize": 5000,
	"NumberOfCategories": 10,
	"NumberOfParties": 3,
	"TotalNumberOfShares": 794790,
	"DealerSetupTime": 1.528153275,
	"TotalTime": 36.285107907,
	"ComputationTime": 0.710258489,
	"ComparisonTime": 0,
	"DivisionTime": 35.57485005,
	"Latency": 0.001
}