{
	"TestType": "TTEST",
	"UseShares": true,
	"PValue": 0.34220194519375713,
	"DatasetSize": 10000,
	"NumberOfCategories": 0,
	"NumberOfParties": 3,
	"TotalNumberOfShares": 171019,
	"DealerSetupTime": 0.612205185,
	"TotalTime": 14.125982970999999,
	"ComputationTime": 3.341914278,
	"ComparisonTime": 0,
	"DivisionTime": 10.784075809,
	"Latency": 0.001
}