{
	"TestType": "CHI2",
	"UseShares": true,
	"PValue": 2.9430000111460686,
	"DatasetSize": 10000,
	"NumberOfCategories": 5,
	"NumberOfParties": 5,
	"TotalNumberOfShares": 447507,
	"DealerSetupTime": 2.990844966,
	"TotalTime": 54.785324665,
	"ComputationTime": 1.160808693,
	"ComparisonTime": 0,
	"DivisionTime": 53.624516717,
	"Latency": 0.001
}