{
	"TestType": "CHI2",
	"UseShares": true,
	"PValue": 2.9430000111460686,
	"DatasetSize": 10000,
	"NumberOfCategories": 5,
	"NumberOfParties": 17,
	"TotalNumberOfShares": 447508,
	"DealerSetupTime": 7.445470762,
	"TotalTime": 430.402316776,
	"ComputationTime": 4.127150097,
	"ComparisonTime": 0,
	"DivisionTime": 426.275167661,
	"Latency": 0.001
}