{
	"TestType": "CHI2",
	"UseShares": true,
	"PValue": 6.000000022351742,
	"DatasetSize": 10000,
	"NumberOfCategories": 10,
	"NumberOfParties": 9,
	"TotalNumberOfShares": 894792,
	"DealerSetupTime": 9.967244359,
	"TotalTime": 286.475583098,
	"ComputationTime": 4.069670134,
	"ComparisonTime": 0,
	"DivisionTime": 282.40591395,
	"Latency": 0.001
}