{
	"TestType": "CHI2",
	"UseShares": true,
	"PValue": 15.952000059187412,
	"DatasetSize": 5000,
	"NumberOfCategories": 20,
	"NumberOfParties": 9,
	"TotalNumberOfShares": 1589341,
	"DealerSetupTime": 9.8688537,
	"TotalTime": 568.916017983,
	"ComputationTime": 5.891986116,
	"ComparisonTime": 0,
	"DivisionTime": 563.024032465,
	"Latency": 0.001
}