{
	"TestType": "PEARSON",
	"UseShares": true,
	"PValue": 0.0197427032080297,
	"DatasetSize": 5000,
	"NumberOfCategories": 0,
	"NumberOfParties": 3,
	"TotalNumberOfShares": 204113,
	"DealerSetupTime": 0.317808616,
	"TotalTime": 18.333699228,
	"ComputationTime": 2.703548392,
	"ComparisonTime": 4.929032018,
	"DivisionTime": 10.701119926,
	"Latency": 0.001
}