{
	"TestType": "CHI2",
	"UseShares": true,
	"PValue": 7.800000029616058,
	"DatasetSize": 1000,
	"NumberOfCategories": 5,
	"NumberOfParties": 17,
	"TotalNumberOfShares": 357509,
	"DealerSetupTime": 0.736021837,
	"TotalTime": 424.647162498,
	"ComputationTime": 1.2724491150000001,
	"ComparisonTime": 0,
	"DivisionTime": 423.374714299,
	"Latency": 0.001
}