{
	"TestType": "CHI2",
	"UseShares": true,
	"PValue": 12.160000045783818,
	"DatasetSize": 1000,
	"NumberOfCategories": 10,
	"NumberOfParties": 9,
	"TotalNumberOfShares": 714787,
	"DealerSetupTime": 1.008574546,
	"TotalTime": 282.526437073,
	"ComputationTime": 0.897310181,
	"ComparisonTime": 0,
	"DivisionTime": 281.629127792,
	"Latency": 0.001
}