{
	"TestType": "PEARSON",
	"UseShares": true,
	"PValue": -0.011239587150386884,
	"DatasetSize": 10000,
	"NumberOfCategories": 0,
	"NumberOfParties": 9,
	"TotalNumberOfShares": 264127,
	"DealerSetupTime": 1.872746039,
	"TotalTime": 100.489870219,
	"ComputationTime": 25.848541329,
	"ComparisonTime": 31.649552287,
	"DivisionTime": 42.991777786,
	"Latency": 0.001
}