{
	"TestType": "CHI2",
	"UseShares": true,
	"PValue": 15.952000060118735,
	"DatasetSize": 5000,
	"NumberOfCategories": 20,
	"NumberOfParties": 17,
	"TotalNumberOfShares": 1589337,
	"DealerSetupTime": 16.07607104,
	"TotalTime": 1706.51556461,
	"ComputationTime": 10.253091155,
	"ComparisonTime": 0,
	"DivisionTime": 1696.262474193,
	"Latency": 0.001
}