{
	"TestType": "PEARSON",
	"UseShares": true,
	"PValue": -0.011239545719848617,
	"DatasetSize": 10000,
	"NumberOfCategories": 0,
	"NumberOfParties": 17,
	"TotalNumberOfShares": 264132,
	"DealerSetupTime": 3.140126095,
	"TotalTime": 273.913177019,
	"ComputationTime": 76.069147324,
	"ComparisonTime": 91.268481917,
	"DivisionTime": 106.575549021,
	"Latency": 0.001
}