{
	"TestType": "PEARSON",
	"UseShares": true,
	"PValue": -0.0031257807233219326,
	"DatasetSize": 1000,
	"NumberOfCategories": 0,
	"NumberOfParties": 17,
	"TotalNumberOfShares": 156132,
	"DealerSetupTime": 0.307227698,
	"TotalTime": 205.871880329,
	"ComputationTime": 11.928833809,
	"ComparisonTime": 88.477682078,
	"DivisionTime": 105.465365468,
	"Latency": 0.001
}