{
	"TestType": "CHI2",
	"UseShares": true,
	"PValue": 2.4240000089630485,
	"DatasetSize": 5000,
	"NumberOfCategories": 5,
	"NumberOfParties": 3,
	"TotalNumberOfShares": 397508,
	"DealerSetupTime": 0.775025151,
	"TotalTime": 21.957311604,
	"ComputationTime": 0.484286955,
	"ComparisonTime": 0,
	"DivisionTime": 21.473025464,
	"Latency": 0.001
}