{
	"TestType": "PEARSON",
	"UseShares": true,
	"PValue": 0.0197427032080297,
	"DatasetSize": 5000,
	"NumberOfCategories": 0,
	"NumberOfParties": 5,
	"TotalNumberOfShares": 204119,
	"DealerSetupTime": 0.574767451,
	"TotalTime": 33.612223118,
	"ComputationTime": 5.1293587370000004,
	"ComparisonTime": 10.43927993,
	"DivisionTime": 18.043585826,
	"Latency": 0.001
}