{
	"TestType": "CHI2",
	"UseShares": true,
	"PValue": 15.952000060118735,
	"DatasetSize": 5000,
	"NumberOfCategories": 20,
	"NumberOfParties": 5,
	"TotalNumberOfShares": 1589353,
	"DealerSetupTime": 5.904284073,
	"TotalTime": 173.807708278,
	"ComputationTime": 2.276535337,
	"ComparisonTime": 0,
	"DivisionTime": 171.531173459,
	"Latency": 0.001
}