{
	"TestType": "CHI2",
	"UseShares": true,
	"PValue": 12.160000045783818,
	"DatasetSize": 1000,
	"NumberOfCategories": 10,
	"NumberOfParties": 9,
	"TotalNumberOfShares": 714789,
	"DealerSetupTime": 0.815196052,
	"TotalTime": 222.282877907,
	"ComputationTime": 0.815421816,
	"ComparisonTime": 0,
	"DivisionTime": 221.467456625,
	"Latency": 0.001
}