{
	"TestType": "CHI2",
	"UseShares": true,
	"PValue": 2.9430000111460686,
	"DatasetSize": 10000,
	"NumberOfCategories": 5,
	"NumberOfParties": 3,
	"TotalNumberOfShares": 447506,
	"DealerSetupTime": 1.704558402,
	"TotalTime": 22.757909467,
	"ComputationTime": 0.822195386,
	"ComparisonTime": 0,
	"DivisionTime": 21.935715119,
	"Latency": 0.001
}