{
	"TestType": "CHI2",
	"UseShares": true,
	"PValue": 10.808000040240586,
	"DatasetSize": 5000,
	"NumberOfCategories": 10,
	"NumberOfParties": 17,
	"TotalNumberOfShares": 794787,
	"DealerSetupTime": 8.545460936,
	"TotalTime": 999.203672296,
	"ComputationTime": 5.622450725,
	"ComparisonTime": 0,
	"DivisionTime": 993.581222075,
	"Latency": 0.001
}