{
	"TestType": "CHI2",
	"UseShares": true,
	"PValue": 2.4240000089630485,
	"DatasetSize": 5000,
	"NumberOfCategories": 5,
	"NumberOfParties": 9,
	"TotalNumberOfShares": 397505,
	"DealerSetupTime": 2.339192024,
	"TotalTime": 123.178379227,
	"ComputationTime": 1.396863083,
	"ComparisonTime": 0,
	"DivisionTime": 121.781516988,
	"Latency": 0.001
}