{
	"TestType": "CHI2",
	"UseShares": true,
	"PValue": 10.808000040240586,
	"DatasetSize": 5000,
	"NumberOfCategories": 10,
	"NumberOfParties": 9,
	"TotalNumberOfShares": 794777,
	"DealerSetupTime": 4.551382367,
	"TotalTime": 226.241248234,
	"ComputationTime": 2.5506148299999998,
	"ComparisonTime": 0,
	"DivisionTime": 223.690634149,
	"Latency": 0.001
}