{
	"TestType": "PEARSON",
	"UseShares": true,
	"PValue": -0.011239587150386884,
	"DatasetSize": 10000,
	"NumberOfCategories": 0,
	"NumberOfParties": 9,
	"TotalNumberOfShares": 264126,
	"DealerSetupTime": 1.7404150999999999,
	"TotalTime": 84.14679312,
	"ComputationTime": 20.579455483,
	"ComparisonTime": 25.189238995,
	"DivisionTime": 38.378099869,
	"Latency": 0.001
}