{
	"TestType": "CHI2",
	"UseShares": true,
	"PValue": 25.152000093832612,
	"DatasetSize": 10000,
	"NumberOfCategories": 20,
	"NumberOfParties": 17,
	"TotalNumberOfShares": 1789346,
	"DealerSetupTime": 66.374046572,
	"TotalTime": 2770.343236866,
	"ComputationTime": 24.645599649,
	"ComparisonTime": 0,
	"DivisionTime": 2745.697638111,
	"Latency": 0.001
}