{
	"TestType": "CHI2",
	"UseShares": true,
	"PValue": 10.808000040240586,
	"DatasetSize": 5000,
	"NumberOfCategories": 10,
	"NumberOfParties": 3,
	"TotalNumberOfShares": 794788,
	"DealerSetupTime": 1.537778654,
	"TotalTime": 37.560628507,
	"ComputationTime": 0.842284156,
	"ComparisonTime": 0,
	"DivisionTime": 36.718344891,
	"Latency": 0.001
}