{
	"TestType": "CHI2",
	"UseShares": true,
	"PValue": 12.160000045783818,
	"DatasetSize": 1000,
	"NumberOfCategories": 10,
	"NumberOfParties": 17,
	"TotalNumberOfShares": 714773,
	"DealerSetupTime": 1.558274564,
	"TotalTime": 910.872877915,
	"ComputationTime": 1.995749935,
	"ComparisonTime": 0,
	"DivisionTime": 908.877128911,
	"Latency": 0.001
}