{
	"TestType": "CHI2",
	"UseShares": true,
	"PValue": 7.800000029616058,
	"DatasetSize": 1000,
	"NumberOfCategories": 5,
	"NumberOfParties": 17,
	"TotalNumberOfShares": 357506,
	"DealerSetupTime": 0.802405115,
	"TotalTime": 460.627018756,
	"ComputationTime": 1.3706071450000001,
	"ComparisonTime": 0,
	"DivisionTime": 459.256412334,
	"Latency": 0.001
}