{
	"TestType": "CHI2",
	"UseShares": true,
	"PValue": 25.152000093832612,
	"DatasetSize": 10000,
	"NumberOfCategories": 20,
	"NumberOfParties": 3,
	"TotalNumberOfShares": 1789349,
	"DealerSetupTime": 7.21929704,
	"TotalTime": 103.660757839,
	"ComputationTime": 3.395184985,
	"ComparisonTime": 0,
	"DivisionTime": 100.265573831,
	"Latency": 0.001
}