{
	"TestType": "PEARSON",
	"UseShares": true,
	"PValue": 0.019742726794516528,
	"DatasetSize": 5000,
	"NumberOfCategories": 0,
	"NumberOfParties": 5,
	"TotalNumberOfShares": 204112,
	"DealerSetupTime": 0.687256714,
	"TotalTime": 40.029762309,
	"ComputationTime": 5.852707656,
	"ComparisonTime": 11.521657389,
	"DivisionTime": 22.655397978,
	"Latency": 0.001
}