{
	"TestType": "CHI2",
	"UseShares": true,
	"PValue": 2.4240000089630485,
	"DatasetSize": 5000,
	"NumberOfCategories": 5,
	"NumberOfParties": 3,
	"TotalNumberOfShares": 397505,
	"DealerSetupTime": 0.824539873,
	"TotalTime": 22.328807115,
	"ComputationTime": 0.486409617,
	"ComparisonTime": 0,
	"DivisionTime": 21.842398067,
	"Latency": 0.001
}