{
	"TestType": "CHI2",
	"UseShares": true,
	"PValue": 12.160000044852495,
	"DatasetSize": 1000,
	"NumberOfCategories": 10,
	"NumberOfParties": 5,
	"TotalNumberOfShares": 714782,
	"DealerSetupTime": 0.576131946,
	"TotalTime": 110.916259329,
	"ComputationTime": 0.443029387,
	"ComparisonTime": 0,
	"DivisionTime": 110.473230824,
	"Latency": 0.001
}