{
	"TestType": "CHI2",
	"UseShares": true,
	"PValue": 6.000000022351742,
	"DatasetSize": 10000,
	"NumberOfCategories": 10,
	"NumberOfParties": 5,
	"TotalNumberOfShares": 894785,
	"DealerSetupTime": 6.070775283,
	"TotalTime": 98.889738697,
	"ComputationTime": 2.92293582,
	"ComparisonTime": 0,
	"DivisionTime": 95.966803386,
	"Latency": 0.001
}