{
	"TestType": "CHI2",
	"UseShares": true,
	"PValue": 20.2800000756979,
	"DatasetSize": 1000,
	"NumberOfCategories": 20,
	"NumberOfParties": 5,
	"TotalNumberOfShares": 1429344,
	"DealerSetupTime": 1.864737146,
	"TotalTime": 245.032282408,
	"ComputationTime": 1.048035739,
	"ComparisonTime": 0,
	"DivisionTime": 243.984247214,
	"Latency": 0.001
}