{
	"TestType": "TTEST",
	"UseShares": true,
	"PValue": 0.029092793135472916,
	"DatasetSize": 5000,
	"NumberOfCategories": 0,
	"NumberOfParties": 17,
	"TotalNumberOfShares": 121016,
	"DealerSetupTime": 1.573935225,
	"TotalTime": 146.373230263,
	"ComputationTime": 30.663775402,
	"ComparisonTime": 0,
	"DivisionTime": 115.709467892,
	"Latency": 0.001
}