{
	"TestType": "CHI2",
	"UseShares": true,
	"PValue": 2.9430000111460686,
	"DatasetSize": 10000,
	"NumberOfCategories": 5,
	"NumberOfParties": 17,
	"TotalNumberOfShares": 447501,
	"DealerSetupTime": 16.9815292,
	"TotalTime": 589.087903725,
	"ComputationTime": 4.84686648,
	"ComparisonTime": 0,
	"DivisionTime": 584.241037748,
	"Latency": 0.001
}