{
	"TestType": "CHI2",
	"UseShares": true,
	"PValue": 20.2800000756979,
	"DatasetSize": 1000,
	"NumberOfCategories": 20,
	"NumberOfParties": 3,
	"TotalNumberOfShares": 1429354,
	"DealerSetupTime": 0.614714275,
	"TotalTime": 76.020654086,
	"ComputationTime": 0.394619691,
	"ComparisonTime": 0,
	"DivisionTime": 75.626035166,
	"Latency": 0.001
}