{
	"TestType": "TTEST",
	"UseShares": true,
	"PValue": 0.34220194519375713,
	"DatasetSize": 10000,
	"NumberOfCategories": 0,
	"NumberOfParties": 9,
	"TotalNumberOfShares": 171020,
	"DealerSetupTime": 1.7838276739999999,
	"TotalTime": 57.540868709,
	"ComputationTime": 16.758035802,
	"ComparisonTime": 0,
	"DivisionTime": 40.782840905,
	"Latency": 0.001
}