{
	"TestType": "CHI2",
	"UseShares": true,
	"PValue": 7.800000029616058,
	"DatasetSize": 1000,
	"NumberOfCategories": 5,
	"NumberOfParties": 5,
	"TotalNumberOfShares": 357502,
	"DealerSetupTime": 0.273486399,
	"TotalTime": 52.830603678,
	"ComputationTime": 0.368301062,
	"ComparisonTime": 0,
	"DivisionTime": 52.462303135,
	"Latency": 0.001
}