{
	"TestType": "PEARSON",
	"UseShares": true,
	"PValue": -0.0031259296941654976,
	"DatasetSize": 1000,
	"NumberOfCategories": 0,
	"NumberOfParties": 17,
	"TotalNumberOfShares": 156132,
	"DealerSetupTime": 0.331298308,
	"TotalTime": 213.879442447,
	"ComputationTime": 12.019151972,
	"ComparisonTime": 91.471091892,
	"DivisionTime": 110.389199134,
	"Latency": 0.001
}