{
	"TestType": "CHI2",
	"UseShares": true,
	"PValue": 15.952000060118735,
	"DatasetSize": 5000,
	"NumberOfCategories": 20,
	"NumberOfParties": 9,
	"TotalNumberOfShares": 1589356,
	"DealerSetupTime": 9.491150135,
	"TotalTime": 491.43265751,
	"ComputationTime": 4.417905591,
	"ComparisonTime": 0,
	"DivisionTime": 487.014752608,
	"Latency": 0.001
}