{
	"TestType": "CHI2",
	"UseShares": true,
	"PValue": 12.160000045783818,
	"DatasetSize": 1000,
	"NumberOfCategories": 10,
	"NumberOfParties": 17,
	"TotalNumberOfShares": 714789,
	"DealerSetupTime": 1.567228279,
	"TotalTime": 853.01761656,
	"ComputationTime": 1.950047449,
	"ComparisonTime": 0,
	"DivisionTime": 851.067569733,
	"Latency": 0.001
}