{
	"TestType": "CHI2",
	"UseShares": true,
	"PValue": 2.9430000111460686,
	"DatasetSize": 10000,
	"NumberOfCategories": 5,
	"NumberOfParties": 3,
	"TotalNumberOfShares": 447502,
	"DealerSetupTime": 1.602949714,
	"TotalTime": 25.096956934,
	"ComputationTime": 0.84554348,
	"ComparisonTime": 0,
	"DivisionTime": 24.251414088,
	"Latency": 0.001
}