{
	"TestType": "TTEST",
	"UseShares": true,
	"PValue": 0.19469008214028097,
	"DatasetSize": 1000,
	"NumberOfCategories": 0,
	"NumberOfParties": 9,
	"TotalNumberOfShares": 81019,
	"DealerSetupTime": 0.186138237,
	"TotalTime": 43.294778641,
	"ComputationTime": 4.818189738,
	"ComparisonTime": 0,
	"DivisionTime": 38.476600152,
	"Latency": 0.001
}