{
	"TestType": "CHI2",
	"UseShares": true,
	"PValue": 2.4240000089630485,
	"DatasetSize": 5000,
	"NumberOfCategories": 5,
	"NumberOfParties": 17,
	"TotalNumberOfShares": 397505,
	"DealerSetupTime": 3.922736548,
	"TotalTime": 433.53618033,
	"ComputationTime": 2.618095019,
	"ComparisonTime": 0,
	"DivisionTime": 430.918086255,
	"Latency": 0.001
}