{
	"TestType": "PEARSON",
	"UseShares": true,
	"PValue": 0.0197427032080297,
	"DatasetSize": 5000,
	"NumberOfCategories": 0,
	"NumberOfParties": 9,
	"TotalNumberOfShares": 204120,
	"DealerSetupTime": 0.978050881,
	"TotalTime": 78.518094854,
	"ComputationTime": 12.224669213,
	"ComparisonTime": 27.181535217,
	"DivisionTime": 39.111891279,
	"Latency": 0.001
}