{
	"TestType": "CHI2",
	"UseShares": true,
	"PValue": 6.000000022351742,
	"DatasetSize": 10000,
	"NumberOfCategories": 10,
	"NumberOfParties": 17,
	"TotalNumberOfShares": 894787,
	"DealerSetupTime": 15.826829211,
	"TotalTime": 879.811401901,
	"ComputationTime": 8.519370535,
	"ComparisonTime": 0,
	"DivisionTime": 871.292032312,
	"Latency": 0.001
}