{
	"TestType": "CHI2",
	"UseShares": true,
	"PValue": 2.9430000111460686,
	"DatasetSize": 10000,
	"NumberOfCategories": 5,
	"NumberOfParties": 9,
	"TotalNumberOfShares": 447505,
	"DealerSetupTime": 4.673321828,
	"TotalTime": 131.202766187,
	"ComputationTime": 2.482572314,
	"ComparisonTime": 0,
	"DivisionTime": 128.720194508,
	"Latency": 0.001
}