{
	"TestType": "CHI2",
	"UseShares": true,
	"PValue": 2.943000010214746,
	"DatasetSize": 10000,
	"NumberOfCategories": 5,
	"NumberOfParties": 17,
	"TotalNumberOfShares": 447496,
	"DealerSetupTime": 7.722988395,
	"TotalTime": 446.197494717,
	"ComputationTime": 3.814909938,
	"ComparisonTime": 0,
	"DivisionTime": 442.382585398,
	"Latency": 0.001
}