{
	"TestType": "TTEST",
	"UseShares": true,
	"PValue": 0.34220194655453634,
	"DatasetSize": 10000,
	"NumberOfCategories": 0,
	"NumberOfParties": 9,
	"TotalNumberOfShares": 171018,
	"DealerSetupTime": 1.803346891,
	"TotalTime": 54.981071217,
	"ComputationTime": 16.245559823,
	"ComparisonTime": 0,
	"DivisionTime": 38.735521978,
	"Latency": 0.001
}