{
	"TestType": "PEARSON",
	"UseShares": true,
	"PValue": -0.0031257807233219326,
	"DatasetSize": 1000,
	"NumberOfCategories": 0,
	"NumberOfParties": 9,
	"TotalNumberOfShares": 156122,
	"DealerSetupTime": 0.180067301,
	"TotalTime": 70.009652976,
	"ComputationTime": 4.879134955,
	"ComparisonTime": 26.321087904,
	"DivisionTime": 38.809431224,
	"Latency": 0.001
}