{
	"Test": "Chi-Squared",
	"Value": "51.85185184233678",
	"TotalRuntime": 146.723291855,
	"SetupTime": 0.049060446,
	"ComputeRuntime": 0.163755675,
	"SignExtractionRuntime": 0,
	"DivRuntime": 146.559536476,
	"AuditRuntime": 0,
	"NumParties": 11,
	"NumRows": 108,
	"NumCols": 4,
	"NumSharesCreated": 276366,
	"RunId": 0
}