{
	"Test": "Chi-Squared",
	"Value": "2.4240000089630485",
	"TotalRuntime": 169.078623185,
	"SetupTime": 0.396334573,
	"ComputeRuntime": 0.131973379,
	"DivRuntime": 168.946650552,
	"AuditRuntime": 0.111559286,
	"NumParties": 11,
	"NumRows": 5000,
	"NumCols": 5,
	"NumSharesCreated": 346406,
	"RunId": 0
}