{
	"Test": "Chi-Squared",
	"Value": "10.808000040327991",
	"TotalRuntime": 75.298270337,
	"SetupTime": 5.842107713,
	"ComputeRuntime": 0.645723462,
	"DivRuntime": 74.652547115,
	"AuditRuntime": 0,
	"NumParties": 5,
	"NumRows": 5000,
	"NumCols": 10,
	"NumSharesCreated": 690905,
	"RunId": 0
}