{
	"Test": "Chi-Squared",
	"Value": "51.85185184797837",
	"TotalRuntime": 43.465521429,
	"SetupTime": 0.05383742,
	"ComputeRuntime": 0.123556627,
	"SignExtractionRuntime": 0,
	"DivRuntime": 43.341965133,
	"AuditRuntime": 0,
	"NumParties": 5,
	"NumRows": 108,
	"NumCols": 4,
	"NumSharesCreated": 276363,
	"RunId": 0
}