{
	"Test": "Chi-Squared",
	"Value": "7.8000000286165765",
	"TotalRuntime": 49.490975885,
	"SetupTime": 0.519298776,
	"ComputeRuntime": 0.178717725,
	"SignExtractionRuntime": 0,
	"DivRuntime": 49.312258532,
	"AuditRuntime": 0,
	"NumParties": 5,
	"NumRows": 1000,
	"NumCols": 5,
	"NumSharesCreated": 345455,
	"RunId": 0
}