{
	"Test": "Chi-Squared",
	"Value": "51.851851841434836",
	"TotalRuntime": 128.447236097,
	"SetupTime": 0.010025835,
	"ComputeRuntime": 0.033265732,
	"DivRuntime": 128.413970817,
	"AuditRuntime": 0.003509291,
	"NumParties": 11,
	"NumRows": 108,
	"NumCols": 4,
	"NumSharesCreated": 277169,
	"RunId": 0
}