{
	"Test": "Chi-Squared",
	"Value": "2.4240000089959812",
	"TotalRuntime": 31.205258021,
	"SetupTime": 8.587469666,
	"ComputeRuntime": 0.449767543,
	"SignExtractionRuntime": 0,
	"DivRuntime": 30.755490796,
	"AuditRuntime": 0,
	"NumParties": 3,
	"NumRows": 5000,
	"NumCols": 5,
	"NumSharesCreated": 345445,
	"RunId": 0
}