{
	"Test": "Chi-Squared",
	"Value": "25.152000093651164",
	"TotalRuntime": 479.28498661,
	"SetupTime": 25.799034924,
	"ComputeRuntime": 2.269400762,
	"DivRuntime": 477.015586086,
	"AuditRuntime": 0,
	"NumParties": 11,
	"NumRows": 10000,
	"NumCols": 20,
	"NumSharesCreated": 1381805,
	"RunId": 0
}