{
	"Test": "Chi-Squared",
	"Value": "2.4240000091239255",
	"TotalRuntime": 51.774245684,
	"SetupTime": 2.856502519,
	"ComputeRuntime": 0.347493645,
	"SignExtractionRuntime": 0,
	"DivRuntime": 51.426752376,
	"AuditRuntime": 0,
	"NumParties": 5,
	"NumRows": 5000,
	"NumCols": 5,
	"NumSharesCreated": 345455,
	"RunId": 0
}