{
	"Test": "Chi-Squared",
	"Value": "15.952000059187412",
	"TotalRuntime": 576.039572179,
	"SetupTime": 1.471216807,
	"ComputeRuntime": 0.456591993,
	"DivRuntime": 575.58298074,
	"AuditRuntime": 0.405041515,
	"NumParties": 11,
	"NumRows": 5000,
	"NumCols": 20,
	"NumSharesCreated": 1384948,
	"RunId": 0
}