{
	"Test": "Chi-Squared",
	"Value": "25.152000093832612",
	"TotalRuntime": 553.270487461,
	"SetupTime": 3.120068357,
	"ComputeRuntime": 0.819195752,
	"DivRuntime": 552.451292225,
	"AuditRuntime": 1.1972814920000001,
	"NumParties": 11,
	"NumRows": 10000,
	"NumCols": 20,
	"NumSharesCreated": 1384946,
	"RunId": 0
}