{
	"Test": "Chi-Squared",
	"Value": "10.808000040240586",
	"TotalRuntime": 306.120607165,
	"SetupTime": 0.781085122,
	"ComputeRuntime": 0.282888985,
	"DivRuntime": 305.837718641,
	"AuditRuntime": 0.211598065,
	"NumParties": 11,
	"NumRows": 5000,
	"NumCols": 10,
	"NumSharesCreated": 692586,
	"RunId": 0
}