{
	"Test": "Chi-Squared",
	"Value": "6.000000022349123",
	"TotalRuntime": 53.194488475,
	"SetupTime": 34.294941645,
	"ComputeRuntime": 1.249989324,
	"SignExtractionRuntime": 0,
	"DivRuntime": 51.944499441,
	"AuditRuntime": 0,
	"NumParties": 3,
	"NumRows": 10000,
	"NumCols": 10,
	"NumSharesCreated": 690903,
	"RunId": 0
}