{
	"Test": "Chi-Squared",
	"Value": "10.808000040397642",
	"TotalRuntime": 40.287723106,
	"SetupTime": 5.885173448,
	"ComputeRuntime": 0.79048824,
	"DivRuntime": 39.497235157,
	"AuditRuntime": 0,
	"NumParties": 3,
	"NumRows": 5000,
	"NumCols": 10,
	"NumSharesCreated": 690897,
	"RunId": 0
}