{
	"Test": "Chi-Squared",
	"Value": "20.280000073835254",
	"TotalRuntime": 596.413419584,
	"SetupTime": 0.33918738,
	"ComputeRuntime": 0.154330228,
	"DivRuntime": 596.259089834,
	"AuditRuntime": 0.083817493,
	"NumParties": 11,
	"NumRows": 1000,
	"NumCols": 20,
	"NumSharesCreated": 1384941,
	"RunId": 0
}