{
	"Test": "Chi-Squared",
	"Value": "10.808000040533177",
	"TotalRuntime": 91.271258761,
	"SetupTime": 6.273288716,
	"ComputeRuntime": 0.658133098,
	"SignExtractionRuntime": 0,
	"DivRuntime": 90.613126,
	"AuditRuntime": 0,
	"NumParties": 5,
	"NumRows": 5000,
	"NumCols": 10,
	"NumSharesCreated": 690906,
	"RunId": 0
}