{
	"Test": "Chi-Squared",
	"Value": "10.808000040240586",
	"TotalRuntime": 44.624025373,
	"SetupTime": 2.882700403,
	"ComputeRuntime": 0.332962767,
	"DivRuntime": 44.291062896,
	"AuditRuntime": 0.202455452,
	"NumParties": 3,
	"NumRows": 5000,
	"NumCols": 10,
	"NumSharesCreated": 692585,
	"RunId": 0
}