{
	"Test": "Chi-Squared",
	"Value": "20.280000075263544",
	"TotalRuntime": 104.060126643,
	"SetupTime": 2.253233072,
	"ComputeRuntime": 0.63898706,
	"SignExtractionRuntime": 0,
	"DivRuntime": 103.421139825,
	"AuditRuntime": 0,
	"NumParties": 3,
	"NumRows": 1000,
	"NumCols": 20,
	"NumSharesCreated": 1381813,
	"RunId": 0
}