{
	"Test": "Chi-Squared",
	"Value": "2.943000010984706",
	"TotalRuntime": 22.20315854,
	"SetupTime": 5.923678712,
	"ComputeRuntime": 0.508287616,
	"DivRuntime": 21.694871148,
	"AuditRuntime": 0,
	"NumParties": 3,
	"NumRows": 10000,
	"NumCols": 5,
	"NumSharesCreated": 345451,
	"RunId": 0
}