{
	"Test": "Chi-Squared",
	"Value": "6.000000022351742",
	"TotalRuntime": 298.659831293,
	"SetupTime": 1.482884592,
	"ComputeRuntime": 0.444640151,
	"DivRuntime": 298.215191617,
	"AuditRuntime": 0.412487193,
	"NumParties": 11,
	"NumRows": 10000,
	"NumCols": 10,
	"NumSharesCreated": 692584,
	"RunId": 0
}