{
	"Test": "Chi-Squared",
	"Value": "15.95200005934439",
	"TotalRuntime": 77.481858203,
	"SetupTime": 34.093993733,
	"ComputeRuntime": 1.6591246819999999,
	"DivRuntime": 75.822733773,
	"AuditRuntime": 0,
	"NumParties": 3,
	"NumRows": 5000,
	"NumCols": 20,
	"NumSharesCreated": 1381807,
	"RunId": 0
}