{
	"Test": "Chi-Squared",
	"Value": "7.800000029027267",
	"TotalRuntime": 151.679141595,
	"SetupTime": 0.46304779,
	"ComputeRuntime": 0.195021512,
	"DivRuntime": 151.484120624,
	"AuditRuntime": 0,
	"NumParties": 11,
	"NumRows": 1000,
	"NumCols": 5,
	"NumSharesCreated": 345452,
	"RunId": 0
}