{
	"Test": "Chi-Squared",
	"Value": "10.808000040038257",
	"TotalRuntime": 262.076005638,
	"SetupTime": 5.290478068,
	"ComputeRuntime": 0.655972472,
	"DivRuntime": 261.420033489,
	"AuditRuntime": 0,
	"NumParties": 11,
	"NumRows": 5000,
	"NumCols": 10,
	"NumSharesCreated": 690905,
	"RunId": 0
}