{
	"Test": "Chi-Squared",
	"Value": "6.000000021946962",
	"TotalRuntime": 261.524091312,
	"SetupTime": 12.528280447,
	"ComputeRuntime": 1.250560676,
	"DivRuntime": 260.27353088,
	"AuditRuntime": 0,
	"NumParties": 11,
	"NumRows": 10000,
	"NumCols": 10,
	"NumSharesCreated": 690904,
	"RunId": 0
}