{
	"Test": "Chi-Squared",
	"Value": "7.800000028684735",
	"TotalRuntime": 157.328990571,
	"SetupTime": 0.066447226,
	"ComputeRuntime": 0.053009432,
	"DivRuntime": 157.275981705,
	"AuditRuntime": 0.020956276,
	"NumParties": 11,
	"NumRows": 1000,
	"NumCols": 5,
	"NumSharesCreated": 346403,
	"RunId": 0
}