{
	"Test": "Chi-Squared",
	"Value": "20.280000073835254",
	"TotalRuntime": 82.956442869,
	"SetupTime": 1.043878507,
	"ComputeRuntime": 0.145964449,
	"DivRuntime": 82.810478988,
	"AuditRuntime": 0.089810169,
	"NumParties": 3,
	"NumRows": 1000,
	"NumCols": 20,
	"NumSharesCreated": 1384931,
	"RunId": 0
}