{
	"Test": "Chi-Squared",
	"Value": "25.15200009290129",
	"TotalRuntime": 160.100717712,
	"SetupTime": 7.704675495,
	"ComputeRuntime": 1.115988093,
	"DivRuntime": 158.984730191,
	"AuditRuntime": 1.739286801,
	"NumParties": 5,
	"NumRows": 10000,
	"NumCols": 20,
	"NumSharesCreated": 1384951,
	"RunId": 0
}