{
	"Test": "Chi-Squared",
	"Value": "15.952000058878179",
	"TotalRuntime": 180.016698308,
	"SetupTime": 20.345176029,
	"ComputeRuntime": 1.350130566,
	"SignExtractionRuntime": 0,
	"DivRuntime": 178.66656802400001,
	"AuditRuntime": 0,
	"NumParties": 5,
	"NumRows": 5000,
	"NumCols": 20,
	"NumSharesCreated": 1381802,
	"RunId": 0
}