{
	"Test": "Chi-Squared",
	"Value": "6.000000022248544",
	"TotalRuntime": 40.646642148,
	"SetupTime": 34.263471925,
	"ComputeRuntime": 1.074200223,
	"DivRuntime": 39.572442235,
	"AuditRuntime": 0,
	"NumParties": 3,
	"NumRows": 10000,
	"NumCols": 10,
	"NumSharesCreated": 690905,
	"RunId": 0
}