{
	"Test": "Chi-Squared",
	"Value": "12.160000045783818",
	"TotalRuntime": 42.600306434,
	"SetupTime": 0.526754091,
	"ComputeRuntime": 0.07745066,
	"DivRuntime": 42.522856161,
	"AuditRuntime": 0.043810048,
	"NumParties": 3,
	"NumRows": 1000,
	"NumCols": 10,
	"NumSharesCreated": 692586,
	"RunId": 0
}