{
	"Test": "Chi-Squared",
	"Value": "2.9430000109869536",
	"TotalRuntime": 181.107476694,
	"SetupTime": 5.746249843,
	"ComputeRuntime": 0.583252528,
	"SignExtractionRuntime": 0,
	"DivRuntime": 180.524224477,
	"AuditRuntime": 0,
	"NumParties": 11,
	"NumRows": 10000,
	"NumCols": 5,
	"NumSharesCreated": 345448,
	"RunId": 0
}