{
	"Test": "Chi-Squared",
	"Value": "20.2800000756979",
	"TotalRuntime": 166.54996099,
	"SetupTime": 0.64986507,
	"ComputeRuntime": 0.150985618,
	"DivRuntime": 166.398975927,
	"AuditRuntime": 0.082618201,
	"NumParties": 5,
	"NumRows": 1000,
	"NumCols": 20,
	"NumSharesCreated": 1384940,
	"RunId": 0
}