{
	"Test": "Chi-Squared",
	"Value": "2.943000010214746",
	"TotalRuntime": 161.485607755,
	"SetupTime": 0.749247317,
	"ComputeRuntime": 0.22216582,
	"DivRuntime": 161.263442668,
	"AuditRuntime": 0.209321188,
	"NumParties": 11,
	"NumRows": 10000,
	"NumCols": 5,
	"NumSharesCreated": 346397,
	"RunId": 0
}