{
	"Test": "Chi-Squared",
	"Value": "6.000000022537974",
	"TotalRuntime": 93.507231943,
	"SetupTime": 20.324957305,
	"ComputeRuntime": 1.3767665550000001,
	"SignExtractionRuntime": 0,
	"DivRuntime": 92.130465681,
	"AuditRuntime": 0,
	"NumParties": 5,
	"NumRows": 10000,
	"NumCols": 10,
	"NumSharesCreated": 690908,
	"RunId": 0
}