{
	"Test": "Chi-Squared",
	"Value": "12.160000043921173",
	"TotalRuntime": 303.563673475,
	"SetupTime": 0.160251397,
	"ComputeRuntime": 0.081426174,
	"DivRuntime": 303.48224821,
	"AuditRuntime": 0.041599125,
	"NumParties": 11,
	"NumRows": 1000,
	"NumCols": 10,
	"NumSharesCreated": 692589,
	"RunId": 0
}