{
	"Test": "Chi-Squared",
	"Value": "6.000000022351742",
	"TotalRuntime": 83.320235425,
	"SetupTime": 3.9669104920000002,
	"ComputeRuntime": 0.579461167,
	"DivRuntime": 82.740774827,
	"AuditRuntime": 0.409340157,
	"NumParties": 5,
	"NumRows": 10000,
	"NumCols": 10,
	"NumSharesCreated": 692589,
	"RunId": 0
}