{
	"Test": "Chi-Squared",
	"Value": "51.85185184981674",
	"TotalRuntime": 37.624382322,
	"SetupTime": 0.015898478,
	"ComputeRuntime": 0.02422068,
	"DivRuntime": 37.600161922,
	"AuditRuntime": 0.003130534,
	"NumParties": 5,
	"NumRows": 108,
	"NumCols": 4,
	"NumSharesCreated": 277169,
	"RunId": 0
}