{
	"Test": "Chi-Squared",
	"Value": "2.9430000111460686",
	"TotalRuntime": 46.954918581,
	"SetupTime": 1.6069240489999999,
	"ComputeRuntime": 0.244720543,
	"DivRuntime": 46.710198318,
	"AuditRuntime": 0.200298575,
	"NumParties": 5,
	"NumRows": 10000,
	"NumCols": 5,
	"NumSharesCreated": 346405,
	"RunId": 0
}