{
	"Test": "Chi-Squared",
	"Value": "7.800000028776392",
	"TotalRuntime": 20.83567814,
	"SetupTime": 0.502953116,
	"ComputeRuntime": 0.174552197,
	"DivRuntime": 20.661126363,
	"AuditRuntime": 0,
	"NumParties": 3,
	"NumRows": 1000,
	"NumCols": 5,
	"NumSharesCreated": 345454,
	"RunId": 0
}