{
	"Test": "Chi-Squared",
	"Value": "7.800000028684735",
	"TotalRuntime": 44.689668419,
	"SetupTime": 0.086957916,
	"ComputeRuntime": 0.040846396,
	"DivRuntime": 44.648822273,
	"AuditRuntime": 0.022030852,
	"NumParties": 5,
	"NumRows": 1000,
	"NumCols": 5,
	"NumSharesCreated": 346400,
	"RunId": 0
}