{
	"Test": "Chi-Squared",
	"Value": "12.160000044226008",
	"TotalRuntime": 79.482072614,
	"SetupTime": 2.052728779,
	"ComputeRuntime": 0.300744016,
	"DivRuntime": 79.181328882,
	"AuditRuntime": 0,
	"NumParties": 5,
	"NumRows": 1000,
	"NumCols": 10,
	"NumSharesCreated": 690906,
	"RunId": 0
}