{
	"Test": "Chi-Squared",
	"Value": "15.952000057838777",
	"TotalRuntime": 638.041195599,
	"SetupTime": 12.794007699,
	"ComputeRuntime": 2.227599716,
	"SignExtractionRuntime": 0,
	"DivRuntime": 635.813596202,
	"AuditRuntime": 0,
	"NumParties": 11,
	"NumRows": 5000,
	"NumCols": 20,
	"NumSharesCreated": 1381805,
	"RunId": 0
}