{
	"Test": "Chi-Squared",
	"Value": "20.280000073200476",
	"TotalRuntime": 639.187959674,
	"SetupTime": 2.469418582,
	"ComputeRuntime": 0.741470502,
	"SignExtractionRuntime": 0,
	"DivRuntime": 638.446489823,
	"AuditRuntime": 0,
	"NumParties": 11,
	"NumRows": 1000,
	"NumCols": 20,
	"NumSharesCreated": 1381797,
	"RunId": 0
}