{
	"Test": "Chi-Squared",
	"Value": "20.2800000756979",
	"TotalRuntime": 166.875338526,
	"SetupTime": 0.636901581,
	"ComputeRuntime": 0.149002072,
	"DivRuntime": 166.726336922,
	"AuditRuntime": 0.093315668,
	"NumParties": 5,
	"NumRows": 1000,
	"NumCols": 20,
	"NumSharesCreated": 1384951,
	"RunId": 0
}