{
	"Test": "Chi-Squared",
	"Value": "12.160000045519428",
	"TotalRuntime": 84.228417338,
	"SetupTime": 0.937323919,
	"ComputeRuntime": 0.294565679,
	"SignExtractionRuntime": 0,
	"DivRuntime": 83.933851914,
	"AuditRuntime": 0,
	"NumParties": 5,
	"NumRows": 1000,
	"NumCols": 10,
	"NumSharesCreated": 690902,
	"RunId": 0
}