{
	"Test": "Chi-Squared",
	"Value": "20.280000070109963",
	"TotalRuntime": 552.449707767,
	"SetupTime": 0.319155334,
	"ComputeRuntime": 0.151626648,
	"DivRuntime": 552.298081547,
	"AuditRuntime": 0.081113154,
	"NumParties": 11,
	"NumRows": 1000,
	"NumCols": 20,
	"NumSharesCreated": 1384952,
	"RunId": 0
}