{
	"Test": "Chi-Squared",
	"Value": "2.9430000111460686",
	"TotalRuntime": 146.035364266,
	"SetupTime": 0.882920124,
	"ComputeRuntime": 0.252347995,
	"DivRuntime": 145.783016788,
	"AuditRuntime": 0.201272956,
	"NumParties": 11,
	"NumRows": 10000,
	"NumCols": 5,
	"NumSharesCreated": 346403,
	"RunId": 0
}