{
	"Test": "Chi-Squared",
	"Value": "2.42400000911779",
	"TotalRuntime": 143.580509376,
	"SetupTime": 3.097138784,
	"ComputeRuntime": 0.366892694,
	"DivRuntime": 143.213616985,
	"AuditRuntime": 0,
	"NumParties": 11,
	"NumRows": 5000,
	"NumCols": 5,
	"NumSharesCreated": 345455,
	"RunId": 0
}