{
	"Test": "Chi-Squared",
	"Value": "2.4240000089630485",
	"TotalRuntime": 48.003552644,
	"SetupTime": 0.812510079,
	"ComputeRuntime": 0.142700438,
	"DivRuntime": 47.860852506,
	"AuditRuntime": 0.098272178,
	"NumParties": 5,
	"NumRows": 5000,
	"NumCols": 5,
	"NumSharesCreated": 346409,
	"RunId": 0
}