{
	"Test": "Chi-Squared",
	"Value": "51.85185185074806",
	"TotalRuntime": 23.476081675,
	"SetupTime": 0.024375532,
	"ComputeRuntime": 0.021120113,
	"DivRuntime": 23.454961898,
	"AuditRuntime": 0.003045811,
	"NumParties": 3,
	"NumRows": 108,
	"NumCols": 4,
	"NumSharesCreated": 277167,
	"RunId": 0
}