{
	"Test": "Chi-Squared",
	"Value": "12.16000004503663",
	"TotalRuntime": 322.032111539,
	"SetupTime": 1.056511727,
	"ComputeRuntime": 0.340905102,
	"SignExtractionRuntime": 0,
	"DivRuntime": 321.691206756,
	"AuditRuntime": 0,
	"NumParties": 11,
	"NumRows": 1000,
	"NumCols": 10,
	"NumSharesCreated": 690900,
	"RunId": 0
}