{
	"Test": "Chi-Squared",
	"Value": "15.952000059187412",
	"TotalRuntime": 79.294229047,
	"SetupTime": 5.339386992,
	"ComputeRuntime": 0.783494834,
	"DivRuntime": 78.510734538,
	"AuditRuntime": 0.49166906,
	"NumParties": 3,
	"NumRows": 5000,
	"NumCols": 20,
	"NumSharesCreated": 1384949,
	"RunId": 0
}