{
	"Test": "Chi-Squared",
	"Value": "15.952000060118735",
	"TotalRuntime": 160.254446947,
	"SetupTime": 3.952517995,
	"ComputeRuntime": 0.645359506,
	"DivRuntime": 159.609095911,
	"AuditRuntime": 0.439185179,
	"NumParties": 5,
	"NumRows": 5000,
	"NumCols": 20,
	"NumSharesCreated": 1384945,
	"RunId": 0
}