{
	"Test": "Chi-Squared",
	"Value": "2.9430000109609273",
	"TotalRuntime": 43.264468186,
	"SetupTime": 8.257932329,
	"ComputeRuntime": 0.569087431,
	"DivRuntime": 42.695381072,
	"AuditRuntime": 0,
	"NumParties": 5,
	"NumRows": 10000,
	"NumCols": 5,
	"NumSharesCreated": 345455,
	"RunId": 0
}