{
	"Test": "Chi-Squared",
	"Value": "7.800000029136231",
	"TotalRuntime": 45.438538311,
	"SetupTime": 0.596715903,
	"ComputeRuntime": 0.197017481,
	"DivRuntime": 45.241521104,
	"AuditRuntime": 0,
	"NumParties": 5,
	"NumRows": 1000,
	"NumCols": 5,
	"NumSharesCreated": 345453,
	"RunId": 0
}