{
	"Test": "Chi-Squared",
	"Value": "51.851851851679385",
	"TotalRuntime": 21.103372786,
	"SetupTime": 0.024105118,
	"ComputeRuntime": 0.0286194,
	"DivRuntime": 21.074753961,
	"AuditRuntime": 0.003082638,
	"NumParties": 3,
	"NumRows": 108,
	"NumCols": 4,
	"NumSharesCreated": 277169,
	"RunId": 0
}