{
	"Test": "Chi-Squared",
	"Value": "15.952000059187412",
	"TotalRuntime": 163.148656157,
	"SetupTime": 3.736299342,
	"ComputeRuntime": 0.721138493,
	"DivRuntime": 162.427529061,
	"AuditRuntime": 0.7038572,
	"NumParties": 5,
	"NumRows": 5000,
	"NumCols": 20,
	"NumSharesCreated": 1384939,
	"RunId": 0
}