{
	"Test": "Chi-Squared",
	"Value": "15.952000058992947",
	"TotalRuntime": 153.048868382,
	"SetupTime": 17.992407862,
	"ComputeRuntime": 1.32806036,
	"DivRuntime": 151.720808358,
	"AuditRuntime": 0,
	"NumParties": 5,
	"NumRows": 5000,
	"NumCols": 20,
	"NumSharesCreated": 1381798,
	"RunId": 0
}