{
	"Test": "Chi-Squared",
	"Value": "10.808000040240586",
	"TotalRuntime": 42.249288472,
	"SetupTime": 2.620288016,
	"ComputeRuntime": 0.269135763,
	"DivRuntime": 41.98015301,
	"AuditRuntime": 0.236371664,
	"NumParties": 3,
	"NumRows": 5000,
	"NumCols": 10,
	"NumSharesCreated": 692591,
	"RunId": 0
}