{
	"Test": "Chi-Squared",
	"Value": "12.160000046551987",
	"TotalRuntime": 37.495887737,
	"SetupTime": 0.967228189,
	"ComputeRuntime": 0.312947702,
	"DivRuntime": 37.182940356,
	"AuditRuntime": 0,
	"NumParties": 3,
	"NumRows": 1000,
	"NumCols": 10,
	"NumSharesCreated": 690894,
	"RunId": 0
}