{
	"Test": "Chi-Squared",
	"Value": "20.28000007362628",
	"TotalRuntime": 501.962351183,
	"SetupTime": 2.285056056,
	"ComputeRuntime": 0.708125058,
	"DivRuntime": 501.254226701,
	"AuditRuntime": 0,
	"NumParties": 11,
	"NumRows": 1000,
	"NumCols": 20,
	"NumSharesCreated": 1381802,
	"RunId": 0
}