{
	"Test": "Chi-Squared",
	"Value": "2.9430000109881314",
	"TotalRuntime": 50.296957056,
	"SetupTime": 10.201281824,
	"ComputeRuntime": 0.547199566,
	"SignExtractionRuntime": 0,
	"DivRuntime": 49.749757821,
	"AuditRuntime": 0,
	"NumParties": 5,
	"NumRows": 10000,
	"NumCols": 5,
	"NumSharesCreated": 345455,
	"RunId": 0
}