{
	"Test": "Chi-Squared",
	"Value": "25.152000093832612",
	"TotalRuntime": 81.873058606,
	"SetupTime": 11.446288326,
	"ComputeRuntime": 1.284253076,
	"DivRuntime": 80.588806096,
	"AuditRuntime": 0.950786754,
	"NumParties": 3,
	"NumRows": 10000,
	"NumCols": 20,
	"NumSharesCreated": 1384931,
	"RunId": 0
}