{
	"Test": "Chi-Squared",
	"Value": "51.85185183863704",
	"TotalRuntime": 126.643690954,
	"SetupTime": 0.045601512,
	"ComputeRuntime": 0.155791696,
	"DivRuntime": 126.487899605,
	"AuditRuntime": 0,
	"NumParties": 11,
	"NumRows": 108,
	"NumCols": 4,
	"NumSharesCreated": 276362,
	"RunId": 0
}