{
	"Test": "Chi-Squared",
	"Value": "12.160000044852495",
	"TotalRuntime": 82.335836984,
	"SetupTime": 0.321606925,
	"ComputeRuntime": 0.073041838,
	"DivRuntime": 82.262817477,
	"AuditRuntime": 0.045785207,
	"NumParties": 5,
	"NumRows": 1000,
	"NumCols": 10,
	"NumSharesCreated": 692578,
	"RunId": 0
}