{
	"Test": "Chi-Squared",
	"Value": "25.15200009378726",
	"TotalRuntime": 629.823803027,
	"SetupTime": 25.266277207,
	"ComputeRuntime": 2.533977258,
	"SignExtractionRuntime": 0,
	"DivRuntime": 627.289826041,
	"AuditRuntime": 0,
	"NumParties": 11,
	"NumRows": 10000,
	"NumCols": 20,
	"NumSharesCreated": 1381810,
	"RunId": 0
}