{
	"Test": "Chi-Squared",
	"Value": "6.00000002221134",
	"TotalRuntime": 77.269404438,
	"SetupTime": 20.630739066,
	"ComputeRuntime": 1.109254547,
	"DivRuntime": 76.160150184,
	"AuditRuntime": 0,
	"NumParties": 5,
	"NumRows": 10000,
	"NumCols": 10,
	"NumSharesCreated": 690908,
	"RunId": 0
}