{
	"Test": "Chi-Squared",
	"Value": "10.808000040043728",
	"TotalRuntime": 329.828811701,
	"SetupTime": 5.602552115,
	"ComputeRuntime": 0.721719473,
	"SignExtractionRuntime": 0,
	"DivRuntime": 329.107092565,
	"AuditRuntime": 0,
	"NumParties": 11,
	"NumRows": 5000,
	"NumCols": 10,
	"NumSharesCreated": 690899,
	"RunId": 0
}