{
	"Test": "Chi-Squared",
	"Value": "20.280000074981167",
	"TotalRuntime": 75.772523858,
	"SetupTime": 2.032451655,
	"ComputeRuntime": 0.64842398,
	"DivRuntime": 75.124100119,
	"AuditRuntime": 0,
	"NumParties": 3,
	"NumRows": 1000,
	"NumCols": 20,
	"NumSharesCreated": 1381800,
	"RunId": 0
}