{
	"Test": "Chi-Squared",
	"Value": "25.15200009340732",
	"TotalRuntime": 177.857042483,
	"SetupTime": 40.68880406,
	"ComputeRuntime": 2.324690099,
	"SignExtractionRuntime": 0,
	"DivRuntime": 175.532352651,
	"AuditRuntime": 0,
	"NumParties": 5,
	"NumRows": 10000,
	"NumCols": 20,
	"NumSharesCreated": 1381795,
	"RunId": 0
}