{
	"Test": "Chi-Squared",
	"Value": "2.424000009894371",
	"TotalRuntime": 27.590706679,
	"SetupTime": 1.324783483,
	"ComputeRuntime": 0.134740416,
	"DivRuntime": 27.455966574,
	"AuditRuntime": 0.106267023,
	"NumParties": 3,
	"NumRows": 5000,
	"NumCols": 5,
	"NumSharesCreated": 346398,
	"RunId": 0
}