{
	"Test": "Chi-Squared",
	"Value": "2.4240000090144735",
	"TotalRuntime": 185.263239381,
	"SetupTime": 3.106072142,
	"ComputeRuntime": 0.374708277,
	"SignExtractionRuntime": 0,
	"DivRuntime": 184.888531447,
	"AuditRuntime": 0,
	"NumParties": 11,
	"NumRows": 5000,
	"NumCols": 5,
	"NumSharesCreated": 345453,
	"RunId": 0
}