{
	"Test": "Chi-Squared",
	"Value": "7.800000028684735",
	"TotalRuntime": 24.252259318,
	"SetupTime": 0.266875356,
	"ComputeRuntime": 0.04278933,
	"DivRuntime": 24.209470248,
	"AuditRuntime": 0.022967462,
	"NumParties": 3,
	"NumRows": 1000,
	"NumCols": 5,
	"NumSharesCreated": 346403,
	"RunId": 0
}