{
	"Test": "Chi-Squared",
	"Value": "2.424000009894371",
	"TotalRuntime": 46.345627011,
	"SetupTime": 0.803832131,
	"ComputeRuntime": 0.147750741,
	"DivRuntime": 46.197876942,
	"AuditRuntime": 0.094076407,
	"NumParties": 5,
	"NumRows": 5000,
	"NumCols": 5,
	"NumSharesCreated": 346408,
	"RunId": 0
}