{
	"Test": "Chi-Squared",
	"Value": "6.000000021420419",
	"TotalRuntime": 267.235452485,
	"SetupTime": 2.181097794,
	"ComputeRuntime": 0.630504215,
	"DivRuntime": 266.604948717,
	"AuditRuntime": 0.430921038,
	"NumParties": 11,
	"NumRows": 10000,
	"NumCols": 10,
	"NumSharesCreated": 692584,
	"RunId": 0
}