{
	"Test": "Chi-Squared",
	"Value": "25.152000093163394",
	"TotalRuntime": 155.544172856,
	"SetupTime": 40.70040766,
	"ComputeRuntime": 2.089281173,
	"DivRuntime": 153.454892159,
	"AuditRuntime": 0,
	"NumParties": 5,
	"NumRows": 10000,
	"NumCols": 20,
	"NumSharesCreated": 1381793,
	"RunId": 0
}