{
	"Test": "Chi-Squared",
	"Value": "12.160000045137773",
	"TotalRuntime": 268.294570192,
	"SetupTime": 0.923313273,
	"ComputeRuntime": 0.32835703,
	"DivRuntime": 267.966213477,
	"AuditRuntime": 0,
	"NumParties": 11,
	"NumRows": 1000,
	"NumCols": 10,
	"NumSharesCreated": 690906,
	"RunId": 0
}