{
	"Test": "Chi-Squared",
	"Value": "2.9430000109664087",
	"TotalRuntime": 148.862580244,
	"SetupTime": 6.242673905,
	"ComputeRuntime": 0.547927385,
	"DivRuntime": 148.314653152,
	"AuditRuntime": 0,
	"NumParties": 11,
	"NumRows": 10000,
	"NumCols": 5,
	"NumSharesCreated": 345453,
	"RunId": 0
}