{
	"Test": "Chi-Squared",
	"Value": "51.851851840503514",
	"TotalRuntime": 126.569088102,
	"SetupTime": 0.010541456,
	"ComputeRuntime": 0.034170937,
	"DivRuntime": 126.534917996,
	"AuditRuntime": 0.005283626,
	"NumParties": 11,
	"NumRows": 108,
	"NumCols": 4,
	"NumSharesCreated": 277170,
	"RunId": 0
}