{
	"Test": "Chi-Squared",
	"Value": "2.943000010960434",
	"TotalRuntime": 31.227179232,
	"SetupTime": 21.067902038,
	"ComputeRuntime": 0.748469785,
	"SignExtractionRuntime": 0,
	"DivRuntime": 30.478709792,
	"AuditRuntime": 0,
	"NumParties": 3,
	"NumRows": 10000,
	"NumCols": 5,
	"NumSharesCreated": 345451,
	"RunId": 0
}