{
	"Test": "Chi-Squared",
	"Value": "51.851851850063305",
	"TotalRuntime": 25.832000547,
	"SetupTime": 0.062047466,
	"ComputeRuntime": 0.124360381,
	"SignExtractionRuntime": 0,
	"DivRuntime": 25.707640427,
	"AuditRuntime": 0,
	"NumParties": 3,
	"NumRows": 108,
	"NumCols": 4,
	"NumSharesCreated": 276363,
	"RunId": 0
}