{
	"Test": "Chi-Squared",
	"Value": "7.800000029020957",
	"TotalRuntime": 28.544601787,
	"SetupTime": 0.621024541,
	"ComputeRuntime": 0.169167104,
	"SignExtractionRuntime": 0,
	"DivRuntime": 28.375434946,
	"AuditRuntime": 0,
	"NumParties": 3,
	"NumRows": 1000,
	"NumCols": 5,
	"NumSharesCreated": 345451,
	"RunId": 0
}