{
	"Test": "Pearson",
	"Value": "0.019742726794516528",
	"TotalRuntime": 26.874339889,
	"SetupTime": 3.284438136,
	"ComputeRuntime": 10.386044919,
	"DivRuntime": 16.488295288,
	"AuditRuntime": 0.409540979,
	"NumParties": 5,
	"NumRows": 5000,
	"NumCols": 2,
	"NumSharesCreated": 69237,
	"RunId": 0
}