{
	"Test": "Pearson",
	"Value": "-0.003125860103926461",
	"TotalRuntime": 93.520577067,
	"SetupTime": 4.193044578,
	"ComputeRuntime": 21.297647012,
	"DivRuntime": 72.222930342,
	"AuditRuntime": 0,
	"NumParties": 11,
	"NumRows": 1000,
	"NumCols": 2,
	"NumSharesCreated": 130956,
	"RunId": 0
}