{
	"Test": "Pearson",
	"Value": "0.011239587150386884",
	"TotalRuntime": 44.408373816,
	"SetupTime": 6.638190029,
	"ComputeRuntime": 25.975177372,
	"DivRuntime": 18.433197073,
	"AuditRuntime": 0.758457054,
	"NumParties": 5,
	"NumRows": 10000,
	"NumCols": 2,
	"NumSharesCreated": 69237,
	"RunId": 0
}