{
	"Test": "Pearson",
	"Value": "0.0031259296941654976",
	"TotalRuntime": 44.99300672,
	"SetupTime": 0.669978347,
	"ComputeRuntime": 2.910940311,
	"DivRuntime": 42.082066683,
	"AuditRuntime": 0.074505069,
	"NumParties": 11,
	"NumRows": 1000,
	"NumCols": 2,
	"NumSharesCreated": 69232,
	"RunId": 0
}