{
	"Test": "Pearson",
	"Value": "0.011239587150386884",
	"TotalRuntime": 35.926310844,
	"SetupTime": 6.60610789,
	"ComputeRuntime": 24.073631371,
	"DivRuntime": 11.852680023,
	"AuditRuntime": 0.77487866,
	"NumParties": 3,
	"NumRows": 10000,
	"NumCols": 2,
	"NumSharesCreated": 69237,
	"RunId": 0
}