{
	"Test": "Pearson",
	"Value": "0.019742726794516528",
	"TotalRuntime": 24.83855089,
	"SetupTime": 3.299084711,
	"ComputeRuntime": 13.112088693,
	"DivRuntime": 11.726462451,
	"AuditRuntime": 0.404676713,
	"NumParties": 3,
	"NumRows": 5000,
	"NumCols": 2,
	"NumSharesCreated": 69237,
	"RunId": 0
}