{
	"Test": "Pearson",
	"Value": "0.0197427032080297",
	"TotalRuntime": 31.394025214,
	"SetupTime": 3.298068058,
	"ComputeRuntime": 13.25169696,
	"DivRuntime": 18.142328721,
	"AuditRuntime": 0.389227422,
	"NumParties": 5,
	"NumRows": 5000,
	"NumCols": 2,
	"NumSharesCreated": 69237,
	"RunId": 0
}