{
	"Test": "Pearson",
	"Value": "0.019742713419568604",
	"TotalRuntime": 51.514505871,
	"SetupTime": 21.033320681,
	"ComputeRuntime": 37.326145882,
	"DivRuntime": 14.188360503,
	"AuditRuntime": 0,
	"NumParties": 3,
	"NumRows": 5000,
	"NumCols": 2,
	"NumSharesCreated": 130958,
	"RunId": 0
}