{
	"Test": "Pearson",
	"Value": "0.8336836878086472",
	"TotalRuntime": 25.477344907,
	"SetupTime": 2.755245806,
	"ComputeRuntime": 9.033442124,
	"DivRuntime": 16.443903166,
	"AuditRuntime": 0.31448501,
	"NumParties": 5,
	"NumRows": 4177,
	"NumCols": 2,
	"NumSharesCreated": 69237,
	"RunId": 0
}