{
	"Test": "Pearson",
	"Value": "0.011239545719848617",
	"TotalRuntime": 73.20839685,
	"SetupTime": 6.542515051,
	"ComputeRuntime": 29.090452615,
	"DivRuntime": 44.117944527,
	"AuditRuntime": 0.826271077,
	"NumParties": 11,
	"NumRows": 10000,
	"NumCols": 2,
	"NumSharesCreated": 69237,
	"RunId": 0
}