{
	"Test": "Pearson",
	"Value": "0.011239545719848617",
	"TotalRuntime": 40.696288977,
	"SetupTime": 6.560422216,
	"ComputeRuntime": 26.269627098,
	"DivRuntime": 14.426662182,
	"AuditRuntime": 0.788464891,
	"NumParties": 3,
	"NumRows": 10000,
	"NumCols": 2,
	"NumSharesCreated": 69237,
	"RunId": 0
}