{
	"Test": "Pearson",
	"Value": "0.8336836877894213",
	"TotalRuntime": 56.608549961,
	"SetupTime": 17.525931775,
	"ComputeRuntime": 42.360753135,
	"DivRuntime": 14.247797074,
	"AuditRuntime": 0,
	"NumParties": 3,
	"NumRows": 4177,
	"NumCols": 2,
	"NumSharesCreated": 130960,
	"RunId": 0
}