{
	"Test": "Pearson",
	"Value": "0.019742726794516528",
	"TotalRuntime": 57.679549023999996,
	"SetupTime": 3.262691437,
	"ComputeRuntime": 14.310015417,
	"DivRuntime": 43.369534139,
	"AuditRuntime": 0.394996327,
	"NumParties": 11,
	"NumRows": 5000,
	"NumCols": 2,
	"NumSharesCreated": 69236,
	"RunId": 0
}