{
	"Test": "Pearson",
	"Value": "0.8336836874909496",
	"TotalRuntime": 160.330404173,
	"SetupTime": 17.49919375,
	"ComputeRuntime": 89.256827827,
	"DivRuntime": 71.07357659,
	"AuditRuntime": 0,
	"NumParties": 11,
	"NumRows": 4177,
	"NumCols": 2,
	"NumSharesCreated": 130956,
	"RunId": 0
}