{
	"Test": "Pearson",
	"Value": "0.8336836883672059",
	"TotalRuntime": 22.288300449,
	"SetupTime": 2.737824945,
	"ComputeRuntime": 10.424365577,
	"DivRuntime": 11.863935164,
	"AuditRuntime": 0.338878929,
	"NumParties": 3,
	"NumRows": 4177,
	"NumCols": 2,
	"NumSharesCreated": 69237,
	"RunId": 0
}