{
	"Test": "Pearson",
	"Value": "0.1240735226768166",
	"TotalRuntime": 101.261872426,
	"SetupTime": 4.17850955,
	"ComputeRuntime": 21.071566719,
	"SignExtractionRuntime": 25.690295991,
	"DivRuntime": 54.500010423,
	"AuditRuntime": 0,
	"NumParties": 11,
	"NumRows": 1000,
	"NumCols": 2,
	"NumSharesCreated": 130959,
	"RunId": 0
}