{
	"Test": "Pearson",
	"Value": "0.8336836877454732",
	"TotalRuntime": 90.47280969,
	"SetupTime": 17.288363104,
	"ComputeRuntime": 65.121912697,
	"DivRuntime": 25.350897236,
	"AuditRuntime": 0,
	"NumParties": 5,
	"NumRows": 4177,
	"NumCols": 2,
	"NumSharesCreated": 130955,
	"RunId": 0
}