{
	"Test": "Pearson",
	"Value": "0.8336836878086472",
	"TotalRuntime": 54.404537858,
	"SetupTime": 2.750527574,
	"ComputeRuntime": 11.899649668,
	"DivRuntime": 42.504888671,
	"AuditRuntime": 0.327966703,
	"NumParties": 11,
	"NumRows": 4177,
	"NumCols": 2,
	"NumSharesCreated": 69235,
	"RunId": 0
}