{
	"Test": "Pearson",
	"Value": "0.01974271341956838",
	"TotalRuntime": 92.775178956,
	"SetupTime": 20.827996773,
	"ComputeRuntime": 70.360736396,
	"DivRuntime": 22.414442802,
	"AuditRuntime": 0,
	"NumParties": 5,
	"NumRows": 5000,
	"NumCols": 2,
	"NumSharesCreated": 130958,
	"RunId": 0
}