{
	"Test": "Pearson",
	"Value": "0.8336836877157724",
	"TotalRuntime": 73.701573983,
	"SetupTime": 17.428371261,
	"ComputeRuntime": 48.424468932,
	"SignExtractionRuntime": 6.497753892,
	"DivRuntime": 18.779351293,
	"AuditRuntime": 0,
	"NumParties": 5,
	"NumRows": 4177,
	"NumCols": 2,
	"NumSharesCreated": 130960,
	"RunId": 0
}