{
	"Test": "Pearson",
	"Value": "0.1240735226768166",
	"TotalRuntime": 36.057148778,
	"SetupTime": 4.282184071,
	"ComputeRuntime": 16.244003461,
	"SignExtractionRuntime": 4.393361587,
	"DivRuntime": 15.419783745,
	"AuditRuntime": 0,
	"NumParties": 3,
	"NumRows": 1000,
	"NumCols": 2,
	"NumSharesCreated": 130958,
	"RunId": 0
}