{
	"Test": "Pearson",
	"Value": "0.011239545719848617",
	"TotalRuntime": 44.729069148,
	"SetupTime": 6.634541145,
	"ComputeRuntime": 26.447119618,
	"DivRuntime": 18.281950137,
	"AuditRuntime": 0.810451229,
	"NumParties": 5,
	"NumRows": 10000,
	"NumCols": 2,
	"NumSharesCreated": 69236,
	"RunId": 0
}