{
	"Test": "Pearson",
	"Value": "0.03020176554588437",
	"TotalRuntime": 298.718587363,
	"SetupTime": 42.068309142,
	"ComputeRuntime": 213.821649178,
	"SignExtractionRuntime": 29.327223614,
	"DivRuntime": 55.569715068,
	"AuditRuntime": 0,
	"NumParties": 11,
	"NumRows": 10000,
	"NumCols": 2,
	"NumSharesCreated": 130958,
	"RunId": 0
}