{
	"Test": "Pearson",
	"Value": "-0.003125860106288568",
	"TotalRuntime": 40.956179436,
	"SetupTime": 4.161633141,
	"ComputeRuntime": 15.515863171,
	"DivRuntime": 25.440316555,
	"AuditRuntime": 0,
	"NumParties": 5,
	"NumRows": 1000,
	"NumCols": 2,
	"NumSharesCreated": 130957,
	"RunId": 0
}