{
	"Test": "Pearson",
	"Value": "0.8336836878086472",
	"TotalRuntime": 56.626360782,
	"SetupTime": 2.713446716,
	"ComputeRuntime": 13.937789971,
	"DivRuntime": 42.688571334,
	"AuditRuntime": 0.313246137,
	"NumParties": 11,
	"NumRows": 4177,
	"NumCols": 2,
	"NumSharesCreated": 69237,
	"RunId": 0
}