{
	"Test": "Pearson",
	"Value": "0.030201765770958743",
	"TotalRuntime": 149.5743786,
	"SetupTime": 41.921532375,
	"ComputeRuntime": 131.84492579,
	"SignExtractionRuntime": 3.476931902,
	"DivRuntime": 14.252521377,
	"AuditRuntime": 0,
	"NumParties": 3,
	"NumRows": 10000,
	"NumCols": 2,
	"NumSharesCreated": 130957,
	"RunId": 0
}