{
	"Test": "Pearson",
	"Value": "0.0031259296941654976",
	"TotalRuntime": 45.227790809,
	"SetupTime": 0.682149683,
	"ComputeRuntime": 3.009806988,
	"DivRuntime": 42.217984124,
	"AuditRuntime": 0.075252428,
	"NumParties": 11,
	"NumRows": 1000,
	"NumCols": 2,
	"NumSharesCreated": 69237,
	"RunId": 0
}