{
	"Test": "Pearson",
	"Value": "0.01974271341956793",
	"TotalRuntime": 178.267391869,
	"SetupTime": 21.037318578,
	"ComputeRuntime": 106.373428571,
	"DivRuntime": 71.893963578,
	"AuditRuntime": 0,
	"NumParties": 11,
	"NumRows": 5000,
	"NumCols": 2,
	"NumSharesCreated": 130960,
	"RunId": 0
}