{
	"Test": "Pearson",
	"Value": "0.04145102777750561",
	"TotalRuntime": 190.765568037,
	"SetupTime": 21.04518491,
	"ComputeRuntime": 108.230098866,
	"SignExtractionRuntime": 26.959423668,
	"DivRuntime": 55.576046001,
	"AuditRuntime": 0,
	"NumParties": 11,
	"NumRows": 5000,
	"NumCols": 2,
	"NumSharesCreated": 130957,
	"RunId": 0
}