{
	"Test": "Pearson",
	"Value": "-0.003125860103926461",
	"TotalRuntime": 21.621666998,
	"SetupTime": 4.21644379,
	"ComputeRuntime": 7.317818299,
	"DivRuntime": 14.303848927,
	"AuditRuntime": 0,
	"NumParties": 3,
	"NumRows": 1000,
	"NumCols": 2,
	"NumSharesCreated": 130961,
	"RunId": 0
}