{
	"Test": "Pearson",
	"Value": "0.833683687427646",
	"TotalRuntime": 174.787007738,
	"SetupTime": 17.522108354,
	"ComputeRuntime": 93.857782966,
	"SignExtractionRuntime": 26.277438877,
	"DivRuntime": 54.651786339,
	"AuditRuntime": 0,
	"NumParties": 11,
	"NumRows": 4177,
	"NumCols": 2,
	"NumSharesCreated": 130958,
	"RunId": 0
}