{
	"Test": "Pearson",
	"Value": "0.12407352248984885",
	"TotalRuntime": 41.202117947,
	"SetupTime": 4.17626261,
	"ComputeRuntime": 14.531325911,
	"SignExtractionRuntime": 6.7150176,
	"DivRuntime": 19.955775459,
	"AuditRuntime": 0,
	"NumParties": 5,
	"NumRows": 1000,
	"NumCols": 2,
	"NumSharesCreated": 130960,
	"RunId": 0
}