{
	"Test": "Pearson",
	"Value": "0.0031259296941654976",
	"TotalRuntime": 20.768342034,
	"SetupTime": 0.666846978,
	"ComputeRuntime": 2.663766083,
	"DivRuntime": 18.104576371,
	"AuditRuntime": 0.076328873,
	"NumParties": 5,
	"NumRows": 1000,
	"NumCols": 2,
	"NumSharesCreated": 69237,
	"RunId": 0
}