{
	"Test": "Pearson",
	"Value": "-0.011239552248909473",
	"TotalRuntime": 284.475636805,
	"SetupTime": 41.95286974,
	"ComputeRuntime": 213.505782673,
	"DivRuntime": 70.969854437,
	"AuditRuntime": 0,
	"NumParties": 11,
	"NumRows": 10000,
	"NumCols": 2,
	"NumSharesCreated": 130959,
	"RunId": 0
}