{
	"Test": "Pearson",
	"Value": "0.0031259296941654976",
	"TotalRuntime": 14.273219158,
	"SetupTime": 0.652320059,
	"ComputeRuntime": 2.610767883,
	"DivRuntime": 11.662451536,
	"AuditRuntime": 0.07428386,
	"NumParties": 3,
	"NumRows": 1000,
	"NumCols": 2,
	"NumSharesCreated": 69236,
	"RunId": 0
}