{
	"Test": "Pearson",
	"Value": "-0.011239552415481283",
	"TotalRuntime": 138.007001823,
	"SetupTime": 41.6206337,
	"ComputeRuntime": 115.260057293,
	"DivRuntime": 22.746944835,
	"AuditRuntime": 0,
	"NumParties": 5,
	"NumRows": 10000,
	"NumCols": 2,
	"NumSharesCreated": 130960,
	"RunId": 0
}