{
	"Test": "T-Test",
	"Value": "5.378038444787199",
	"TotalRuntime": 30.915610604,
	"SetupTime": 4.174005834,
	"ComputeRuntime": 11.175728157,
	"SignExtractionRuntime": 4.630910134,
	"DivRuntime": 15.108972411,
	"AuditRuntime": 0,
	"NumParties": 3,
	"NumRows": 1000,
	"NumCols": 2,
	"NumSharesCreated": 130737,
	"RunId": 0
}