{
	"Test": "T-Test",
	"Value": "161.74187470310704",
	"TotalRuntime": 25.525705618,
	"SetupTime": 2.638690482,
	"ComputeRuntime": 7.493915382,
	"DivRuntime": 18.031799542,
	"AuditRuntime": 0.302947076,
	"NumParties": 5,
	"NumRows": 4177,
	"NumCols": 2,
	"NumSharesCreated": 69235,
	"RunId": 0
}