{
	"Test": "T-Test",
	"Value": "0.19469009409932037",
	"TotalRuntime": 45.17182457,
	"SetupTime": 0.664796396,
	"ComputeRuntime": 2.225377857,
	"DivRuntime": 42.946456412,
	"AuditRuntime": 0.070938055,
	"NumParties": 11,
	"NumRows": 1000,
	"NumCols": 2,
	"NumSharesCreated": 69237,
	"RunId": 0
}