{
	"Test": "T-Test",
	"Value": "0.19469008453208891",
	"TotalRuntime": 19.967979296,
	"SetupTime": 0.66199232,
	"ComputeRuntime": 1.8161729800000002,
	"DivRuntime": 18.151813082,
	"AuditRuntime": 0.07112715,
	"NumParties": 5,
	"NumRows": 1000,
	"NumCols": 2,
	"NumSharesCreated": 69235,
	"RunId": 0
}