{
	"Test": "T-Test",
	"Value": "161.74187470310991",
	"TotalRuntime": 18.979659509,
	"SetupTime": 2.70425313,
	"ComputeRuntime": 7.059872606,
	"DivRuntime": 11.919793556,
	"AuditRuntime": 0.30370059,
	"NumParties": 3,
	"NumRows": 4177,
	"NumCols": 2,
	"NumSharesCreated": 69236,
	"RunId": 0
}