{
	"Test": "T-Test",
	"Value": "0.029092953195733948",
	"TotalRuntime": 23.696972298,
	"SetupTime": 3.266225644,
	"ComputeRuntime": 7.277042354,
	"DivRuntime": 16.41994117,
	"AuditRuntime": 0.365005957,
	"NumParties": 5,
	"NumRows": 5000,
	"NumCols": 2,
	"NumSharesCreated": 69237,
	"RunId": 0
}