{
	"Test": "T-Test",
	"Value": "0.34220196968778177",
	"TotalRuntime": 34.75312687,
	"SetupTime": 6.601940541,
	"ComputeRuntime": 16.702947071,
	"DivRuntime": 18.050186989,
	"AuditRuntime": 0.734994472,
	"NumParties": 5,
	"NumRows": 10000,
	"NumCols": 2,
	"NumSharesCreated": 69237,
	"RunId": 0
}