{
	"Test": "T-Test",
	"Value": "0.3422019628838862",
	"TotalRuntime": 32.259379081,
	"SetupTime": 6.542222575,
	"ComputeRuntime": 17.685556233,
	"DivRuntime": 14.573849002,
	"AuditRuntime": 0.707194083,
	"NumParties": 3,
	"NumRows": 10000,
	"NumCols": 2,
	"NumSharesCreated": 69237,
	"RunId": 0
}