{
	"Test": "T-Test",
	"Value": "161.6598618820837",
	"TotalRuntime": 131.44396941,
	"SetupTime": 17.687555927,
	"ComputeRuntime": 60.180993893,
	"DivRuntime": 71.26297586,
	"AuditRuntime": 0,
	"NumParties": 11,
	"NumRows": 4177,
	"NumCols": 2,
	"NumSharesCreated": 130737,
	"RunId": 0
}