{
	"Test": "T-Test",
	"Value": "4.885003378603937",
	"TotalRuntime": 223.204849158,
	"SetupTime": 42.143531746,
	"ComputeRuntime": 141.046690422,
	"SignExtractionRuntime": 27.06368282,
	"DivRuntime": 55.094476231,
	"AuditRuntime": 0,
	"NumParties": 11,
	"NumRows": 10000,
	"NumCols": 2,
	"NumSharesCreated": 130737,
	"RunId": 0
}