{
	"Test": "T-Test",
	"Value": "161.60525572541064",
	"TotalRuntime": 139.562780592,
	"SetupTime": 17.47592695,
	"ComputeRuntime": 59.65384226,
	"SignExtractionRuntime": 25.933298868,
	"DivRuntime": 53.975639815,
	"AuditRuntime": 0,
	"NumParties": 11,
	"NumRows": 4177,
	"NumCols": 2,
	"NumSharesCreated": 130736,
	"RunId": 0
}