{
	"Test": "T-Test",
	"Value": "5.378038441074964",
	"TotalRuntime": 93.098235509,
	"SetupTime": 4.19851445,
	"ComputeRuntime": 13.837332687,
	"SignExtractionRuntime": 26.12328452,
	"DivRuntime": 53.137618665,
	"AuditRuntime": 0,
	"NumParties": 11,
	"NumRows": 1000,
	"NumCols": 2,
	"NumSharesCreated": 130735,
	"RunId": 0
}