{
	"Test": "T-Test",
	"Value": "0.3422019751308981",
	"TotalRuntime": 61.806019822,
	"SetupTime": 6.535927411,
	"ComputeRuntime": 19.443913799,
	"DivRuntime": 42.36211272,
	"AuditRuntime": 0.714709782,
	"NumParties": 11,
	"NumRows": 10000,
	"NumCols": 2,
	"NumSharesCreated": 69237,
	"RunId": 0
}