{
	"Test": "T-Test",
	"Value": "0.02909278974195748",
	"TotalRuntime": 68.429383124,
	"SetupTime": 20.836817772,
	"ComputeRuntime": 46.527627205,
	"DivRuntime": 21.901756788,
	"AuditRuntime": 0,
	"NumParties": 5,
	"NumRows": 5000,
	"NumCols": 2,
	"NumSharesCreated": 130737,
	"RunId": 0
}