{
	"Test": "T-Test",
	"Value": "0.19469008214028097",
	"TotalRuntime": 13.413754751,
	"SetupTime": 0.656802133,
	"ComputeRuntime": 1.7255063800000001,
	"DivRuntime": 11.688256373,
	"AuditRuntime": 0.072450719,
	"NumParties": 3,
	"NumRows": 1000,
	"NumCols": 2,
	"NumSharesCreated": 69235,
	"RunId": 0
}