{
	"Test": "T-Test",
	"Value": "161.6871901682479",
	"TotalRuntime": 51.140559377,
	"SetupTime": 2.717430824,
	"ComputeRuntime": 8.330002904,
	"DivRuntime": 42.810569363,
	"AuditRuntime": 0.305287991,
	"NumParties": 11,
	"NumRows": 4177,
	"NumCols": 2,
	"NumSharesCreated": 69237,
	"RunId": 0
}