{
	"Test": "T-Test",
	"Value": "161.63255688736317",
	"TotalRuntime": 50.170349135,
	"SetupTime": 2.731407443,
	"ComputeRuntime": 8.533334013,
	"DivRuntime": 41.637023136,
	"AuditRuntime": 0.30943435,
	"NumParties": 11,
	"NumRows": 4177,
	"NumCols": 2,
	"NumSharesCreated": 69236,
	"RunId": 0
}