{
	"Test": "T-Test",
	"Value": "3.111122890047263",
	"TotalRuntime": 72.627448424,
	"SetupTime": 20.837372436,
	"ComputeRuntime": 47.199512583,
	"SignExtractionRuntime": 6.816772277,
	"DivRuntime": 18.611163686,
	"AuditRuntime": 0,
	"NumParties": 5,
	"NumRows": 5000,
	"NumCols": 2,
	"NumSharesCreated": 130737,
	"RunId": 0
}