{
	"Test": "T-Test",
	"Value": "0.02909300121364054",
	"TotalRuntime": 52.409152807,
	"SetupTime": 3.255529375,
	"ComputeRuntime": 10.967677199,
	"DivRuntime": 41.441490296,
	"AuditRuntime": 0.37810465,
	"NumParties": 11,
	"NumRows": 5000,
	"NumCols": 2,
	"NumSharesCreated": 69236,
	"RunId": 0
}