{
	"Test": "T-Test",
	"Value": "5.378038444072272",
	"TotalRuntime": 34.841850345,
	"SetupTime": 4.16182318,
	"ComputeRuntime": 9.489281537,
	"SignExtractionRuntime": 6.908384725,
	"DivRuntime": 18.444184162,
	"AuditRuntime": 0,
	"NumParties": 5,
	"NumRows": 1000,
	"NumCols": 2,
	"NumSharesCreated": 130736,
	"RunId": 0
}