{
	"Test": "T-Test",
	"Value": "161.71452230701234",
	"TotalRuntime": 55.074662000000004,
	"SetupTime": 17.310779727,
	"ComputeRuntime": 32.91315636,
	"DivRuntime": 22.161506001,
	"AuditRuntime": 0,
	"NumParties": 5,
	"NumRows": 4177,
	"NumCols": 2,
	"NumSharesCreated": 130737,
	"RunId": 0
}