{
	"Test": "T-Test",
	"Value": "161.74187360062146",
	"TotalRuntime": 43.611939826,
	"SetupTime": 17.522313814,
	"ComputeRuntime": 29.413650453,
	"DivRuntime": 14.198289925,
	"AuditRuntime": 0,
	"NumParties": 3,
	"NumRows": 4177,
	"NumCols": 2,
	"NumSharesCreated": 130735,
	"RunId": 0
}