{
	"Test": "T-Test",
	"Value": "0.19469002377823094",
	"TotalRuntime": 84.715827949,
	"SetupTime": 4.193796034,
	"ComputeRuntime": 14.122728407,
	"DivRuntime": 70.593099804,
	"AuditRuntime": 0,
	"NumParties": 11,
	"NumRows": 1000,
	"NumCols": 2,
	"NumSharesCreated": 130736,
	"RunId": 0
}