{
	"Test": "T-Test",
	"Value": "161.68718320105853",
	"TotalRuntime": 59.166374387,
	"SetupTime": 17.387612335,
	"ComputeRuntime": 33.276272074,
	"SignExtractionRuntime": 6.94285897,
	"DivRuntime": 18.947243492,
	"AuditRuntime": 0,
	"NumParties": 5,
	"NumRows": 4177,
	"NumCols": 2,
	"NumSharesCreated": 130737,
	"RunId": 0
}