{
	"Test": "T-Test",
	"Value": "4.885003405358106",
	"TotalRuntime": 99.103058522,
	"SetupTime": 41.795329803,
	"ComputeRuntime": 73.534224689,
	"SignExtractionRuntime": 6.913995254,
	"DivRuntime": 18.654838859,
	"AuditRuntime": 0,
	"NumParties": 5,
	"NumRows": 10000,
	"NumCols": 2,
	"NumSharesCreated": 130728,
	"RunId": 0
}