{
	"Test": "T-Test",
	"Value": "0.1946900869238968",
	"TotalRuntime": 42.842196859,
	"SetupTime": 0.663427584,
	"ComputeRuntime": 1.830156159,
	"DivRuntime": 41.012047086,
	"AuditRuntime": 0.07168411,
	"NumParties": 11,
	"NumRows": 1000,
	"NumCols": 2,
	"NumSharesCreated": 69237,
	"RunId": 0
}