{
	"Test": "T-Test",
	"Value": "0.029092793006393537",
	"TotalRuntime": 141.870354547,
	"SetupTime": 20.920452904,
	"ComputeRuntime": 71.365459734,
	"DivRuntime": 70.504895231,
	"AuditRuntime": 0,
	"NumParties": 11,
	"NumRows": 5000,
	"NumCols": 2,
	"NumSharesCreated": 130735,
	"RunId": 0
}