{
	"Test": "T-Test",
	"Value": "0.02909279141578684",
	"TotalRuntime": 64.728775118,
	"SetupTime": 21.066836158,
	"ComputeRuntime": 50.595222559,
	"DivRuntime": 14.133552848,
	"AuditRuntime": 0,
	"NumParties": 3,
	"NumRows": 5000,
	"NumCols": 2,
	"NumSharesCreated": 130737,
	"RunId": 0
}