{
	"Test": "T-Test",
	"Value": "0.34220047484040866",
	"TotalRuntime": 211.841478716,
	"SetupTime": 41.764604943,
	"ComputeRuntime": 141.759871377,
	"DivRuntime": 70.081607918,
	"AuditRuntime": 0,
	"NumParties": 11,
	"NumRows": 10000,
	"NumCols": 2,
	"NumSharesCreated": 130738,
	"RunId": 0
}