{
	"Test": "T-Test",
	"Value": "0.34220047350331234",
	"TotalRuntime": 115.359567954,
	"SetupTime": 42.209273371,
	"ComputeRuntime": 93.565271163,
	"DivRuntime": 21.7942971,
	"AuditRuntime": 0,
	"NumParties": 5,
	"NumRows": 10000,
	"NumCols": 2,
	"NumSharesCreated": 130738,
	"RunId": 0
}