{
	"Test": "T-Test",
	"Value": "0.34220197649167716",
	"TotalRuntime": 61.507892945,
	"SetupTime": 6.541509779,
	"ComputeRuntime": 19.162944867,
	"DivRuntime": 42.344956071,
	"AuditRuntime": 0.746079413,
	"NumParties": 11,
	"NumRows": 10000,
	"NumCols": 2,
	"NumSharesCreated": 69237,
	"RunId": 0
}