{
	"Test": "T-Test",
	"Value": "161.7418778404715",
	"TotalRuntime": 24.566660023,
	"SetupTime": 2.711673308,
	"ComputeRuntime": 6.605307308,
	"DivRuntime": 17.961360858,
	"AuditRuntime": 0.295706146,
	"NumParties": 5,
	"NumRows": 4177,
	"NumCols": 2,
	"NumSharesCreated": 69236,
	"RunId": 0
}