{
	"Test": "T-Test",
	"Value": "4.8850034175572805",
	"TotalRuntime": 104.747145604,
	"SetupTime": 41.718028834,
	"ComputeRuntime": 86.637991078,
	"SignExtractionRuntime": 3.884712996,
	"DivRuntime": 14.224441775,
	"AuditRuntime": 0,
	"NumParties": 3,
	"NumRows": 10000,
	"NumCols": 2,
	"NumSharesCreated": 130732,
	"RunId": 0
}