{
	"Test": "Chi-Squared",
	"Value": "12.160000044852495",
	"TotalRuntime": 299.295270098,
	"SetupTime": 0.168090874,
	"ComputeRuntime": 0.073617126,
	"DivRuntime": 299.221653523,
	"AuditRuntime": 0.038820461,
	"NumParties": 11,
	"NumRows": 1000,
	"NumCols": 10,
	"NumSharesCreated": 692581,
	"RunId": 1
}