{
	"Test": "Chi-Squared",
	"Value": "6.000000022289363",
	"TotalRuntime": 81.287833807,
	"SetupTime": 20.328471201,
	"ComputeRuntime": 1.2065029,
	"DivRuntime": 80.081331233,
	"AuditRuntime": 0,
	"NumParties": 5,
	"NumRows": 10000,
	"NumCols": 10,
	"NumSharesCreated": 690896,
	"RunId": 1
}