{
	"Test": "Chi-Squared",
	"Value": "51.851851844228804",
	"TotalRuntime": 120.814309652,
	"SetupTime": 0.009327537,
	"ComputeRuntime": 0.032974941,
	"DivRuntime": 120.781335563,
	"AuditRuntime": 0.004896075,
	"NumParties": 11,
	"NumRows": 108,
	"NumCols": 4,
	"NumSharesCreated": 277169,
	"RunId": 1
}