{
	"Test": "Chi-Squared",
	"Value": "7.800000029616058",
	"TotalRuntime": 155.022316215,
	"SetupTime": 0.078437166,
	"ComputeRuntime": 0.052691633,
	"DivRuntime": 154.969625039,
	"AuditRuntime": 0.019227726,
	"NumParties": 11,
	"NumRows": 1000,
	"NumCols": 5,
	"NumSharesCreated": 346405,
	"RunId": 1
}