{
	"Test": "Chi-Squared",
	"Value": "25.15200009350445",
	"TotalRuntime": 97.443520489,
	"SetupTime": 65.841494,
	"ComputeRuntime": 2.415123905,
	"SignExtractionRuntime": 0,
	"DivRuntime": 95.028396945,
	"AuditRuntime": 0,
	"NumParties": 3,
	"NumRows": 10000,
	"NumCols": 20,
	"NumSharesCreated": 1381809,
	"RunId": 1
}