{
	"Test": "Chi-Squared",
	"Value": "10.808000040295209",
	"TotalRuntime": 262.559114404,
	"SetupTime": 5.583904259,
	"ComputeRuntime": 1.027009432,
	"DivRuntime": 261.532105242,
	"AuditRuntime": 0,
	"NumParties": 11,
	"NumRows": 5000,
	"NumCols": 10,
	"NumSharesCreated": 690908,
	"RunId": 1
}