{
	"Test": "Chi-Squared",
	"Value": "6.000000022351742",
	"TotalRuntime": 40.400924211,
	"SetupTime": 5.166598692,
	"ComputeRuntime": 0.8224322,
	"DivRuntime": 39.578492606,
	"AuditRuntime": 0.447785543,
	"NumParties": 3,
	"NumRows": 10000,
	"NumCols": 10,
	"NumSharesCreated": 692584,
	"RunId": 1
}