{
	"Test": "Chi-Squared",
	"Value": "15.952000059060584",
	"TotalRuntime": 91.337408228,
	"SetupTime": 29.742500642,
	"ComputeRuntime": 1.487286645,
	"SignExtractionRuntime": 0,
	"DivRuntime": 89.850122108,
	"AuditRuntime": 0,
	"NumParties": 3,
	"NumRows": 5000,
	"NumCols": 20,
	"NumSharesCreated": 1381804,
	"RunId": 1
}