{
	"Test": "Chi-Squared",
	"Value": "10.808000040411356",
	"TotalRuntime": 40.341791397,
	"SetupTime": 16.824853608,
	"ComputeRuntime": 0.803080977,
	"DivRuntime": 39.538710772,
	"AuditRuntime": 0,
	"NumParties": 3,
	"NumRows": 5000,
	"NumCols": 10,
	"NumSharesCreated": 690905,
	"RunId": 1
}