{
	"Test": "Chi-Squared",
	"Value": "51.85185184820321",
	"TotalRuntime": 22.316782396,
	"SetupTime": 0.054509278,
	"ComputeRuntime": 0.135815751,
	"SignExtractionRuntime": 0,
	"DivRuntime": 22.180967215,
	"AuditRuntime": 0,
	"NumParties": 3,
	"NumRows": 108,
	"NumCols": 4,
	"NumSharesCreated": 276363,
	"RunId": 1
}