{
	"Test": "Chi-Squared",
	"Value": "7.800000029098792",
	"TotalRuntime": 151.478240646,
	"SetupTime": 0.462016165,
	"ComputeRuntime": 0.209085951,
	"DivRuntime": 151.269154959,
	"AuditRuntime": 0,
	"NumParties": 11,
	"NumRows": 1000,
	"NumCols": 5,
	"NumSharesCreated": 345453,
	"RunId": 1
}