{
	"Test": "Chi-Squared",
	"Value": "2.9430000109301035",
	"TotalRuntime": 155.14181819,
	"SetupTime": 5.964827915,
	"ComputeRuntime": 0.542088283,
	"DivRuntime": 154.599730234,
	"AuditRuntime": 0,
	"NumParties": 11,
	"NumRows": 10000,
	"NumCols": 5,
	"NumSharesCreated": 345453,
	"RunId": 1
}