{
	"Test": "Chi-Squared",
	"Value": "2.4240000089672855",
	"TotalRuntime": 48.925501727,
	"SetupTime": 5.105896015,
	"ComputeRuntime": 0.321775687,
	"DivRuntime": 48.603726303,
	"AuditRuntime": 0,
	"NumParties": 5,
	"NumRows": 5000,
	"NumCols": 5,
	"NumSharesCreated": 345452,
	"RunId": 1
}