{
	"Test": "Chi-Squared",
	"Value": "15.952000060118735",
	"TotalRuntime": 74.340536531,
	"SetupTime": 5.691452122,
	"ComputeRuntime": 0.587442023,
	"DivRuntime": 73.753095049,
	"AuditRuntime": 0.497509311,
	"NumParties": 3,
	"NumRows": 5000,
	"NumCols": 20,
	"NumSharesCreated": 1384947,
	"RunId": 1
}