{
	"Test": "Chi-Squared",
	"Value": "25.152000093500735",
	"TotalRuntime": 155.273961616,
	"SetupTime": 40.273550037,
	"ComputeRuntime": 2.49579269,
	"DivRuntime": 152.778169194,
	"AuditRuntime": 0,
	"NumParties": 5,
	"NumRows": 10000,
	"NumCols": 20,
	"NumSharesCreated": 1381794,
	"RunId": 1
}