{
	"Test": "Chi-Squared",
	"Value": "51.851851843757395",
	"TotalRuntime": 129.843052879,
	"SetupTime": 0.044907092,
	"ComputeRuntime": 0.152148204,
	"DivRuntime": 129.690905016,
	"AuditRuntime": 0,
	"NumParties": 11,
	"NumRows": 108,
	"NumCols": 4,
	"NumSharesCreated": 276362,
	"RunId": 1
}