{
	"Test": "Chi-Squared",
	"Value": "25.15200009436691",
	"TotalRuntime": 190.641340196,
	"SetupTime": 41.241027474,
	"ComputeRuntime": 2.221777927,
	"SignExtractionRuntime": 0,
	"DivRuntime": 188.419562521,
	"AuditRuntime": 0,
	"NumParties": 5,
	"NumRows": 10000,
	"NumCols": 20,
	"NumSharesCreated": 1381806,
	"RunId": 1
}