{
	"Test": "Chi-Squared",
	"Value": "10.808000040240586",
	"TotalRuntime": 39.05757223,
	"SetupTime": 2.588790506,
	"ComputeRuntime": 0.238712694,
	"DivRuntime": 38.818859796,
	"AuditRuntime": 0.335873525,
	"NumParties": 3,
	"NumRows": 5000,
	"NumCols": 10,
	"NumSharesCreated": 692588,
	"RunId": 1
}