{
	"Test": "Chi-Squared",
	"Value": "7.800000028752526",
	"TotalRuntime": 26.988637306,
	"SetupTime": 1.7398378650000001,
	"ComputeRuntime": 0.173535261,
	"SignExtractionRuntime": 0,
	"DivRuntime": 26.815102367,
	"AuditRuntime": 0,
	"NumParties": 3,
	"NumRows": 1000,
	"NumCols": 5,
	"NumSharesCreated": 345452,
	"RunId": 1
}