{
	"Test": "Chi-Squared",
	"Value": "2.9430000111460686",
	"TotalRuntime": 47.520222183,
	"SetupTime": 1.586708399,
	"ComputeRuntime": 0.202815425,
	"DivRuntime": 47.317407217,
	"AuditRuntime": 0.198256721,
	"NumParties": 5,
	"NumRows": 10000,
	"NumCols": 5,
	"NumSharesCreated": 346404,
	"RunId": 1
}