{
	"Test": "Chi-Squared",
	"Value": "6.000000022259259",
	"TotalRuntime": 98.42331964,
	"SetupTime": 20.701994145,
	"ComputeRuntime": 1.22268908,
	"SignExtractionRuntime": 0,
	"DivRuntime": 97.200630887,
	"AuditRuntime": 0,
	"NumParties": 5,
	"NumRows": 10000,
	"NumCols": 10,
	"NumSharesCreated": 690902,
	"RunId": 1
}