{
	"Test": "Chi-Squared",
	"Value": "2.9430000109296115",
	"TotalRuntime": 181.98104256,
	"SetupTime": 6.225109439,
	"ComputeRuntime": 0.56881131,
	"SignExtractionRuntime": 0,
	"DivRuntime": 181.412231569,
	"AuditRuntime": 0,
	"NumParties": 11,
	"NumRows": 10000,
	"NumCols": 5,
	"NumSharesCreated": 345449,
	"RunId": 1
}