{
	"Test": "Chi-Squared",
	"Value": "10.808000040240586",
	"TotalRuntime": 79.229390564,
	"SetupTime": 1.570132646,
	"ComputeRuntime": 0.227811908,
	"DivRuntime": 79.001579197,
	"AuditRuntime": 0.201548937,
	"NumParties": 5,
	"NumRows": 5000,
	"NumCols": 10,
	"NumSharesCreated": 692588,
	"RunId": 1
}