{
	"Test": "Chi-Squared",
	"Value": "25.152000093663354",
	"TotalRuntime": 510.281990537,
	"SetupTime": 25.701575663,
	"ComputeRuntime": 2.1760715409999998,
	"DivRuntime": 508.10591933,
	"AuditRuntime": 0,
	"NumParties": 11,
	"NumRows": 10000,
	"NumCols": 20,
	"NumSharesCreated": 1381804,
	"RunId": 1
}