{
	"Test": "Chi-Squared",
	"Value": "2.9430000111460686",
	"TotalRuntime": 45.667669886,
	"SetupTime": 1.578681539,
	"ComputeRuntime": 0.203327014,
	"DivRuntime": 45.464343557,
	"AuditRuntime": 0.202604484,
	"NumParties": 5,
	"NumRows": 10000,
	"NumCols": 5,
	"NumSharesCreated": 346407,
	"RunId": 1
}