{
	"Test": "Chi-Squared",
	"Value": "51.85185185074806",
	"TotalRuntime": 20.406576439,
	"SetupTime": 0.027190153,
	"ComputeRuntime": 0.02287145,
	"DivRuntime": 20.383705312,
	"AuditRuntime": 0.003077708,
	"NumParties": 3,
	"NumRows": 108,
	"NumCols": 4,
	"NumSharesCreated": 277171,
	"RunId": 1
}