{
	"Test": "Chi-Squared",
	"Value": "10.808000040220945",
	"TotalRuntime": 81.227360236,
	"SetupTime": 5.600199002,
	"ComputeRuntime": 0.698367906,
	"DivRuntime": 80.528992603,
	"AuditRuntime": 0,
	"NumParties": 5,
	"NumRows": 5000,
	"NumCols": 10,
	"NumSharesCreated": 690908,
	"RunId": 1
}