{
	"Test": "Chi-Squared",
	"Value": "2.9430000111460686",
	"TotalRuntime": 23.621943136,
	"SetupTime": 2.6350674229999997,
	"ComputeRuntime": 0.207306763,
	"DivRuntime": 23.414636745,
	"AuditRuntime": 0.202502751,
	"NumParties": 3,
	"NumRows": 10000,
	"NumCols": 5,
	"NumSharesCreated": 346406,
	"RunId": 1
}