{
	"Test": "Chi-Squared",
	"Value": "6.000000022351742",
	"TotalRuntime": 256.367125785,
	"SetupTime": 1.936595995,
	"ComputeRuntime": 0.665002084,
	"DivRuntime": 255.702141588,
	"AuditRuntime": 0.361973203,
	"NumParties": 11,
	"NumRows": 10000,
	"NumCols": 10,
	"NumSharesCreated": 692580,
	"RunId": 1
}