{
	"Test": "Chi-Squared",
	"Value": "20.28000007366949",
	"TotalRuntime": 656.182944243,
	"SetupTime": 2.480866527,
	"ComputeRuntime": 0.725289858,
	"SignExtractionRuntime": 0,
	"DivRuntime": 655.457654729,
	"AuditRuntime": 0,
	"NumParties": 11,
	"NumRows": 1000,
	"NumCols": 20,
	"NumSharesCreated": 1381811,
	"RunId": 1
}