{
	"Test": "Chi-Squared",
	"Value": "20.280000074766576",
	"TotalRuntime": 141.942666158,
	"SetupTime": 0.624291138,
	"ComputeRuntime": 0.136645936,
	"DivRuntime": 141.806020705,
	"AuditRuntime": 0.083317415,
	"NumParties": 5,
	"NumRows": 1000,
	"NumCols": 20,
	"NumSharesCreated": 1384942,
	"RunId": 1
}