{
	"Test": "Chi-Squared",
	"Value": "7.800000029107779",
	"TotalRuntime": 176.847107459,
	"SetupTime": 0.540806754,
	"ComputeRuntime": 0.213775237,
	"SignExtractionRuntime": 0,
	"DivRuntime": 176.633332578,
	"AuditRuntime": 0,
	"NumParties": 11,
	"NumRows": 1000,
	"NumCols": 5,
	"NumSharesCreated": 345449,
	"RunId": 1
}