{
	"Test": "Chi-Squared",
	"Value": "12.160000045603713",
	"TotalRuntime": 265.996347128,
	"SetupTime": 1.011121456,
	"ComputeRuntime": 0.357003751,
	"DivRuntime": 265.63934364,
	"AuditRuntime": 0,
	"NumParties": 11,
	"NumRows": 1000,
	"NumCols": 10,
	"NumSharesCreated": 690903,
	"RunId": 1
}