{
	"Test": "Chi-Squared",
	"Value": "20.280000074543818",
	"TotalRuntime": 512.439906008,
	"SetupTime": 2.455016966,
	"ComputeRuntime": 0.717965415,
	"DivRuntime": 511.721940865,
	"AuditRuntime": 0,
	"NumParties": 11,
	"NumRows": 1000,
	"NumCols": 20,
	"NumSharesCreated": 1381805,
	"RunId": 1
}