{
	"Test": "Chi-Squared",
	"Value": "6.000000022380555",
	"TotalRuntime": 50.012627295,
	"SetupTime": 34.351836369,
	"ComputeRuntime": 1.142352414,
	"SignExtractionRuntime": 0,
	"DivRuntime": 48.870275142,
	"AuditRuntime": 0,
	"NumParties": 3,
	"NumRows": 10000,
	"NumCols": 10,
	"NumSharesCreated": 690904,
	"RunId": 1
}