{
	"Test": "Chi-Squared",
	"Value": "15.95200005825609",
	"TotalRuntime": 536.640414632,
	"SetupTime": 1.560619201,
	"ComputeRuntime": 0.453489445,
	"DivRuntime": 536.1869256,
	"AuditRuntime": 0.327821842,
	"NumParties": 11,
	"NumRows": 5000,
	"NumCols": 20,
	"NumSharesCreated": 1384954,
	"RunId": 1
}