{
	"Test": "Chi-Squared",
	"Value": "20.28000007511267",
	"TotalRuntime": 76.436028096,
	"SetupTime": 6.923899075,
	"ComputeRuntime": 0.597089648,
	"DivRuntime": 75.838938699,
	"AuditRuntime": 0,
	"NumParties": 3,
	"NumRows": 1000,
	"NumCols": 20,
	"NumSharesCreated": 1381813,
	"RunId": 1
}