{
	"Test": "Chi-Squared",
	"Value": "20.280000074766576",
	"TotalRuntime": 81.08169885,
	"SetupTime": 1.065668112,
	"ComputeRuntime": 0.239163662,
	"DivRuntime": 80.842535711,
	"AuditRuntime": 0.290406778,
	"NumParties": 3,
	"NumRows": 1000,
	"NumCols": 20,
	"NumSharesCreated": 1384945,
	"RunId": 1
}