{
	"Test": "Chi-Squared",
	"Value": "2.9430000111460686",
	"TotalRuntime": 24.215781625,
	"SetupTime": 2.813466462,
	"ComputeRuntime": 0.270801099,
	"DivRuntime": 23.944980809,
	"AuditRuntime": 0.325725001,
	"NumParties": 3,
	"NumRows": 10000,
	"NumCols": 5,
	"NumSharesCreated": 346406,
	"RunId": 1
}