{
	"Test": "Chi-Squared",
	"Value": "7.800000029616058",
	"TotalRuntime": 147.36101559,
	"SetupTime": 0.086095439,
	"ComputeRuntime": 0.052858942,
	"DivRuntime": 147.308157249,
	"AuditRuntime": 0.023652848,
	"NumParties": 11,
	"NumRows": 1000,
	"NumCols": 5,
	"NumSharesCreated": 346404,
	"RunId": 1
}