{
	"Test": "Chi-Squared",
	"Value": "51.85185184516013",
	"TotalRuntime": 124.865851074,
	"SetupTime": 0.013635494,
	"ComputeRuntime": 0.033134773,
	"DivRuntime": 124.832717056,
	"AuditRuntime": 0.004407396,
	"NumParties": 11,
	"NumRows": 108,
	"NumCols": 4,
	"NumSharesCreated": 277172,
	"RunId": 1
}