{
	"Test": "Chi-Squared",
	"Value": "7.800000028839698",
	"TotalRuntime": 47.709125649,
	"SetupTime": 0.547169593,
	"ComputeRuntime": 0.172861676,
	"SignExtractionRuntime": 0,
	"DivRuntime": 47.536264233,
	"AuditRuntime": 0,
	"NumParties": 5,
	"NumRows": 1000,
	"NumCols": 5,
	"NumSharesCreated": 345449,
	"RunId": 1
}