{
	"Test": "Chi-Squared",
	"Value": "2.4240000090611415",
	"TotalRuntime": 23.740755951,
	"SetupTime": 9.166122825,
	"ComputeRuntime": 0.425451682,
	"DivRuntime": 23.3153046,
	"AuditRuntime": 0,
	"NumParties": 3,
	"NumRows": 5000,
	"NumCols": 5,
	"NumSharesCreated": 345454,
	"RunId": 1
}