{
	"Test": "Chi-Squared",
	"Value": "25.152000093832612",
	"TotalRuntime": 158.379097818,
	"SetupTime": 7.40795604,
	"ComputeRuntime": 1.204231187,
	"DivRuntime": 157.174867165,
	"AuditRuntime": 1.149527493,
	"NumParties": 5,
	"NumRows": 10000,
	"NumCols": 20,
	"NumSharesCreated": 1384941,
	"RunId": 1
}