{
	"Test": "Chi-Squared",
	"Value": "12.160000044924779",
	"TotalRuntime": 323.838472889,
	"SetupTime": 1.248857469,
	"ComputeRuntime": 0.382897845,
	"SignExtractionRuntime": 0,
	"DivRuntime": 323.455575408,
	"AuditRuntime": 0,
	"NumParties": 11,
	"NumRows": 1000,
	"NumCols": 10,
	"NumSharesCreated": 690905,
	"RunId": 1
}