{
	"Test": "Chi-Squared",
	"Value": "12.160000045783818",
	"TotalRuntime": 42.252226582,
	"SetupTime": 0.530265732,
	"ComputeRuntime": 0.076173148,
	"DivRuntime": 42.176053759,
	"AuditRuntime": 0.047852853,
	"NumParties": 3,
	"NumRows": 1000,
	"NumCols": 10,
	"NumSharesCreated": 692590,
	"RunId": 1
}