{
	"Test": "Chi-Squared",
	"Value": "25.152000093832612",
	"TotalRuntime": 94.834114414,
	"SetupTime": 10.676775906,
	"ComputeRuntime": 1.297557131,
	"DivRuntime": 93.536557543,
	"AuditRuntime": 1.5263761329999999,
	"NumParties": 3,
	"NumRows": 10000,
	"NumCols": 20,
	"NumSharesCreated": 1384950,
	"RunId": 1
}