{
	"Test": "Chi-Squared",
	"Value": "6.00000002226985",
	"TotalRuntime": 38.191255269,
	"SetupTime": 22.428435166,
	"ComputeRuntime": 1.038094114,
	"DivRuntime": 37.153161453,
	"AuditRuntime": 0,
	"NumParties": 3,
	"NumRows": 10000,
	"NumCols": 10,
	"NumSharesCreated": 690899,
	"RunId": 1
}