{
	"Test": "Chi-Squared",
	"Value": "6.000000022351742",
	"TotalRuntime": 258.954497479,
	"SetupTime": 2.396416021,
	"ComputeRuntime": 0.555971269,
	"DivRuntime": 258.398526635,
	"AuditRuntime": 0.400676531,
	"NumParties": 11,
	"NumRows": 10000,
	"NumCols": 10,
	"NumSharesCreated": 692580,
	"RunId": 1
}