{
	"Test": "Chi-Squared",
	"Value": "15.952000059698129",
	"TotalRuntime": 157.71963732,
	"SetupTime": 12.041677961,
	"ComputeRuntime": 1.2081846729999999,
	"DivRuntime": 156.511452959,
	"AuditRuntime": 0,
	"NumParties": 5,
	"NumRows": 5000,
	"NumCols": 20,
	"NumSharesCreated": 1381800,
	"RunId": 1
}