{
	"Test": "Chi-Squared",
	"Value": "12.160000044801007",
	"TotalRuntime": 37.867361818,
	"SetupTime": 0.968142572,
	"ComputeRuntime": 0.317857236,
	"DivRuntime": 37.549504894,
	"AuditRuntime": 0,
	"NumParties": 3,
	"NumRows": 1000,
	"NumCols": 10,
	"NumSharesCreated": 690901,
	"RunId": 1
}