{
	"Test": "Chi-Squared",
	"Value": "12.160000042058527",
	"TotalRuntime": 278.015871524,
	"SetupTime": 0.266696369,
	"ComputeRuntime": 0.159451084,
	"DivRuntime": 277.856420983,
	"AuditRuntime": 0.045946442,
	"NumParties": 11,
	"NumRows": 1000,
	"NumCols": 10,
	"NumSharesCreated": 692571,
	"RunId": 1
}