{
	"Test": "Chi-Squared",
	"Value": "15.95200005884848",
	"TotalRuntime": 75.487466794,
	"SetupTime": 33.773695865,
	"ComputeRuntime": 1.306703268,
	"DivRuntime": 74.180763853,
	"AuditRuntime": 0,
	"NumParties": 3,
	"NumRows": 5000,
	"NumCols": 20,
	"NumSharesCreated": 1381796,
	"RunId": 1
}