{
	"Test": "Chi-Squared",
	"Value": "2.943000011001824",
	"TotalRuntime": 27.151796253,
	"SetupTime": 17.439743705,
	"ComputeRuntime": 0.543771487,
	"SignExtractionRuntime": 0,
	"DivRuntime": 26.60802505,
	"AuditRuntime": 0,
	"NumParties": 3,
	"NumRows": 10000,
	"NumCols": 5,
	"NumSharesCreated": 345449,
	"RunId": 1
}