{
	"Test": "Chi-Squared",
	"Value": "12.160000045598592",
	"TotalRuntime": 44.266508557,
	"SetupTime": 1.008895795,
	"ComputeRuntime": 0.317626476,
	"SignExtractionRuntime": 0,
	"DivRuntime": 43.948882361,
	"AuditRuntime": 0,
	"NumParties": 3,
	"NumRows": 1000,
	"NumCols": 10,
	"NumSharesCreated": 690907,
	"RunId": 1
}