{
	"Test": "Chi-Squared",
	"Value": "2.9430000111460686",
	"TotalRuntime": 135.978788042,
	"SetupTime": 0.791867031,
	"ComputeRuntime": 0.194889973,
	"DivRuntime": 135.783898544,
	"AuditRuntime": 0.169955819,
	"NumParties": 11,
	"NumRows": 10000,
	"NumCols": 5,
	"NumSharesCreated": 346407,
	"RunId": 1
}