{
	"Test": "Chi-Squared",
	"Value": "12.160000044852495",
	"TotalRuntime": 76.484141337,
	"SetupTime": 0.316314307,
	"ComputeRuntime": 0.073849409,
	"DivRuntime": 76.410292396,
	"AuditRuntime": 0.046206096,
	"NumParties": 5,
	"NumRows": 1000,
	"NumCols": 10,
	"NumSharesCreated": 692585,
	"RunId": 1
}