{
	"Test": "Chi-Squared",
	"Value": "7.800000028684735",
	"TotalRuntime": 42.54608752,
	"SetupTime": 0.17275205,
	"ComputeRuntime": 0.043795738,
	"DivRuntime": 42.502292103,
	"AuditRuntime": 0.021399099,
	"NumParties": 5,
	"NumRows": 1000,
	"NumCols": 5,
	"NumSharesCreated": 346401,
	"RunId": 1
}