{
	"Test": "Chi-Squared",
	"Value": "2.4240000089863143",
	"TotalRuntime": 181.121064279,
	"SetupTime": 2.95865154,
	"ComputeRuntime": 0.402114134,
	"SignExtractionRuntime": 0,
	"DivRuntime": 180.718950439,
	"AuditRuntime": 0,
	"NumParties": 11,
	"NumRows": 5000,
	"NumCols": 5,
	"NumSharesCreated": 345456,
	"RunId": 1
}