{
	"Test": "Chi-Squared",
	"Value": "20.280000075508667",
	"TotalRuntime": 190.341427383,
	"SetupTime": 4.108859464,
	"ComputeRuntime": 0.604125452,
	"SignExtractionRuntime": 0,
	"DivRuntime": 189.737302204,
	"AuditRuntime": 0,
	"NumParties": 5,
	"NumRows": 1000,
	"NumCols": 20,
	"NumSharesCreated": 1381812,
	"RunId": 1
}