{
	"Test": "Chi-Squared",
	"Value": "2.4240000089630485",
	"TotalRuntime": 140.162525493,
	"SetupTime": 0.413317418,
	"ComputeRuntime": 0.116371968,
	"DivRuntime": 140.046154064,
	"AuditRuntime": 0.113307432,
	"NumParties": 11,
	"NumRows": 5000,
	"NumCols": 5,
	"NumSharesCreated": 346407,
	"RunId": 1
}