{
	"Test": "Chi-Squared",
	"Value": "10.808000040161124",
	"TotalRuntime": 46.975149286,
	"SetupTime": 5.935896785,
	"ComputeRuntime": 0.727636539,
	"SignExtractionRuntime": 0,
	"DivRuntime": 46.247513044,
	"AuditRuntime": 0,
	"NumParties": 3,
	"NumRows": 5000,
	"NumCols": 10,
	"NumSharesCreated": 690906,
	"RunId": 1
}