{
	"Test": "Chi-Squared",
	"Value": "20.28000007615538",
	"TotalRuntime": 93.986404939,
	"SetupTime": 6.9092803,
	"ComputeRuntime": 0.630231855,
	"SignExtractionRuntime": 0,
	"DivRuntime": 93.356173369,
	"AuditRuntime": 0,
	"NumParties": 3,
	"NumRows": 1000,
	"NumCols": 20,
	"NumSharesCreated": 1381800,
	"RunId": 1
}