{
	"Test": "Chi-Squared",
	"Value": "51.85185184949097",
	"TotalRuntime": 40.362809932,
	"SetupTime": 0.046977686,
	"ComputeRuntime": 0.119422621,
	"DivRuntime": 40.243387577,
	"AuditRuntime": 0,
	"NumParties": 5,
	"NumRows": 108,
	"NumCols": 4,
	"NumSharesCreated": 276364,
	"RunId": 1
}