{
	"Test": "Chi-Squared",
	"Value": "15.952000059187412",
	"TotalRuntime": 154.472608507,
	"SetupTime": 3.722902493,
	"ComputeRuntime": 0.568499276,
	"DivRuntime": 153.904109831,
	"AuditRuntime": 0.388868313,
	"NumParties": 5,
	"NumRows": 5000,
	"NumCols": 20,
	"NumSharesCreated": 1384940,
	"RunId": 1
}