{
	"Test": "Chi-Squared",
	"Value": "6.000000022331994",
	"TotalRuntime": 322.99596523,
	"SetupTime": 13.029394386,
	"ComputeRuntime": 1.249382834,
	"SignExtractionRuntime": 0,
	"DivRuntime": 321.746582722,
	"AuditRuntime": 0,
	"NumParties": 11,
	"NumRows": 10000,
	"NumCols": 10,
	"NumSharesCreated": 690904,
	"RunId": 1
}