{
	"Test": "Chi-Squared",
	"Value": "51.851851846138715",
	"TotalRuntime": 43.44184696,
	"SetupTime": 0.051768552,
	"ComputeRuntime": 0.125305751,
	"SignExtractionRuntime": 0,
	"DivRuntime": 43.316541861,
	"AuditRuntime": 0,
	"NumParties": 5,
	"NumRows": 108,
	"NumCols": 4,
	"NumSharesCreated": 276360,
	"RunId": 1
}