{
	"Test": "Chi-Squared",
	"Value": "7.800000029616058",
	"TotalRuntime": 23.856064688,
	"SetupTime": 0.256723842,
	"ComputeRuntime": 0.042371563,
	"DivRuntime": 23.813693731,
	"AuditRuntime": 0.022584758,
	"NumParties": 3,
	"NumRows": 1000,
	"NumCols": 5,
	"NumSharesCreated": 346405,
	"RunId": 1
}