{
	"Test": "Chi-Squared",
	"Value": "2.943000010885481",
	"TotalRuntime": 21.683146278,
	"SetupTime": 6.060643892,
	"ComputeRuntime": 0.606228592,
	"DivRuntime": 21.076918103,
	"AuditRuntime": 0,
	"NumParties": 3,
	"NumRows": 10000,
	"NumCols": 5,
	"NumSharesCreated": 345454,
	"RunId": 1
}