{
	"Test": "Chi-Squared",
	"Value": "6.000000021420419",
	"TotalRuntime": 80.619690799,
	"SetupTime": 3.122102756,
	"ComputeRuntime": 0.462528122,
	"DivRuntime": 80.157163146,
	"AuditRuntime": 0.412947387,
	"NumParties": 5,
	"NumRows": 10000,
	"NumCols": 10,
	"NumSharesCreated": 692590,
	"RunId": 1
}