{
	"Test": "Chi-Squared",
	"Value": "10.808000040240586",
	"TotalRuntime": 41.013558086,
	"SetupTime": 2.773015516,
	"ComputeRuntime": 0.35985943,
	"DivRuntime": 40.653698914,
	"AuditRuntime": 0.4299016,
	"NumParties": 3,
	"NumRows": 5000,
	"NumCols": 10,
	"NumSharesCreated": 692588,
	"RunId": 1
}