{
	"Test": "Chi-Squared",
	"Value": "7.800000029434324",
	"TotalRuntime": 23.916785647,
	"SetupTime": 1.690440317,
	"ComputeRuntime": 0.168694387,
	"DivRuntime": 23.748091591,
	"AuditRuntime": 0,
	"NumParties": 3,
	"NumRows": 1000,
	"NumCols": 5,
	"NumSharesCreated": 345454,
	"RunId": 1
}