{
	"Test": "Chi-Squared",
	"Value": "12.1600000455022",
	"TotalRuntime": 77.973056751,
	"SetupTime": 1.0520401050000001,
	"ComputeRuntime": 0.325177574,
	"DivRuntime": 77.64787954,
	"AuditRuntime": 0,
	"NumParties": 5,
	"NumRows": 1000,
	"NumCols": 10,
	"NumSharesCreated": 690899,
	"RunId": 1
}