{
	"Test": "Pearson",
	"Value": "-0.003125860103926461",
	"TotalRuntime": 44.979295483,
	"SetupTime": 4.181311551,
	"ComputeRuntime": 15.787623904,
	"DivRuntime": 29.191671892,
	"AuditRuntime": 0,
	"NumParties": 5,
	"NumRows": 1000,
	"NumCols": 2,
	"NumSharesCreated": 130959,
	"RunId": 1
}