{
	"Test": "Pearson",
	"Value": "0.8336836877907177",
	"TotalRuntime": 59.206408643,
	"SetupTime": 17.624669689,
	"ComputeRuntime": 44.27463615,
	"SignExtractionRuntime": 3.370264622,
	"DivRuntime": 11.561508333999999,
	"AuditRuntime": 0,
	"NumParties": 3,
	"NumRows": 4177,
	"NumCols": 2,
	"NumSharesCreated": 130959,
	"RunId": 1
}