{
	"Test": "Pearson",
	"Value": "0.0197427032080297",
	"TotalRuntime": 22.930221416,
	"SetupTime": 3.298763908,
	"ComputeRuntime": 11.598449656,
	"DivRuntime": 11.331772034,
	"AuditRuntime": 0.375617027,
	"NumParties": 3,
	"NumRows": 5000,
	"NumCols": 2,
	"NumSharesCreated": 69235,
	"RunId": 1
}