{
	"Test": "Pearson",
	"Value": "0.12407352239636497",
	"TotalRuntime": 32.455783615,
	"SetupTime": 4.224418171,
	"ComputeRuntime": 16.104705405,
	"SignExtractionRuntime": 3.979401608,
	"DivRuntime": 12.371676624,
	"AuditRuntime": 0,
	"NumParties": 3,
	"NumRows": 1000,
	"NumCols": 2,
	"NumSharesCreated": 130957,
	"RunId": 1
}