{
	"Test": "Pearson",
	"Value": "0.041451027467049824",
	"TotalRuntime": 97.278307484,
	"SetupTime": 21.22546406,
	"ComputeRuntime": 80.847420314,
	"SignExtractionRuntime": 4.031335924,
	"DivRuntime": 12.39955157,
	"AuditRuntime": 0,
	"NumParties": 3,
	"NumRows": 5000,
	"NumCols": 2,
	"NumSharesCreated": 130960,
	"RunId": 1
}