{
	"Test": "Pearson",
	"Value": "0.019742726794516528",
	"TotalRuntime": 26.548131637,
	"SetupTime": 3.196019316,
	"ComputeRuntime": 8.108890306,
	"DivRuntime": 18.43924158,
	"AuditRuntime": 0.361238999,
	"NumParties": 5,
	"NumRows": 5000,
	"NumCols": 2,
	"NumSharesCreated": 69237,
	"RunId": 1
}