{
	"Test": "Pearson",
	"Value": "0.12407352248984885",
	"TotalRuntime": 104.791570488,
	"SetupTime": 4.250463187,
	"ComputeRuntime": 21.324758275,
	"SignExtractionRuntime": 28.965205731,
	"DivRuntime": 54.501607032,
	"AuditRuntime": 0,
	"NumParties": 11,
	"NumRows": 1000,
	"NumCols": 2,
	"NumSharesCreated": 130958,
	"RunId": 1
}