{
	"Test": "Pearson",
	"Value": "0.011239545719848617",
	"TotalRuntime": 71.00655043,
	"SetupTime": 6.459220373,
	"ComputeRuntime": 29.170936672,
	"DivRuntime": 41.835614389,
	"AuditRuntime": 0.810457547,
	"NumParties": 11,
	"NumRows": 10000,
	"NumCols": 2,
	"NumSharesCreated": 69237,
	"RunId": 1
}