{
	"Test": "Pearson",
	"Value": "0.0031257807233219326",
	"TotalRuntime": 44.29360792,
	"SetupTime": 0.659800621,
	"ComputeRuntime": 3.2243837539999998,
	"DivRuntime": 41.069224476,
	"AuditRuntime": 0.076047142,
	"NumParties": 11,
	"NumRows": 1000,
	"NumCols": 2,
	"NumSharesCreated": 69234,
	"RunId": 1
}