{
	"Test": "Pearson",
	"Value": "0.833683687652443",
	"TotalRuntime": 172.145675696,
	"SetupTime": 17.539817721,
	"ComputeRuntime": 88.747231328,
	"SignExtractionRuntime": 28.204560781,
	"DivRuntime": 55.193884225,
	"AuditRuntime": 0,
	"NumParties": 11,
	"NumRows": 4177,
	"NumCols": 2,
	"NumSharesCreated": 130959,
	"RunId": 1
}