{
	"Test": "Pearson",
	"Value": "0.0197427032080297",
	"TotalRuntime": 59.331103002,
	"SetupTime": 3.223967472,
	"ComputeRuntime": 16.405634122,
	"DivRuntime": 42.925469159,
	"AuditRuntime": 0.384712752,
	"NumParties": 11,
	"NumRows": 5000,
	"NumCols": 2,
	"NumSharesCreated": 69237,
	"RunId": 1
}