{
	"Test": "Pearson",
	"Value": "-0.011239552415481953",
	"TotalRuntime": 285.738707121,
	"SetupTime": 41.856406328,
	"ComputeRuntime": 210.909789038,
	"DivRuntime": 74.828918411,
	"AuditRuntime": 0,
	"NumParties": 11,
	"NumRows": 10000,
	"NumCols": 2,
	"NumSharesCreated": 130961,
	"RunId": 1
}