{
	"Test": "Pearson",
	"Value": "0.011239587150386884",
	"TotalRuntime": 73.983641148,
	"SetupTime": 6.541974977,
	"ComputeRuntime": 31.249540381,
	"DivRuntime": 42.734101327,
	"AuditRuntime": 0.762800553,
	"NumParties": 11,
	"NumRows": 10000,
	"NumCols": 2,
	"NumSharesCreated": 69237,
	"RunId": 1
}