{
	"Test": "Pearson",
	"Value": "-0.011239552332194763",
	"TotalRuntime": 131.523708946,
	"SetupTime": 41.738698533,
	"ComputeRuntime": 117.612002415,
	"DivRuntime": 13.911706871,
	"AuditRuntime": 0,
	"NumParties": 3,
	"NumRows": 10000,
	"NumCols": 2,
	"NumSharesCreated": 130959,
	"RunId": 1
}