{
	"Test": "Pearson",
	"Value": "0.8336836878086472",
	"TotalRuntime": 55.935287038,
	"SetupTime": 2.711483014,
	"ComputeRuntime": 13.968599426,
	"DivRuntime": 41.966687907,
	"AuditRuntime": 0.31176102,
	"NumParties": 11,
	"NumRows": 4177,
	"NumCols": 2,
	"NumSharesCreated": 69237,
	"RunId": 1
}