{
	"Test": "Pearson",
	"Value": "0.019742726794516528",
	"TotalRuntime": 56.845073961,
	"SetupTime": 3.28102861,
	"ComputeRuntime": 15.407542605,
	"DivRuntime": 41.437532491,
	"AuditRuntime": 0.371625894,
	"NumParties": 11,
	"NumRows": 5000,
	"NumCols": 2,
	"NumSharesCreated": 69235,
	"RunId": 1
}