{
	"Test": "Pearson",
	"Value": "0.0031259296941654976",
	"TotalRuntime": 19.866375392,
	"SetupTime": 0.641838014,
	"ComputeRuntime": 2.547076944,
	"DivRuntime": 17.319298729,
	"AuditRuntime": 0.075449991,
	"NumParties": 5,
	"NumRows": 1000,
	"NumCols": 2,
	"NumSharesCreated": 69237,
	"RunId": 1
}