{
	"Test": "Pearson",
	"Value": "0.019742713492543175",
	"TotalRuntime": 83.325819489,
	"SetupTime": 20.843136105,
	"ComputeRuntime": 57.479313109,
	"DivRuntime": 25.8465067,
	"AuditRuntime": 0,
	"NumParties": 5,
	"NumRows": 5000,
	"NumCols": 2,
	"NumSharesCreated": 130958,
	"RunId": 1
}