{
	"Test": "Pearson",
	"Value": "0.8336836878086472",
	"TotalRuntime": 20.651092883,
	"SetupTime": 2.598552748,
	"ComputeRuntime": 9.058345843,
	"DivRuntime": 11.592747354,
	"AuditRuntime": 0.293336072,
	"NumParties": 3,
	"NumRows": 4177,
	"NumCols": 2,
	"NumSharesCreated": 69237,
	"RunId": 1
}