{
	"Test": "Pearson",
	"Value": "0.019742726794516528",
	"TotalRuntime": 24.02586828,
	"SetupTime": 3.177831743,
	"ComputeRuntime": 8.233362634,
	"DivRuntime": 15.792505938,
	"AuditRuntime": 0.370330118,
	"NumParties": 5,
	"NumRows": 5000,
	"NumCols": 2,
	"NumSharesCreated": 69235,
	"RunId": 1
}