{
	"Test": "Pearson",
	"Value": "0.12407352248984885",
	"TotalRuntime": 42.853001014,
	"SetupTime": 4.170312134,
	"ComputeRuntime": 15.701408687,
	"SignExtractionRuntime": 7.700259428,
	"DivRuntime": 19.451332963,
	"AuditRuntime": 0,
	"NumParties": 5,
	"NumRows": 1000,
	"NumCols": 2,
	"NumSharesCreated": 130959,
	"RunId": 1
}