{
	"Test": "Pearson",
	"Value": "-0.003125860103926461",
	"TotalRuntime": 95.75509161,
	"SetupTime": 4.171593794,
	"ComputeRuntime": 21.292657294,
	"DivRuntime": 74.462434588,
	"AuditRuntime": 0,
	"NumParties": 11,
	"NumRows": 1000,
	"NumCols": 2,
	"NumSharesCreated": 130961,
	"RunId": 1
}