{
	"Test": "Pearson",
	"Value": "0.8336836877377336",
	"TotalRuntime": 87.863183687,
	"SetupTime": 17.450326822,
	"ComputeRuntime": 62.39714709,
	"SignExtractionRuntime": 7.01567776,
	"DivRuntime": 18.450359243,
	"AuditRuntime": 0,
	"NumParties": 5,
	"NumRows": 4177,
	"NumCols": 2,
	"NumSharesCreated": 130959,
	"RunId": 1
}