{
	"Test": "Pearson",
	"Value": "-0.003125860101564354",
	"TotalRuntime": 31.109655939,
	"SetupTime": 4.127552568,
	"ComputeRuntime": 15.546608239,
	"DivRuntime": 15.563048387,
	"AuditRuntime": 0,
	"NumParties": 3,
	"NumRows": 1000,
	"NumCols": 2,
	"NumSharesCreated": 130961,
	"RunId": 1
}