{
	"Test": "Pearson",
	"Value": "0.011239545719848617",
	"TotalRuntime": 37.335343487,
	"SetupTime": 6.397409473,
	"ComputeRuntime": 18.330566088,
	"DivRuntime": 19.004778038,
	"AuditRuntime": 0.772044968,
	"NumParties": 5,
	"NumRows": 10000,
	"NumCols": 2,
	"NumSharesCreated": 69235,
	"RunId": 1
}