{
	"Test": "Pearson",
	"Value": "0.8336836878086472",
	"TotalRuntime": 23.983233821,
	"SetupTime": 2.660516844,
	"ComputeRuntime": 7.82040223,
	"DivRuntime": 16.162832137,
	"AuditRuntime": 0.32104973,
	"NumParties": 5,
	"NumRows": 4177,
	"NumCols": 2,
	"NumSharesCreated": 69237,
	"RunId": 1
}