{
	"Test": "Pearson",
	"Value": "0.8336836877907048",
	"TotalRuntime": 71.690260236,
	"SetupTime": 17.296101924,
	"ComputeRuntime": 57.709306375,
	"DivRuntime": 13.980954104,
	"AuditRuntime": 0,
	"NumParties": 3,
	"NumRows": 4177,
	"NumCols": 2,
	"NumSharesCreated": 130960,
	"RunId": 1
}