{
	"Test": "Pearson",
	"Value": "-0.011239552415481283",
	"TotalRuntime": 182.096030304,
	"SetupTime": 41.624772643,
	"ComputeRuntime": 153.597837248,
	"DivRuntime": 28.498193365,
	"AuditRuntime": 0,
	"NumParties": 5,
	"NumRows": 10000,
	"NumCols": 2,
	"NumSharesCreated": 130961,
	"RunId": 1
}