{
	"Test": "Pearson",
	"Value": "0.8336836875968792",
	"TotalRuntime": 157.199231732,
	"SetupTime": 17.284323803,
	"ComputeRuntime": 86.74833866,
	"DivRuntime": 70.450893396,
	"AuditRuntime": 0,
	"NumParties": 11,
	"NumRows": 4177,
	"NumCols": 2,
	"NumSharesCreated": 130956,
	"RunId": 1
}