{
	"Test": "Pearson",
	"Value": "0.011239587150386884",
	"TotalRuntime": 43.092561816,
	"SetupTime": 6.342567997,
	"ComputeRuntime": 25.663668643,
	"DivRuntime": 17.428893453,
	"AuditRuntime": 0.769465273,
	"NumParties": 5,
	"NumRows": 10000,
	"NumCols": 2,
	"NumSharesCreated": 69236,
	"RunId": 1
}