{
	"Test": "Pearson",
	"Value": "0.011239545719848617",
	"TotalRuntime": 36.269688013,
	"SetupTime": 6.505429959,
	"ComputeRuntime": 24.73776293,
	"DivRuntime": 11.531925355,
	"AuditRuntime": 0.784466552,
	"NumParties": 3,
	"NumRows": 10000,
	"NumCols": 2,
	"NumSharesCreated": 69237,
	"RunId": 1
}