{
	"Test": "Pearson",
	"Value": "0.8336836883672059",
	"TotalRuntime": 52.705468648,
	"SetupTime": 2.7001198349999997,
	"ComputeRuntime": 11.483131728,
	"DivRuntime": 41.222337227,
	"AuditRuntime": 0.32088197,
	"NumParties": 11,
	"NumRows": 4177,
	"NumCols": 2,
	"NumSharesCreated": 69237,
	"RunId": 1
}