{
	"Test": "Pearson",
	"Value": "0.019742713419568604",
	"TotalRuntime": 95.274529081,
	"SetupTime": 20.712273762,
	"ComputeRuntime": 79.851209433,
	"DivRuntime": 15.423319935,
	"AuditRuntime": 0,
	"NumParties": 3,
	"NumRows": 5000,
	"NumCols": 2,
	"NumSharesCreated": 130960,
	"RunId": 1
}