{
	"Test": "Pearson",
	"Value": "0.03020176577095808",
	"TotalRuntime": 303.496918679,
	"SetupTime": 42.637805642000004,
	"ComputeRuntime": 219.643418995,
	"SignExtractionRuntime": 29.229835015,
	"DivRuntime": 54.623665265,
	"AuditRuntime": 0,
	"NumParties": 11,
	"NumRows": 10000,
	"NumCols": 2,
	"NumSharesCreated": 130959,
	"RunId": 1
}