{
	"Test": "Pearson",
	"Value": "0.0031259296941654976",
	"TotalRuntime": 44.851438875,
	"SetupTime": 0.651347045,
	"ComputeRuntime": 3.015728746,
	"DivRuntime": 41.835710614,
	"AuditRuntime": 0.071989368,
	"NumParties": 11,
	"NumRows": 1000,
	"NumCols": 2,
	"NumSharesCreated": 69236,
	"RunId": 1
}