{
	"Test": "Pearson",
	"Value": "0.0031257807233219326",
	"TotalRuntime": 14.044643528,
	"SetupTime": 0.641590523,
	"ComputeRuntime": 2.585736534,
	"DivRuntime": 11.458907272,
	"AuditRuntime": 0.084743265,
	"NumParties": 3,
	"NumRows": 1000,
	"NumCols": 2,
	"NumSharesCreated": 69234,
	"RunId": 1
}