{
	"Test": "T-Test",
	"Value": "161.74187470310991",
	"TotalRuntime": 18.137556243,
	"SetupTime": 2.648294787,
	"ComputeRuntime": 6.681822438,
	"DivRuntime": 11.455740584,
	"AuditRuntime": 0.317307379,
	"NumParties": 3,
	"NumRows": 4177,
	"NumCols": 2,
	"NumSharesCreated": 69237,
	"RunId": 1
}