{
	"Test": "T-Test",
	"Value": "0.19469008453208891",
	"TotalRuntime": 12.136821313,
	"SetupTime": 0.60828126,
	"ComputeRuntime": 1.564034935,
	"DivRuntime": 10.572792249,
	"AuditRuntime": 0.060867602,
	"NumParties": 3,
	"NumRows": 1000,
	"NumCols": 2,
	"NumSharesCreated": 69236,
	"RunId": 1
}