{
	"Test": "T-Test",
	"Value": "0.02909279288155952",
	"TotalRuntime": 142.717613659,
	"SetupTime": 20.671370599,
	"ComputeRuntime": 70.299185936,
	"DivRuntime": 72.418428536,
	"AuditRuntime": 0,
	"NumParties": 11,
	"NumRows": 5000,
	"NumCols": 2,
	"NumSharesCreated": 130737,
	"RunId": 1
}