{
	"Test": "T-Test",
	"Value": "0.029092788192962078",
	"TotalRuntime": 48.116089792,
	"SetupTime": 20.812571083,
	"ComputeRuntime": 34.458822679,
	"DivRuntime": 13.657267484,
	"AuditRuntime": 0,
	"NumParties": 3,
	"NumRows": 5000,
	"NumCols": 2,
	"NumSharesCreated": 130732,
	"RunId": 1
}