{
	"Test": "T-Test",
	"Value": "161.65986764927473",
	"TotalRuntime": 50.141765299,
	"SetupTime": 2.631494669,
	"ComputeRuntime": 8.901840067,
	"DivRuntime": 41.239933402,
	"AuditRuntime": 0.299221127,
	"NumParties": 11,
	"NumRows": 4177,
	"NumCols": 2,
	"NumSharesCreated": 69236,
	"RunId": 1
}