{
	"Test": "T-Test",
	"Value": "161.7692382155628",
	"TotalRuntime": 58.914818901,
	"SetupTime": 17.305179282,
	"ComputeRuntime": 43.383056265,
	"DivRuntime": 15.531762919,
	"AuditRuntime": 0,
	"NumParties": 3,
	"NumRows": 4177,
	"NumCols": 2,
	"NumSharesCreated": 130736,
	"RunId": 1
}