{
	"Test": "T-Test",
	"Value": "161.74187470310704",
	"TotalRuntime": 23.708350266,
	"SetupTime": 2.675075245,
	"ComputeRuntime": 5.053799381,
	"DivRuntime": 18.65455755,
	"AuditRuntime": 0.280668305,
	"NumParties": 5,
	"NumRows": 4177,
	"NumCols": 2,
	"NumSharesCreated": 69237,
	"RunId": 1
}