{
	"Test": "T-Test",
	"Value": "4.88500341520148",
	"TotalRuntime": 92.723899056,
	"SetupTime": 42.096823979,
	"ComputeRuntime": 68.206486401,
	"SignExtractionRuntime": 6.561062034,
	"DivRuntime": 17.956350941,
	"AuditRuntime": 0,
	"NumParties": 5,
	"NumRows": 10000,
	"NumCols": 2,
	"NumSharesCreated": 130736,
	"RunId": 1
}