{
	"Test": "T-Test",
	"Value": "161.6871901682479",
	"TotalRuntime": 49.235440692,
	"SetupTime": 2.646491364,
	"ComputeRuntime": 8.239633911,
	"DivRuntime": 40.995812871,
	"AuditRuntime": 0.296677018,
	"NumParties": 11,
	"NumRows": 4177,
	"NumCols": 2,
	"NumSharesCreated": 69236,
	"RunId": 1
}