{
	"Test": "T-Test",
	"Value": "4.885003344782377",
	"TotalRuntime": 227.062506213,
	"SetupTime": 42.199801462,
	"ComputeRuntime": 143.591541667,
	"SignExtractionRuntime": 29.667719641,
	"DivRuntime": 53.803245236,
	"AuditRuntime": 0,
	"NumParties": 11,
	"NumRows": 10000,
	"NumCols": 2,
	"NumSharesCreated": 130738,
	"RunId": 1
}