{
	"Test": "T-Test",
	"Value": "0.1946900869238968",
	"TotalRuntime": 21.752866864,
	"SetupTime": 0.638764129,
	"ComputeRuntime": 1.775942446,
	"DivRuntime": 19.976931576,
	"AuditRuntime": 0.065965657,
	"NumParties": 5,
	"NumRows": 1000,
	"NumCols": 2,
	"NumSharesCreated": 69237,
	"RunId": 1
}