{
	"Test": "T-Test",
	"Value": "3.1111228944393545",
	"TotalRuntime": 66.106329036,
	"SetupTime": 21.099863632,
	"ComputeRuntime": 50.580586669,
	"SignExtractionRuntime": 3.382680681,
	"DivRuntime": 12.143061768,
	"AuditRuntime": 0,
	"NumParties": 3,
	"NumRows": 5000,
	"NumCols": 2,
	"NumSharesCreated": 130736,
	"RunId": 1
}