{
	"Test": "T-Test",
	"Value": "0.3422019846563515",
	"TotalRuntime": 63.194098338,
	"SetupTime": 6.414742887,
	"ComputeRuntime": 20.994265847,
	"DivRuntime": 42.199839653,
	"AuditRuntime": 0.794239299,
	"NumParties": 11,
	"NumRows": 10000,
	"NumCols": 2,
	"NumSharesCreated": 69237,
	"RunId": 1
}