{
	"Test": "T-Test",
	"Value": "0.34220047689119115",
	"TotalRuntime": 122.278005352,
	"SetupTime": 41.413335479,
	"ComputeRuntime": 97.057231341,
	"DivRuntime": 25.220774326,
	"AuditRuntime": 0,
	"NumParties": 5,
	"NumRows": 10000,
	"NumCols": 2,
	"NumSharesCreated": 130738,
	"RunId": 1
}