{
	"Test": "T-Test",
	"Value": "161.63255048345047",
	"TotalRuntime": 130.545811266,
	"SetupTime": 17.24798152,
	"ComputeRuntime": 59.190037244,
	"DivRuntime": 71.355774296,
	"AuditRuntime": 0,
	"NumParties": 11,
	"NumRows": 4177,
	"NumCols": 2,
	"NumSharesCreated": 130735,
	"RunId": 1
}