{
	"Test": "T-Test",
	"Value": "0.029092953195733948",
	"TotalRuntime": 28.638984205,
	"SetupTime": 3.088969002,
	"ComputeRuntime": 8.680038269,
	"DivRuntime": 19.958959681,
	"AuditRuntime": 0.355037484,
	"NumParties": 5,
	"NumRows": 5000,
	"NumCols": 2,
	"NumSharesCreated": 69237,
	"RunId": 1
}