{
	"Test": "T-Test",
	"Value": "3.1111228708573084",
	"TotalRuntime": 154.778071938,
	"SetupTime": 21.067447397,
	"ComputeRuntime": 71.779381557,
	"SignExtractionRuntime": 28.477852408,
	"DivRuntime": 54.520838362,
	"AuditRuntime": 0,
	"NumParties": 11,
	"NumRows": 5000,
	"NumCols": 2,
	"NumSharesCreated": 130734,
	"RunId": 1
}