{
	"Test": "T-Test",
	"Value": "0.19469002322416679",
	"TotalRuntime": 38.275793415,
	"SetupTime": 4.157395227,
	"ComputeRuntime": 10.371598929,
	"DivRuntime": 27.904194714,
	"AuditRuntime": 0,
	"NumParties": 5,
	"NumRows": 1000,
	"NumCols": 2,
	"NumSharesCreated": 130738,
	"RunId": 1
}