{
	"Test": "T-Test",
	"Value": "0.02909284115364369",
	"TotalRuntime": 19.273508187,
	"SetupTime": 3.235151317,
	"ComputeRuntime": 7.854245321,
	"DivRuntime": 11.419268565,
	"AuditRuntime": 0.360282036,
	"NumParties": 3,
	"NumRows": 5000,
	"NumCols": 2,
	"NumSharesCreated": 69237,
	"RunId": 1
}