{
	"Test": "T-Test",
	"Value": "4.885003436823872",
	"TotalRuntime": 74.575467719,
	"SetupTime": 42.859566088,
	"ComputeRuntime": 59.841240587,
	"SignExtractionRuntime": 3.443039734,
	"DivRuntime": 11.291187594,
	"AuditRuntime": 0,
	"NumParties": 3,
	"NumRows": 10000,
	"NumCols": 2,
	"NumSharesCreated": 130738,
	"RunId": 1
}