{
	"Test": "T-Test",
	"Value": "161.71452174580364",
	"TotalRuntime": 64.081154824,
	"SetupTime": 17.218511103,
	"ComputeRuntime": 38.737195747,
	"DivRuntime": 25.343959463,
	"AuditRuntime": 0,
	"NumParties": 5,
	"NumRows": 4177,
	"NumCols": 2,
	"NumSharesCreated": 130738,
	"RunId": 1
}