{
	"Test": "T-Test",
	"Value": "0.3422019778524562",
	"TotalRuntime": 59.744581408,
	"SetupTime": 6.497335623,
	"ComputeRuntime": 18.583296532,
	"DivRuntime": 41.161291744,
	"AuditRuntime": 0.723686934,
	"NumParties": 11,
	"NumRows": 10000,
	"NumCols": 2,
	"NumSharesCreated": 69237,
	"RunId": 1
}