{
	"Test": "T-Test",
	"Value": "161.6325516052991",
	"TotalRuntime": 141.961322841,
	"SetupTime": 17.949463509,
	"ComputeRuntime": 60.022544591,
	"SignExtractionRuntime": 28.304112163,
	"DivRuntime": 53.634666238,
	"AuditRuntime": 0,
	"NumParties": 11,
	"NumRows": 4177,
	"NumCols": 2,
	"NumSharesCreated": 130738,
	"RunId": 1
}