{
	"Test": "T-Test",
	"Value": "0.34220195471921133",
	"TotalRuntime": 25.659603108,
	"SetupTime": 6.5254436689999995,
	"ComputeRuntime": 13.99254341,
	"DivRuntime": 11.667071913000001,
	"AuditRuntime": 0.724789884,
	"NumParties": 3,
	"NumRows": 10000,
	"NumCols": 2,
	"NumSharesCreated": 69236,
	"RunId": 1
}