{
	"Test": "T-Test",
	"Value": "0.1946900869238968",
	"TotalRuntime": 43.547782465,
	"SetupTime": 0.649301744,
	"ComputeRuntime": 2.196945142,
	"DivRuntime": 41.350844384,
	"AuditRuntime": 0.073757221,
	"NumParties": 11,
	"NumRows": 1000,
	"NumCols": 2,
	"NumSharesCreated": 69236,
	"RunId": 1
}