{
	"Test": "T-Test",
	"Value": "161.74187574889518",
	"TotalRuntime": 25.20360162,
	"SetupTime": 2.690855719,
	"ComputeRuntime": 7.571522,
	"DivRuntime": 17.632087417,
	"AuditRuntime": 0.30089286,
	"NumParties": 5,
	"NumRows": 4177,
	"NumCols": 2,
	"NumSharesCreated": 69235,
	"RunId": 1
}