{
	"Test": "T-Test",
	"Value": "0.34220196016232796",
	"TotalRuntime": 32.744860256,
	"SetupTime": 6.447433095,
	"ComputeRuntime": 16.636865342,
	"DivRuntime": 16.108000231,
	"AuditRuntime": 0.703432428,
	"NumParties": 5,
	"NumRows": 10000,
	"NumCols": 2,
	"NumSharesCreated": 69233,
	"RunId": 1
}