{
	"Test": "T-Test",
	"Value": "5.378038444026406",
	"TotalRuntime": 31.35779658,
	"SetupTime": 4.175577448,
	"ComputeRuntime": 6.194787473,
	"SignExtractionRuntime": 6.530725366,
	"DivRuntime": 18.632283893,
	"AuditRuntime": 0,
	"NumParties": 5,
	"NumRows": 1000,
	"NumCols": 2,
	"NumSharesCreated": 130735,
	"RunId": 1
}