{
	"Test": "T-Test",
	"Value": "0.34220047555409444",
	"TotalRuntime": 122.968848605,
	"SetupTime": 41.787473443,
	"ComputeRuntime": 107.732310119,
	"DivRuntime": 15.236538899,
	"AuditRuntime": 0,
	"NumParties": 3,
	"NumRows": 10000,
	"NumCols": 2,
	"NumSharesCreated": 130738,
	"RunId": 1
}