{
	"Test": "T-Test",
	"Value": "0.029093081243308744",
	"TotalRuntime": 51.524983528,
	"SetupTime": 3.202001115,
	"ComputeRuntime": 10.111128798,
	"DivRuntime": 41.413862487,
	"AuditRuntime": 0.355817313,
	"NumParties": 11,
	"NumRows": 5000,
	"NumCols": 2,
	"NumSharesCreated": 69235,
	"RunId": 1
}