{
	"Test": "T-Test",
	"Value": "0.19469002404455107",
	"TotalRuntime": 24.811627597,
	"SetupTime": 4.167920729,
	"ComputeRuntime": 9.497932827,
	"DivRuntime": 15.313695117,
	"AuditRuntime": 0,
	"NumParties": 3,
	"NumRows": 1000,
	"NumCols": 2,
	"NumSharesCreated": 130735,
	"RunId": 1
}