{
	"Test": "T-Test",
	"Value": "0.19469008214028097",
	"TotalRuntime": 13.235357428,
	"SetupTime": 0.656749357,
	"ComputeRuntime": 1.778812717,
	"DivRuntime": 11.456551843,
	"AuditRuntime": 0.072216076,
	"NumParties": 3,
	"NumRows": 1000,
	"NumCols": 2,
	"NumSharesCreated": 69236,
	"RunId": 1
}