{
	"Test": "T-Test",
	"Value": "0.0290929051777481",
	"TotalRuntime": 15.789949808,
	"SetupTime": 2.776828377,
	"ComputeRuntime": 5.209738285,
	"DivRuntime": 10.580217017,
	"AuditRuntime": 0.313379217,
	"NumParties": 3,
	"NumRows": 5000,
	"NumCols": 2,
	"NumSharesCreated": 69234,
	"RunId": 1
}