{
	"Test": "T-Test",
	"Value": "0.3422004751521137",
	"TotalRuntime": 212.679795872,
	"SetupTime": 41.429815094,
	"ComputeRuntime": 142.244215481,
	"DivRuntime": 70.435580659,
	"AuditRuntime": 0,
	"NumParties": 11,
	"NumRows": 10000,
	"NumCols": 2,
	"NumSharesCreated": 130737,
	"RunId": 1
}