{
	"Test": "T-Test",
	"Value": "0.029092953195733948",
	"TotalRuntime": 26.167969802000002,
	"SetupTime": 3.183284226,
	"ComputeRuntime": 8.758449332,
	"DivRuntime": 17.409528037,
	"AuditRuntime": 0.368264441,
	"NumParties": 5,
	"NumRows": 5000,
	"NumCols": 2,
	"NumSharesCreated": 69237,
	"RunId": 1
}