{
	"Test": "Chi-Squared",
	"Value": "2.9430000111460686",
	"TotalRuntime": 20.94242718,
	"SetupTime": 3.140325843,
	"ComputeRuntime": 0.25499296,
	"DivRuntime": 20.687434754999998,
	"AuditRuntime": 0.200726092,
	"NumParties": 3,
	"NumRows": 10000,
	"NumCols": 5,
	"NumSharesCreated": 346401,
	"RunId": 2
}