{
	"Test": "Chi-Squared",
	"Value": "6.000000022351742",
	"TotalRuntime": 77.383199603,
	"SetupTime": 3.082102033,
	"ComputeRuntime": 0.457456732,
	"DivRuntime": 76.925743432,
	"AuditRuntime": 0.392921024,
	"NumParties": 5,
	"NumRows": 10000,
	"NumCols": 10,
	"NumSharesCreated": 692585,
	"RunId": 2
}