{
	"Test": "Chi-Squared",
	"Value": "15.952000059187412",
	"TotalRuntime": 72.591336094,
	"SetupTime": 5.021719317,
	"ComputeRuntime": 0.432953794,
	"DivRuntime": 72.158382729,
	"AuditRuntime": 0.380582841,
	"NumParties": 3,
	"NumRows": 5000,
	"NumCols": 20,
	"NumSharesCreated": 1384942,
	"RunId": 2
}