{
	"Test": "Chi-Squared",
	"Value": "15.952000059187412",
	"TotalRuntime": 63.703148229,
	"SetupTime": 5.511379777,
	"ComputeRuntime": 0.539597391,
	"DivRuntime": 63.163551067,
	"AuditRuntime": 0.426832439,
	"NumParties": 3,
	"NumRows": 5000,
	"NumCols": 20,
	"NumSharesCreated": 1384944,
	"RunId": 2
}