{
	"Test": "Chi-Squared",
	"Value": "20.280000074668244",
	"TotalRuntime": 89.957618004,
	"SetupTime": 2.183191549,
	"ComputeRuntime": 0.641377178,
	"SignExtractionRuntime": 0,
	"DivRuntime": 89.316241233,
	"AuditRuntime": 0,
	"NumParties": 3,
	"NumRows": 1000,
	"NumCols": 20,
	"NumSharesCreated": 1381793,
	"RunId": 2
}