{
	"Test": "Chi-Squared",
	"Value": "2.424000009029207",
	"TotalRuntime": 46.305762303,
	"SetupTime": 6.940764627,
	"ComputeRuntime": 0.507996026,
	"DivRuntime": 45.797766754,
	"AuditRuntime": 0,
	"NumParties": 5,
	"NumRows": 5000,
	"NumCols": 5,
	"NumSharesCreated": 345452,
	"RunId": 2
}