{
	"Test": "Chi-Squared",
	"Value": "10.808000040557577",
	"TotalRuntime": 334.926104614,
	"SetupTime": 5.767407814,
	"ComputeRuntime": 0.710106099,
	"SignExtractionRuntime": 0,
	"DivRuntime": 334.215998838,
	"AuditRuntime": 0,
	"NumParties": 11,
	"NumRows": 5000,
	"NumCols": 10,
	"NumSharesCreated": 690907,
	"RunId": 2
}