{
	"Test": "Chi-Squared",
	"Value": "12.160000044852495",
	"TotalRuntime": 36.02696818,
	"SetupTime": 0.51036205,
	"ComputeRuntime": 0.072627285,
	"DivRuntime": 35.954341172,
	"AuditRuntime": 0.041550149,
	"NumParties": 3,
	"NumRows": 1000,
	"NumCols": 10,
	"NumSharesCreated": 692584,
	"RunId": 2
}