{
	"Test": "Chi-Squared",
	"Value": "6.000000022287704",
	"TotalRuntime": 97.056593177,
	"SetupTime": 20.503138454,
	"ComputeRuntime": 1.474113533,
	"SignExtractionRuntime": 0,
	"DivRuntime": 95.582479901,
	"AuditRuntime": 0,
	"NumParties": 5,
	"NumRows": 10000,
	"NumCols": 10,
	"NumSharesCreated": 690900,
	"RunId": 2
}