{
	"Test": "Chi-Squared",
	"Value": "12.160000044852495",
	"TotalRuntime": 66.70453079,
	"SetupTime": 0.317007487,
	"ComputeRuntime": 0.075378051,
	"DivRuntime": 66.629153172,
	"AuditRuntime": 0.04330616,
	"NumParties": 5,
	"NumRows": 1000,
	"NumCols": 10,
	"NumSharesCreated": 692570,
	"RunId": 2
}