{
	"Test": "Chi-Squared",
	"Value": "2.4240000089630485",
	"TotalRuntime": 165.510368066,
	"SetupTime": 0.421446288,
	"ComputeRuntime": 0.11943148,
	"DivRuntime": 165.390937314,
	"AuditRuntime": 0.084588227,
	"NumParties": 11,
	"NumRows": 5000,
	"NumCols": 5,
	"NumSharesCreated": 346406,
	"RunId": 2
}