{
	"Test": "Chi-Squared",
	"Value": "20.280000073835254",
	"TotalRuntime": 560.675241539,
	"SetupTime": 0.359363326,
	"ComputeRuntime": 0.139162902,
	"DivRuntime": 560.536079055,
	"AuditRuntime": 0.07461875,
	"NumParties": 11,
	"NumRows": 1000,
	"NumCols": 20,
	"NumSharesCreated": 1384932,
	"RunId": 2
}