{
	"Test": "Chi-Squared",
	"Value": "20.280000074766576",
	"TotalRuntime": 70.979649449,
	"SetupTime": 1.019020788,
	"ComputeRuntime": 0.126489128,
	"DivRuntime": 70.853160756,
	"AuditRuntime": 0.082068894,
	"NumParties": 3,
	"NumRows": 1000,
	"NumCols": 20,
	"NumSharesCreated": 1384953,
	"RunId": 2
}