{
	"Test": "Chi-Squared",
	"Value": "6.000000022351742",
	"TotalRuntime": 70.644424857,
	"SetupTime": 3.417058066,
	"ComputeRuntime": 0.576729432,
	"DivRuntime": 70.067695835,
	"AuditRuntime": 0.425964537,
	"NumParties": 5,
	"NumRows": 10000,
	"NumCols": 10,
	"NumSharesCreated": 692585,
	"RunId": 2
}