{
	"Test": "Chi-Squared",
	"Value": "15.952000059153953",
	"TotalRuntime": 672.99431773,
	"SetupTime": 13.145340511,
	"ComputeRuntime": 1.45040081,
	"SignExtractionRuntime": 0,
	"DivRuntime": 671.543917245,
	"AuditRuntime": 0,
	"NumParties": 11,
	"NumRows": 5000,
	"NumCols": 20,
	"NumSharesCreated": 1381806,
	"RunId": 2
}