{
	"Test": "Chi-Squared",
	"Value": "2.943000010214746",
	"TotalRuntime": 40.270056822,
	"SetupTime": 1.6047095329999999,
	"ComputeRuntime": 0.244860144,
	"DivRuntime": 40.02519699,
	"AuditRuntime": 0.205344938,
	"NumParties": 5,
	"NumRows": 10000,
	"NumCols": 5,
	"NumSharesCreated": 346406,
	"RunId": 2
}