{
	"Test": "Chi-Squared",
	"Value": "25.152000093758225",
	"TotalRuntime": 188.039650292,
	"SetupTime": 39.045135672,
	"ComputeRuntime": 2.394253239,
	"SignExtractionRuntime": 0,
	"DivRuntime": 185.64539768,
	"AuditRuntime": 0,
	"NumParties": 5,
	"NumRows": 10000,
	"NumCols": 20,
	"NumSharesCreated": 1381799,
	"RunId": 2
}