{
	"Test": "Chi-Squared",
	"Value": "15.95200005825609",
	"TotalRuntime": 533.787610648,
	"SetupTime": 1.545307881,
	"ComputeRuntime": 0.483362027,
	"DivRuntime": 533.304249024,
	"AuditRuntime": 0.393801769,
	"NumParties": 11,
	"NumRows": 5000,
	"NumCols": 20,
	"NumSharesCreated": 1384927,
	"RunId": 2
}