{
	"Test": "Chi-Squared",
	"Value": "51.85185184981674",
	"TotalRuntime": 18.68266268,
	"SetupTime": 0.023384037,
	"ComputeRuntime": 0.021441684,
	"DivRuntime": 18.661221228,
	"AuditRuntime": 0.002873521,
	"NumParties": 3,
	"NumRows": 108,
	"NumCols": 4,
	"NumSharesCreated": 277163,
	"RunId": 2
}