{
	"Test": "Chi-Squared",
	"Value": "12.16000004511328",
	"TotalRuntime": 47.983599896,
	"SetupTime": 3.436991801,
	"ComputeRuntime": 0.3162043,
	"SignExtractionRuntime": 0,
	"DivRuntime": 47.667395873,
	"AuditRuntime": 0,
	"NumParties": 3,
	"NumRows": 1000,
	"NumCols": 10,
	"NumSharesCreated": 690908,
	"RunId": 2
}