{
	"Test": "Chi-Squared",
	"Value": "25.15200009290129",
	"TotalRuntime": 577.572985529,
	"SetupTime": 3.11490906,
	"ComputeRuntime": 0.897152237,
	"DivRuntime": 576.675833679,
	"AuditRuntime": 0.828982773,
	"NumParties": 11,
	"NumRows": 10000,
	"NumCols": 20,
	"NumSharesCreated": 1384944,
	"RunId": 2
}