{
	"Test": "Chi-Squared",
	"Value": "20.28000007400328",
	"TotalRuntime": 531.036790809,
	"SetupTime": 2.022134473,
	"ComputeRuntime": 0.728081396,
	"DivRuntime": 530.308709657,
	"AuditRuntime": 0,
	"NumParties": 11,
	"NumRows": 1000,
	"NumCols": 20,
	"NumSharesCreated": 1381796,
	"RunId": 2
}