{
	"Test": "Chi-Squared",
	"Value": "7.800000028716204",
	"TotalRuntime": 50.863102412,
	"SetupTime": 0.489414316,
	"ComputeRuntime": 0.178296223,
	"SignExtractionRuntime": 0,
	"DivRuntime": 50.684806517,
	"AuditRuntime": 0,
	"NumParties": 5,
	"NumRows": 1000,
	"NumCols": 5,
	"NumSharesCreated": 345451,
	"RunId": 2
}