{
	"Test": "Chi-Squared",
	"Value": "15.952000059535155",
	"TotalRuntime": 536.78359324,
	"SetupTime": 12.754513824,
	"ComputeRuntime": 1.322499228,
	"DivRuntime": 535.461094232,
	"AuditRuntime": 0,
	"NumParties": 11,
	"NumRows": 5000,
	"NumCols": 20,
	"NumSharesCreated": 1381806,
	"RunId": 2
}