{
	"Test": "Chi-Squared",
	"Value": "7.800000028684735",
	"TotalRuntime": 23.071421674,
	"SetupTime": 0.260966138,
	"ComputeRuntime": 0.042931158,
	"DivRuntime": 23.028490971,
	"AuditRuntime": 0.021035397,
	"NumParties": 3,
	"NumRows": 1000,
	"NumCols": 5,
	"NumSharesCreated": 346403,
	"RunId": 2
}