{
	"Test": "Chi-Squared",
	"Value": "25.152000093832612",
	"TotalRuntime": 66.695048652,
	"SetupTime": 10.410543955,
	"ComputeRuntime": 1.044795043,
	"DivRuntime": 65.650254355,
	"AuditRuntime": 0.868454484,
	"NumParties": 3,
	"NumRows": 10000,
	"NumCols": 20,
	"NumSharesCreated": 1384931,
	"RunId": 2
}