{
	"Test": "Chi-Squared",
	"Value": "12.16000004404347",
	"TotalRuntime": 262.397986908,
	"SetupTime": 0.932537718,
	"ComputeRuntime": 0.346372587,
	"DivRuntime": 262.051614582,
	"AuditRuntime": 0,
	"NumParties": 11,
	"NumRows": 1000,
	"NumCols": 10,
	"NumSharesCreated": 690899,
	"RunId": 2
}