{
	"Test": "Chi-Squared",
	"Value": "6.000000022351742",
	"TotalRuntime": 309.703335813,
	"SetupTime": 1.525039952,
	"ComputeRuntime": 0.495325821,
	"DivRuntime": 309.208010796,
	"AuditRuntime": 0.438523684,
	"NumParties": 11,
	"NumRows": 10000,
	"NumCols": 10,
	"NumSharesCreated": 692592,
	"RunId": 2
}