{
	"Test": "Chi-Squared",
	"Value": "7.800000029616058",
	"TotalRuntime": 20.990906553,
	"SetupTime": 0.129452818,
	"ComputeRuntime": 0.039081493,
	"DivRuntime": 20.951825271,
	"AuditRuntime": 0.020014828,
	"NumParties": 3,
	"NumRows": 1000,
	"NumCols": 5,
	"NumSharesCreated": 346401,
	"RunId": 2
}