{
	"Test": "Chi-Squared",
	"Value": "20.280000075263544",
	"TotalRuntime": 76.112834732,
	"SetupTime": 6.80310015,
	"ComputeRuntime": 0.599848791,
	"DivRuntime": 75.512986203,
	"AuditRuntime": 0,
	"NumParties": 3,
	"NumRows": 1000,
	"NumCols": 20,
	"NumSharesCreated": 1381786,
	"RunId": 2
}