{
	"Test": "Chi-Squared",
	"Value": "15.952000059085796",
	"TotalRuntime": 78.701584116,
	"SetupTime": 33.878890216,
	"ComputeRuntime": 1.34967584,
	"DivRuntime": 77.351908677,
	"AuditRuntime": 0,
	"NumParties": 3,
	"NumRows": 5000,
	"NumCols": 20,
	"NumSharesCreated": 1381814,
	"RunId": 2
}