{
	"Test": "Chi-Squared",
	"Value": "25.152000093602673",
	"TotalRuntime": 654.919817955,
	"SetupTime": 25.569262326,
	"ComputeRuntime": 2.685769983,
	"SignExtractionRuntime": 0,
	"DivRuntime": 652.234048319,
	"AuditRuntime": 0,
	"NumParties": 11,
	"NumRows": 10000,
	"NumCols": 20,
	"NumSharesCreated": 1381805,
	"RunId": 2
}