{
	"Test": "Chi-Squared",
	"Value": "2.9430000111460686",
	"TotalRuntime": 23.324959411,
	"SetupTime": 2.561567383,
	"ComputeRuntime": 0.210793044,
	"DivRuntime": 23.114166931,
	"AuditRuntime": 0.275221974,
	"NumParties": 3,
	"NumRows": 10000,
	"NumCols": 5,
	"NumSharesCreated": 346406,
	"RunId": 2
}