{
	"Test": "Chi-Squared",
	"Value": "10.808000040240586",
	"TotalRuntime": 273.567660323,
	"SetupTime": 1.422053772,
	"ComputeRuntime": 0.344374242,
	"DivRuntime": 273.22328653,
	"AuditRuntime": 0.191918536,
	"NumParties": 11,
	"NumRows": 5000,
	"NumCols": 10,
	"NumSharesCreated": 692580,
	"RunId": 2
}