{
	"Test": "Chi-Squared",
	"Value": "20.280000072703153",
	"TotalRuntime": 674.876108375,
	"SetupTime": 2.475048422,
	"ComputeRuntime": 0.754453185,
	"SignExtractionRuntime": 0,
	"DivRuntime": 674.121655478,
	"AuditRuntime": 0,
	"NumParties": 11,
	"NumRows": 1000,
	"NumCols": 20,
	"NumSharesCreated": 1381798,
	"RunId": 2
}