{
	"Test": "Chi-Squared",
	"Value": "10.808000040240586",
	"TotalRuntime": 36.49810637,
	"SetupTime": 2.68717287,
	"ComputeRuntime": 0.264170428,
	"DivRuntime": 36.233936229,
	"AuditRuntime": 0.184943454,
	"NumParties": 3,
	"NumRows": 5000,
	"NumCols": 10,
	"NumSharesCreated": 692579,
	"RunId": 2
}