{
	"Test": "Chi-Squared",
	"Value": "2.4240000089630485",
	"TotalRuntime": 21.215741382,
	"SetupTime": 1.275751397,
	"ComputeRuntime": 0.115512554,
	"DivRuntime": 21.100229079,
	"AuditRuntime": 0.095622489,
	"NumParties": 3,
	"NumRows": 5000,
	"NumCols": 5,
	"NumSharesCreated": 346405,
	"RunId": 2
}