{
	"Test": "Chi-Squared",
	"Value": "20.28000007662922",
	"TotalRuntime": 66.652253545,
	"SetupTime": 1.000267012,
	"ComputeRuntime": 0.135771126,
	"DivRuntime": 66.516482645,
	"AuditRuntime": 0.080320691,
	"NumParties": 3,
	"NumRows": 1000,
	"NumCols": 20,
	"NumSharesCreated": 1384948,
	"RunId": 2
}