{
	"Test": "Chi-Squared",
	"Value": "7.800000029312903",
	"TotalRuntime": 176.571405273,
	"SetupTime": 0.467630802,
	"ComputeRuntime": 0.20186384,
	"SignExtractionRuntime": 0,
	"DivRuntime": 176.369541756,
	"AuditRuntime": 0,
	"NumParties": 11,
	"NumRows": 1000,
	"NumCols": 5,
	"NumSharesCreated": 345452,
	"RunId": 2
}