{
	"Test": "Chi-Squared",
	"Value": "51.85185184609145",
	"TotalRuntime": 120.13941214,
	"SetupTime": 0.009268561,
	"ComputeRuntime": 0.056750738,
	"DivRuntime": 120.082661892,
	"AuditRuntime": 0.003120564,
	"NumParties": 11,
	"NumRows": 108,
	"NumCols": 4,
	"NumSharesCreated": 277169,
	"RunId": 2
}