{
	"Test": "Chi-Squared",
	"Value": "15.952000059078257",
	"TotalRuntime": 192.725037613,
	"SetupTime": 20.450828633,
	"ComputeRuntime": 1.246387358,
	"SignExtractionRuntime": 0,
	"DivRuntime": 191.478650671,
	"AuditRuntime": 0,
	"NumParties": 5,
	"NumRows": 5000,
	"NumCols": 20,
	"NumSharesCreated": 1381804,
	"RunId": 2
}