{
	"Test": "Chi-Squared",
	"Value": "6.000000022351742",
	"TotalRuntime": 34.637593724,
	"SetupTime": 5.449067422,
	"ComputeRuntime": 0.518024764,
	"DivRuntime": 34.119569225,
	"AuditRuntime": 0.42309913,
	"NumParties": 3,
	"NumRows": 10000,
	"NumCols": 10,
	"NumSharesCreated": 692586,
	"RunId": 2
}