{
	"Test": "Chi-Squared",
	"Value": "20.280000073614357",
	"TotalRuntime": 154.13877665,
	"SetupTime": 2.021539846,
	"ComputeRuntime": 0.623336908,
	"DivRuntime": 153.515440031,
	"AuditRuntime": 0,
	"NumParties": 5,
	"NumRows": 1000,
	"NumCols": 20,
	"NumSharesCreated": 1381806,
	"RunId": 2
}