{
	"Test": "Chi-Squared",
	"Value": "12.160000044922171",
	"TotalRuntime": 327.823362185,
	"SetupTime": 0.898843147,
	"ComputeRuntime": 0.336976087,
	"SignExtractionRuntime": 0,
	"DivRuntime": 327.48638644,
	"AuditRuntime": 0,
	"NumParties": 11,
	"NumRows": 1000,
	"NumCols": 10,
	"NumSharesCreated": 690902,
	"RunId": 2
}