{
	"Test": "Chi-Squared",
	"Value": "25.152000093447",
	"TotalRuntime": 77.5159418,
	"SetupTime": 66.979803098,
	"ComputeRuntime": 2.06921033,
	"DivRuntime": 75.446731769,
	"AuditRuntime": 0,
	"NumParties": 3,
	"NumRows": 10000,
	"NumCols": 20,
	"NumSharesCreated": 1381805,
	"RunId": 2
}