{
	"Test": "Chi-Squared",
	"Value": "12.160000045783818",
	"TotalRuntime": 34.216501928,
	"SetupTime": 0.500130764,
	"ComputeRuntime": 0.069460368,
	"DivRuntime": 34.147041975,
	"AuditRuntime": 0.040177726,
	"NumParties": 3,
	"NumRows": 1000,
	"NumCols": 10,
	"NumSharesCreated": 692578,
	"RunId": 2
}