{
	"Test": "Chi-Squared",
	"Value": "2.9430000109131784",
	"TotalRuntime": 51.820276369,
	"SetupTime": 6.120058813,
	"ComputeRuntime": 0.559931874,
	"SignExtractionRuntime": 0,
	"DivRuntime": 51.260344795,
	"AuditRuntime": 0,
	"NumParties": 5,
	"NumRows": 10000,
	"NumCols": 5,
	"NumSharesCreated": 345452,
	"RunId": 2
}