{
	"Test": "Chi-Squared",
	"Value": "2.4240000090556455",
	"TotalRuntime": 23.911441574,
	"SetupTime": 8.565320681,
	"ComputeRuntime": 0.311850494,
	"DivRuntime": 23.599591613,
	"AuditRuntime": 0,
	"NumParties": 3,
	"NumRows": 5000,
	"NumCols": 5,
	"NumSharesCreated": 345452,
	"RunId": 2
}