{
	"Test": "Chi-Squared",
	"Value": "12.16000004470117",
	"TotalRuntime": 39.548009945,
	"SetupTime": 3.5654540470000002,
	"ComputeRuntime": 0.330555096,
	"DivRuntime": 39.217455196,
	"AuditRuntime": 0,
	"NumParties": 3,
	"NumRows": 1000,
	"NumCols": 10,
	"NumSharesCreated": 690908,
	"RunId": 2
}