{
	"Test": "Chi-Squared",
	"Value": "12.16000004570914",
	"TotalRuntime": 78.796373754,
	"SetupTime": 2.062464263,
	"ComputeRuntime": 0.298094598,
	"DivRuntime": 78.498279529,
	"AuditRuntime": 0,
	"NumParties": 5,
	"NumRows": 1000,
	"NumCols": 10,
	"NumSharesCreated": 690898,
	"RunId": 2
}