{
	"Test": "Chi-Squared",
	"Value": "25.152000093832612",
	"TotalRuntime": 526.933140559,
	"SetupTime": 2.976388742,
	"ComputeRuntime": 0.752847905,
	"DivRuntime": 526.180293357,
	"AuditRuntime": 0.750504325,
	"NumParties": 11,
	"NumRows": 10000,
	"NumCols": 20,
	"NumSharesCreated": 1384943,
	"RunId": 2
}