{
	"Test": "Chi-Squared",
	"Value": "51.85185184949097",
	"TotalRuntime": 37.01332623,
	"SetupTime": 0.04889778,
	"ComputeRuntime": 0.119954093,
	"DivRuntime": 36.893372413,
	"AuditRuntime": 0,
	"NumParties": 5,
	"NumRows": 108,
	"NumCols": 4,
	"NumSharesCreated": 276364,
	"RunId": 2
}