{
	"Test": "Chi-Squared",
	"Value": "2.94300001101191",
	"TotalRuntime": 46.831533861,
	"SetupTime": 12.110097299,
	"ComputeRuntime": 0.748264932,
	"DivRuntime": 46.083269184,
	"AuditRuntime": 0,
	"NumParties": 5,
	"NumRows": 10000,
	"NumCols": 5,
	"NumSharesCreated": 345445,
	"RunId": 2
}