{
	"Test": "Chi-Squared",
	"Value": "51.851851848274755",
	"TotalRuntime": 43.214402553,
	"SetupTime": 0.042548861,
	"ComputeRuntime": 0.126864567,
	"SignExtractionRuntime": 0,
	"DivRuntime": 43.08753826,
	"AuditRuntime": 0,
	"NumParties": 5,
	"NumRows": 108,
	"NumCols": 4,
	"NumSharesCreated": 276363,
	"RunId": 2
}