{
	"Test": "Chi-Squared",
	"Value": "25.152000093832612",
	"TotalRuntime": 142.355079204,
	"SetupTime": 6.161542459,
	"ComputeRuntime": 1.302910067,
	"DivRuntime": 141.052169585,
	"AuditRuntime": 1.202804337,
	"NumParties": 5,
	"NumRows": 10000,
	"NumCols": 20,
	"NumSharesCreated": 1384952,
	"RunId": 2
}