{
	"Test": "Chi-Squared",
	"Value": "6.000000022351742",
	"TotalRuntime": 278.530256587,
	"SetupTime": 1.4835142430000001,
	"ComputeRuntime": 0.431971208,
	"DivRuntime": 278.098285944,
	"AuditRuntime": 0.391015746,
	"NumParties": 11,
	"NumRows": 10000,
	"NumCols": 10,
	"NumSharesCreated": 692587,
	"RunId": 2
}