{
	"Test": "Chi-Squared",
	"Value": "7.800000029533603",
	"TotalRuntime": 145.624567787,
	"SetupTime": 0.445662185,
	"ComputeRuntime": 0.19493049,
	"DivRuntime": 145.429637625,
	"AuditRuntime": 0,
	"NumParties": 11,
	"NumRows": 1000,
	"NumCols": 5,
	"NumSharesCreated": 345457,
	"RunId": 2
}