{
	"Test": "Chi-Squared",
	"Value": "10.808000040395513",
	"TotalRuntime": 38.268526525,
	"SetupTime": 5.664287659,
	"ComputeRuntime": 0.74086366,
	"DivRuntime": 37.527663156,
	"AuditRuntime": 0,
	"NumParties": 3,
	"NumRows": 5000,
	"NumCols": 10,
	"NumSharesCreated": 690899,
	"RunId": 2
}