{
	"Test": "Chi-Squared",
	"Value": "2.9430000109465504",
	"TotalRuntime": 21.806374117,
	"SetupTime": 5.403677873,
	"ComputeRuntime": 0.87362644,
	"DivRuntime": 20.932747967,
	"AuditRuntime": 0,
	"NumParties": 3,
	"NumRows": 10000,
	"NumCols": 5,
	"NumSharesCreated": 345450,
	"RunId": 2
}