{
	"Test": "Chi-Squared",
	"Value": "10.808000040240586",
	"TotalRuntime": 70.075781159,
	"SetupTime": 1.581151256,
	"ComputeRuntime": 0.569035078,
	"DivRuntime": 69.506746538,
	"AuditRuntime": 0.191340422,
	"NumParties": 5,
	"NumRows": 5000,
	"NumCols": 10,
	"NumSharesCreated": 692589,
	"RunId": 2
}