{
	"Test": "Chi-Squared",
	"Value": "51.851851850063305",
	"TotalRuntime": 23.076228652,
	"SetupTime": 0.058479184,
	"ComputeRuntime": 0.126904974,
	"SignExtractionRuntime": 0,
	"DivRuntime": 22.949324302,
	"AuditRuntime": 0,
	"NumParties": 3,
	"NumRows": 108,
	"NumCols": 4,
	"NumSharesCreated": 276360,
	"RunId": 2
}