{
	"Test": "Chi-Squared",
	"Value": "7.800000029616058",
	"TotalRuntime": 37.698144559,
	"SetupTime": 0.084324359,
	"ComputeRuntime": 0.041904151,
	"DivRuntime": 37.656240634,
	"AuditRuntime": 0.021646546,
	"NumParties": 5,
	"NumRows": 1000,
	"NumCols": 5,
	"NumSharesCreated": 346401,
	"RunId": 2
}