{
	"Test": "Chi-Squared",
	"Value": "51.85185184981674",
	"TotalRuntime": 34.072668455,
	"SetupTime": 0.017060383,
	"ComputeRuntime": 0.024618727,
	"DivRuntime": 34.04805018,
	"AuditRuntime": 0.002896678,
	"NumParties": 5,
	"NumRows": 108,
	"NumCols": 4,
	"NumSharesCreated": 277167,
	"RunId": 2
}