{
	"Test": "Chi-Squared",
	"Value": "2.424000009063088",
	"TotalRuntime": 53.086802313,
	"SetupTime": 5.9066866749999996,
	"ComputeRuntime": 0.605703594,
	"SignExtractionRuntime": 0,
	"DivRuntime": 52.481099077,
	"AuditRuntime": 0,
	"NumParties": 5,
	"NumRows": 5000,
	"NumCols": 5,
	"NumSharesCreated": 345456,
	"RunId": 2
}