{
	"Test": "Chi-Squared",
	"Value": "10.80800004023455",
	"TotalRuntime": 95.456811167,
	"SetupTime": 5.81256217,
	"ComputeRuntime": 0.669118861,
	"SignExtractionRuntime": 0,
	"DivRuntime": 94.78769279,
	"AuditRuntime": 0,
	"NumParties": 5,
	"NumRows": 5000,
	"NumCols": 10,
	"NumSharesCreated": 690896,
	"RunId": 2
}