{
	"Test": "Chi-Squared",
	"Value": "51.851851846332906",
	"TotalRuntime": 124.381054754,
	"SetupTime": 0.047336886,
	"ComputeRuntime": 0.15171708,
	"DivRuntime": 124.229338067,
	"AuditRuntime": 0,
	"NumParties": 11,
	"NumRows": 108,
	"NumCols": 4,
	"NumSharesCreated": 276361,
	"RunId": 2
}