{
	"Test": "Chi-Squared",
	"Value": "15.952000059032525",
	"TotalRuntime": 91.510448517,
	"SetupTime": 31.371587716,
	"ComputeRuntime": 1.327148832,
	"SignExtractionRuntime": 0,
	"DivRuntime": 90.18330025,
	"AuditRuntime": 0,
	"NumParties": 3,
	"NumRows": 5000,
	"NumCols": 20,
	"NumSharesCreated": 1381799,
	"RunId": 2
}