{
	"Test": "Chi-Squared",
	"Value": "51.85185183864087",
	"TotalRuntime": 112.69455544,
	"SetupTime": 0.011168248,
	"ComputeRuntime": 0.037290453,
	"DivRuntime": 112.657265401,
	"AuditRuntime": 0.002903005,
	"NumParties": 11,
	"NumRows": 108,
	"NumCols": 4,
	"NumSharesCreated": 277170,
	"RunId": 2
}