{
	"Test": "Chi-Squared",
	"Value": "10.80800004013882",
	"TotalRuntime": 281.274332266,
	"SetupTime": 6.115547673,
	"ComputeRuntime": 0.725958377,
	"DivRuntime": 280.548374218,
	"AuditRuntime": 0,
	"NumParties": 11,
	"NumRows": 5000,
	"NumCols": 10,
	"NumSharesCreated": 690900,
	"RunId": 2
}