{
	"Test": "Chi-Squared",
	"Value": "7.800000029506618",
	"TotalRuntime": 43.939519289,
	"SetupTime": 1.040921513,
	"ComputeRuntime": 0.169689036,
	"DivRuntime": 43.769830513,
	"AuditRuntime": 0,
	"NumParties": 5,
	"NumRows": 1000,
	"NumCols": 5,
	"NumSharesCreated": 345453,
	"RunId": 2
}