{
	"Test": "Chi-Squared",
	"Value": "15.95200005825609",
	"TotalRuntime": 588.026169691,
	"SetupTime": 1.4884714940000001,
	"ComputeRuntime": 0.786140754,
	"DivRuntime": 587.240029358,
	"AuditRuntime": 0.427867887,
	"NumParties": 11,
	"NumRows": 5000,
	"NumCols": 20,
	"NumSharesCreated": 1384943,
	"RunId": 2
}