{
	"Test": "Chi-Squared",
	"Value": "7.800000029020957",
	"TotalRuntime": 21.218216969,
	"SetupTime": 0.487452509,
	"ComputeRuntime": 0.169494535,
	"DivRuntime": 21.048722685,
	"AuditRuntime": 0,
	"NumParties": 3,
	"NumRows": 1000,
	"NumCols": 5,
	"NumSharesCreated": 345451,
	"RunId": 2
}