{
	"Test": "Chi-Squared",
	"Value": "20.2800000756979",
	"TotalRuntime": 132.990632405,
	"SetupTime": 0.852155858,
	"ComputeRuntime": 0.151325311,
	"DivRuntime": 132.83930757,
	"AuditRuntime": 0.104461394,
	"NumParties": 5,
	"NumRows": 1000,
	"NumCols": 20,
	"NumSharesCreated": 1384946,
	"RunId": 2
}