{
	"Test": "Chi-Squared",
	"Value": "2.4240000091631986",
	"TotalRuntime": 185.07724542,
	"SetupTime": 2.67096844,
	"ComputeRuntime": 0.441486304,
	"SignExtractionRuntime": 0,
	"DivRuntime": 184.635759376,
	"AuditRuntime": 0,
	"NumParties": 11,
	"NumRows": 5000,
	"NumCols": 5,
	"NumSharesCreated": 345456,
	"RunId": 2
}