{
	"Test": "Chi-Squared",
	"Value": "6.000000022239004",
	"TotalRuntime": 270.220918359,
	"SetupTime": 12.648277077,
	"ComputeRuntime": 1.122614884,
	"DivRuntime": 269.098303808,
	"AuditRuntime": 0,
	"NumParties": 11,
	"NumRows": 10000,
	"NumCols": 10,
	"NumSharesCreated": 690898,
	"RunId": 2
}