{
	"Test": "Chi-Squared",
	"Value": "10.808000040154363",
	"TotalRuntime": 47.761658215,
	"SetupTime": 17.112685068,
	"ComputeRuntime": 0.711421505,
	"SignExtractionRuntime": 0,
	"DivRuntime": 47.05023726,
	"AuditRuntime": 0,
	"NumParties": 3,
	"NumRows": 5000,
	"NumCols": 10,
	"NumSharesCreated": 690903,
	"RunId": 2
}