{
	"Test": "Chi-Squared",
	"Value": "10.808000040240586",
	"TotalRuntime": 306.995840484,
	"SetupTime": 0.767945956,
	"ComputeRuntime": 0.217145054,
	"DivRuntime": 306.778696004,
	"AuditRuntime": 0.272906138,
	"NumParties": 11,
	"NumRows": 5000,
	"NumCols": 10,
	"NumSharesCreated": 692580,
	"RunId": 2
}