{
	"Test": "Chi-Squared",
	"Value": "15.952000059187412",
	"TotalRuntime": 141.310116505,
	"SetupTime": 3.094890119,
	"ComputeRuntime": 0.453423504,
	"DivRuntime": 140.856693432,
	"AuditRuntime": 0.444768233,
	"NumParties": 5,
	"NumRows": 5000,
	"NumCols": 20,
	"NumSharesCreated": 1384938,
	"RunId": 2
}