{
	"Test": "Chi-Squared",
	"Value": "25.152000093832612",
	"TotalRuntime": 83.365980468,
	"SetupTime": 10.344193518,
	"ComputeRuntime": 1.326678394,
	"DivRuntime": 82.039302479,
	"AuditRuntime": 0.84908463,
	"NumParties": 3,
	"NumRows": 10000,
	"NumCols": 20,
	"NumSharesCreated": 1384930,
	"RunId": 2
}