{
	"Test": "Chi-Squared",
	"Value": "6.000000022346677",
	"TotalRuntime": 41.027834465,
	"SetupTime": 34.236899259,
	"ComputeRuntime": 1.195188105,
	"DivRuntime": 39.832646893,
	"AuditRuntime": 0,
	"NumParties": 3,
	"NumRows": 10000,
	"NumCols": 10,
	"NumSharesCreated": 690908,
	"RunId": 2
}