{
	"Test": "Chi-Squared",
	"Value": "25.152000093341076",
	"TotalRuntime": 95.507962174,
	"SetupTime": 70.188521911,
	"ComputeRuntime": 2.52476469,
	"SignExtractionRuntime": 0,
	"DivRuntime": 92.983197795,
	"AuditRuntime": 0,
	"NumParties": 3,
	"NumRows": 10000,
	"NumCols": 20,
	"NumSharesCreated": 1381809,
	"RunId": 2
}