{
	"Test": "Chi-Squared",
	"Value": "12.160000044852495",
	"TotalRuntime": 280.969271178,
	"SetupTime": 0.158468567,
	"ComputeRuntime": 0.082900396,
	"DivRuntime": 280.886371245,
	"AuditRuntime": 0.040004342,
	"NumParties": 11,
	"NumRows": 1000,
	"NumCols": 10,
	"NumSharesCreated": 692589,
	"RunId": 2
}