{
	"Test": "Chi-Squared",
	"Value": "20.280000073343157",
	"TotalRuntime": 191.249066211,
	"SetupTime": 4.11024927,
	"ComputeRuntime": 0.597637004,
	"SignExtractionRuntime": 0,
	"DivRuntime": 190.651429473,
	"AuditRuntime": 0,
	"NumParties": 5,
	"NumRows": 1000,
	"NumCols": 20,
	"NumSharesCreated": 1381807,
	"RunId": 2
}