{
	"Test": "Chi-Squared",
	"Value": "6.000000022338501",
	"TotalRuntime": 325.682076269,
	"SetupTime": 12.536796882,
	"ComputeRuntime": 1.260683858,
	"SignExtractionRuntime": 0,
	"DivRuntime": 324.421392876,
	"AuditRuntime": 0,
	"NumParties": 11,
	"NumRows": 10000,
	"NumCols": 10,
	"NumSharesCreated": 690899,
	"RunId": 2
}