{
	"Test": "Chi-Squared",
	"Value": "2.9430000108127756",
	"TotalRuntime": 187.999879012,
	"SetupTime": 6.418865763,
	"ComputeRuntime": 0.602490345,
	"SignExtractionRuntime": 0,
	"DivRuntime": 187.39738898,
	"AuditRuntime": 0,
	"NumParties": 11,
	"NumRows": 10000,
	"NumCols": 5,
	"NumSharesCreated": 345451,
	"RunId": 2
}