{
	"Test": "Chi-Squared",
	"Value": "6.000000022351742",
	"TotalRuntime": 38.207971661,
	"SetupTime": 5.590562702,
	"ComputeRuntime": 0.456858808,
	"DivRuntime": 37.751113117,
	"AuditRuntime": 0.3614148,
	"NumParties": 3,
	"NumRows": 10000,
	"NumCols": 10,
	"NumSharesCreated": 692582,
	"RunId": 2
}