{
	"Test": "Pearson",
	"Value": "0.03020176554588437",
	"TotalRuntime": 297.522473313,
	"SetupTime": 41.9862664,
	"ComputeRuntime": 213.230716212,
	"SignExtractionRuntime": 29.403813478,
	"DivRuntime": 54.887944158,
	"AuditRuntime": 0,
	"NumParties": 11,
	"NumRows": 10000,
	"NumCols": 2,
	"NumSharesCreated": 130960,
	"RunId": 2
}