{
	"Test": "Pearson",
	"Value": "0.12407352248984885",
	"TotalRuntime": 105.21462317699999,
	"SetupTime": 4.242643712,
	"ComputeRuntime": 21.265937141,
	"SignExtractionRuntime": 29.088027945,
	"DivRuntime": 54.860658448,
	"AuditRuntime": 0,
	"NumParties": 11,
	"NumRows": 1000,
	"NumCols": 2,
	"NumSharesCreated": 130957,
	"RunId": 2
}