{
	"Test": "Pearson",
	"Value": "0.011239545719848617",
	"TotalRuntime": 35.015526281,
	"SetupTime": 6.138929346,
	"ComputeRuntime": 21.644894944,
	"DivRuntime": 13.370631985,
	"AuditRuntime": 0.710956779,
	"NumParties": 3,
	"NumRows": 10000,
	"NumCols": 2,
	"NumSharesCreated": 69235,
	"RunId": 2
}