{
	"Test": "Pearson",
	"Value": "-0.003125860099202247",
	"TotalRuntime": 41.063831426,
	"SetupTime": 4.212340191,
	"ComputeRuntime": 15.733896086,
	"DivRuntime": 25.329935669,
	"AuditRuntime": 0,
	"NumParties": 5,
	"NumRows": 1000,
	"NumCols": 2,
	"NumSharesCreated": 130959,
	"RunId": 2
}