{
	"Test": "Pearson",
	"Value": "0.8336836875348719",
	"TotalRuntime": 159.595605175,
	"SetupTime": 17.624060835,
	"ComputeRuntime": 89.275721049,
	"DivRuntime": 70.319884567,
	"AuditRuntime": 0,
	"NumParties": 11,
	"NumRows": 4177,
	"NumCols": 2,
	"NumSharesCreated": 130959,
	"RunId": 2
}