{
	"Test": "Pearson",
	"Value": "0.019742713492542727",
	"TotalRuntime": 86.525648546,
	"SetupTime": 21.021831528,
	"ComputeRuntime": 63.344914553,
	"DivRuntime": 23.180734315,
	"AuditRuntime": 0,
	"NumParties": 5,
	"NumRows": 5000,
	"NumCols": 2,
	"NumSharesCreated": 130959,
	"RunId": 2
}