{
	"Test": "Pearson",
	"Value": "-0.011239552415481283",
	"TotalRuntime": 127.009632116,
	"SetupTime": 42.083491472,
	"ComputeRuntime": 103.987281749,
	"DivRuntime": 23.022350637,
	"AuditRuntime": 0,
	"NumParties": 5,
	"NumRows": 10000,
	"NumCols": 2,
	"NumSharesCreated": 130959,
	"RunId": 2
}