{
	"Test": "Pearson",
	"Value": "0.12407352258333272",
	"TotalRuntime": 32.352404447,
	"SetupTime": 4.211847329,
	"ComputeRuntime": 15.871549262,
	"SignExtractionRuntime": 3.982617647,
	"DivRuntime": 12.49823768,
	"AuditRuntime": 0,
	"NumParties": 3,
	"NumRows": 1000,
	"NumCols": 2,
	"NumSharesCreated": 130960,
	"RunId": 2
}