{
	"Test": "Pearson",
	"Value": "0.011239545719848617",
	"TotalRuntime": 30.961855047,
	"SetupTime": 6.036652058,
	"ComputeRuntime": 19.722678906,
	"DivRuntime": 11.239176426,
	"AuditRuntime": 0.76986666,
	"NumParties": 3,
	"NumRows": 10000,
	"NumCols": 2,
	"NumSharesCreated": 69237,
	"RunId": 2
}