{
	"Test": "Pearson",
	"Value": "0.04145102746704916",
	"TotalRuntime": 192.233794929,
	"SetupTime": 21.109352638,
	"ComputeRuntime": 108.340297094,
	"SignExtractionRuntime": 28.778044046,
	"DivRuntime": 55.115454717,
	"AuditRuntime": 0,
	"NumParties": 11,
	"NumRows": 5000,
	"NumCols": 2,
	"NumSharesCreated": 130959,
	"RunId": 2
}