{
	"Test": "Pearson",
	"Value": "0.019742726794516528",
	"TotalRuntime": 22.537749098,
	"SetupTime": 2.965227975,
	"ComputeRuntime": 11.805426803,
	"DivRuntime": 10.732322515,
	"AuditRuntime": 0.340532116,
	"NumParties": 3,
	"NumRows": 5000,
	"NumCols": 2,
	"NumSharesCreated": 69236,
	"RunId": 2
}