{
	"Test": "Pearson",
	"Value": "-0.01123955241548106",
	"TotalRuntime": 121.984110224,
	"SetupTime": 41.992034879,
	"ComputeRuntime": 107.989855331,
	"DivRuntime": 13.994255153,
	"AuditRuntime": 0,
	"NumParties": 3,
	"NumRows": 10000,
	"NumCols": 2,
	"NumSharesCreated": 130961,
	"RunId": 2
}