{
	"Test": "Pearson",
	"Value": "0.0197427032080297",
	"TotalRuntime": 55.097201665,
	"SetupTime": 2.870207184,
	"ComputeRuntime": 14.118092497,
	"DivRuntime": 40.979109583,
	"AuditRuntime": 0.332224815,
	"NumParties": 11,
	"NumRows": 5000,
	"NumCols": 2,
	"NumSharesCreated": 69233,
	"RunId": 2
}