{
	"Test": "Pearson",
	"Value": "0.8336836878086472",
	"TotalRuntime": 23.012027466,
	"SetupTime": 2.67136086,
	"ComputeRuntime": 7.168207265,
	"DivRuntime": 15.843820644000001,
	"AuditRuntime": 0.296414019,
	"NumParties": 5,
	"NumRows": 4177,
	"NumCols": 2,
	"NumSharesCreated": 69237,
	"RunId": 2
}