{
	"Test": "Pearson",
	"Value": "0.01974271334659336",
	"TotalRuntime": 177.445112546,
	"SetupTime": 21.076033576,
	"ComputeRuntime": 108.243536294,
	"DivRuntime": 69.20157656,
	"AuditRuntime": 0,
	"NumParties": 11,
	"NumRows": 5000,
	"NumCols": 2,
	"NumSharesCreated": 130960,
	"RunId": 2
}