{
	"Test": "Pearson",
	"Value": "0.8336836877260919",
	"TotalRuntime": 72.226357168,
	"SetupTime": 17.522667098,
	"ComputeRuntime": 49.225651403,
	"DivRuntime": 23.000706001,
	"AuditRuntime": 0,
	"NumParties": 5,
	"NumRows": 4177,
	"NumCols": 2,
	"NumSharesCreated": 130960,
	"RunId": 2
}