{
	"Test": "Pearson",
	"Value": "-0.003125860103926461",
	"TotalRuntime": 30.99858135,
	"SetupTime": 4.191270318,
	"ComputeRuntime": 15.688839434,
	"DivRuntime": 15.309742206,
	"AuditRuntime": 0,
	"NumParties": 3,
	"NumRows": 1000,
	"NumCols": 2,
	"NumSharesCreated": 130956,
	"RunId": 2
}