{
	"Test": "Pearson",
	"Value": "0.0031257807233219326",
	"TotalRuntime": 18.506441373,
	"SetupTime": 0.613397305,
	"ComputeRuntime": 2.605726266,
	"DivRuntime": 15.900715344,
	"AuditRuntime": 0.079941054,
	"NumParties": 5,
	"NumRows": 1000,
	"NumCols": 2,
	"NumSharesCreated": 69237,
	"RunId": 2
}