{
	"Test": "Pearson",
	"Value": "0.0031257807233219326",
	"TotalRuntime": 41.758469443,
	"SetupTime": 0.574739254,
	"ComputeRuntime": 3.112673471,
	"DivRuntime": 38.645796357,
	"AuditRuntime": 0.065054268,
	"NumParties": 11,
	"NumRows": 1000,
	"NumCols": 2,
	"NumSharesCreated": 69236,
	"RunId": 2
}