{
	"Test": "Pearson",
	"Value": "0.01974271349254295",
	"TotalRuntime": 90.262830984,
	"SetupTime": 20.946360413,
	"ComputeRuntime": 74.944078889,
	"DivRuntime": 15.31875236,
	"AuditRuntime": 0,
	"NumParties": 3,
	"NumRows": 5000,
	"NumCols": 2,
	"NumSharesCreated": 130949,
	"RunId": 2
}