{
	"Test": "Pearson",
	"Value": "0.0031257807233219326",
	"TotalRuntime": 13.29316496,
	"SetupTime": 0.607861699,
	"ComputeRuntime": 2.520877959,
	"DivRuntime": 10.772287445,
	"AuditRuntime": 0.069301161,
	"NumParties": 3,
	"NumRows": 1000,
	"NumCols": 2,
	"NumSharesCreated": 69235,
	"RunId": 2
}