{
	"Test": "Pearson",
	"Value": "0.8336836878086472",
	"TotalRuntime": 17.944238999,
	"SetupTime": 2.49348395,
	"ComputeRuntime": 6.604705769,
	"DivRuntime": 11.33953363,
	"AuditRuntime": 0.287996534,
	"NumParties": 3,
	"NumRows": 4177,
	"NumCols": 2,
	"NumSharesCreated": 69236,
	"RunId": 2
}