{
	"Test": "Pearson",
	"Value": "-0.003125860103926461",
	"TotalRuntime": 90.263297267,
	"SetupTime": 4.234020409,
	"ComputeRuntime": 21.220910807,
	"DivRuntime": 69.042386812,
	"AuditRuntime": 0,
	"NumParties": 11,
	"NumRows": 1000,
	"NumCols": 2,
	"NumSharesCreated": 130959,
	"RunId": 2
}