{
	"Test": "Pearson",
	"Value": "0.8336836878086472",
	"TotalRuntime": 23.80805349,
	"SetupTime": 2.542739946,
	"ComputeRuntime": 10.447126403,
	"DivRuntime": 13.360927534,
	"AuditRuntime": 0.296828785,
	"NumParties": 3,
	"NumRows": 4177,
	"NumCols": 2,
	"NumSharesCreated": 69235,
	"RunId": 2
}