{
	"Test": "Pearson",
	"Value": "0.019742726794516528",
	"TotalRuntime": 23.442742698,
	"SetupTime": 3.108543753,
	"ComputeRuntime": 7.812488029,
	"DivRuntime": 15.630254995,
	"AuditRuntime": 0.349627684,
	"NumParties": 5,
	"NumRows": 5000,
	"NumCols": 2,
	"NumSharesCreated": 69236,
	"RunId": 2
}