{
	"Test": "Pearson",
	"Value": "0.8336836878086472",
	"TotalRuntime": 27.901591254,
	"SetupTime": 2.645394811,
	"ComputeRuntime": 10.578211907,
	"DivRuntime": 17.323379614,
	"AuditRuntime": 0.304355663,
	"NumParties": 5,
	"NumRows": 4177,
	"NumCols": 2,
	"NumSharesCreated": 69237,
	"RunId": 2
}