{
	"Test": "Pearson",
	"Value": "0.8336836874625451",
	"TotalRuntime": 172.923403979,
	"SetupTime": 17.536828545,
	"ComputeRuntime": 89.386434403,
	"SignExtractionRuntime": 28.791666245000002,
	"DivRuntime": 54.745303973,
	"AuditRuntime": 0,
	"NumParties": 11,
	"NumRows": 4177,
	"NumCols": 2,
	"NumSharesCreated": 130960,
	"RunId": 2
}