{
	"Test": "Pearson",
	"Value": "0.011239545719848617",
	"TotalRuntime": 36.348045012,
	"SetupTime": 6.130349382,
	"ComputeRuntime": 20.188558726,
	"DivRuntime": 16.15948651,
	"AuditRuntime": 0.721758959,
	"NumParties": 5,
	"NumRows": 10000,
	"NumCols": 2,
	"NumSharesCreated": 69237,
	"RunId": 2
}