{
	"Test": "Pearson",
	"Value": "0.0031259296941654976",
	"TotalRuntime": 19.253659616,
	"SetupTime": 0.629696584,
	"ComputeRuntime": 1.941679709,
	"DivRuntime": 17.311980405,
	"AuditRuntime": 0.076561791,
	"NumParties": 5,
	"NumRows": 1000,
	"NumCols": 2,
	"NumSharesCreated": 69234,
	"RunId": 2
}