{
	"Test": "Pearson",
	"Value": "-0.01123955224890936",
	"TotalRuntime": 285.286813204,
	"SetupTime": 42.143966241,
	"ComputeRuntime": 212.227016315,
	"DivRuntime": 73.059797239,
	"AuditRuntime": 0,
	"NumParties": 11,
	"NumRows": 10000,
	"NumCols": 2,
	"NumSharesCreated": 130961,
	"RunId": 2
}