{
	"Test": "Pearson",
	"Value": "0.030201765545884926",
	"TotalRuntime": 135.222522775,
	"SetupTime": 42.129323732,
	"ComputeRuntime": 109.210995775,
	"SignExtractionRuntime": 6.642515808,
	"DivRuntime": 19.369012178,
	"AuditRuntime": 0,
	"NumParties": 5,
	"NumRows": 10000,
	"NumCols": 2,
	"NumSharesCreated": 130959,
	"RunId": 2
}