{
	"Test": "Pearson",
	"Value": "0.8336836877894084",
	"TotalRuntime": 54.448746979,
	"SetupTime": 17.609305703,
	"ComputeRuntime": 39.189487545,
	"SignExtractionRuntime": 3.4693577700000002,
	"DivRuntime": 11.789902326,
	"AuditRuntime": 0,
	"NumParties": 3,
	"NumRows": 4177,
	"NumCols": 2,
	"NumSharesCreated": 130959,
	"RunId": 2
}