{
	"Test": "Pearson",
	"Value": "0.12407352258333272",
	"TotalRuntime": 40.273322329,
	"SetupTime": 4.23632941,
	"ComputeRuntime": 14.008284913,
	"SignExtractionRuntime": 7.032836501,
	"DivRuntime": 19.232201018,
	"AuditRuntime": 0,
	"NumParties": 5,
	"NumRows": 1000,
	"NumCols": 2,
	"NumSharesCreated": 130960,
	"RunId": 2
}