{
	"Test": "Pearson",
	"Value": "0.03020176554588537",
	"TotalRuntime": 122.998243017,
	"SetupTime": 42.142912125,
	"ComputeRuntime": 107.453086135,
	"SignExtractionRuntime": 3.405086019,
	"DivRuntime": 12.140071998,
	"AuditRuntime": 0,
	"NumParties": 3,
	"NumRows": 10000,
	"NumCols": 2,
	"NumSharesCreated": 130955,
	"RunId": 2
}