{
	"Test": "Pearson",
	"Value": "0.011239545719848617",
	"TotalRuntime": 67.368076813,
	"SetupTime": 5.698270245,
	"ComputeRuntime": 28.233643575,
	"DivRuntime": 39.134433698,
	"AuditRuntime": 0.74995956,
	"NumParties": 11,
	"NumRows": 10000,
	"NumCols": 2,
	"NumSharesCreated": 69235,
	"RunId": 2
}