{
	"Test": "Pearson",
	"Value": "0.8336836883672059",
	"TotalRuntime": 52.525863276,
	"SetupTime": 2.349257421,
	"ComputeRuntime": 12.115832911,
	"DivRuntime": 40.410030588,
	"AuditRuntime": 0.280018038,
	"NumParties": 11,
	"NumRows": 4177,
	"NumCols": 2,
	"NumSharesCreated": 69236,
	"RunId": 2
}