{
	"Test": "T-Test",
	"Value": "0.34220196152310706",
	"TotalRuntime": 27.584683524,
	"SetupTime": 5.967801152,
	"ComputeRuntime": 16.713033511,
	"DivRuntime": 10.871655133,
	"AuditRuntime": 0.690942011,
	"NumParties": 3,
	"NumRows": 10000,
	"NumCols": 2,
	"NumSharesCreated": 69236,
	"RunId": 2
}