{
	"Test": "T-Test",
	"Value": "0.029092788109739476",
	"TotalRuntime": 74.321821386,
	"SetupTime": 21.022090107,
	"ComputeRuntime": 51.539079965,
	"DivRuntime": 22.782742429,
	"AuditRuntime": 0,
	"NumParties": 5,
	"NumRows": 5000,
	"NumCols": 2,
	"NumSharesCreated": 130738,
	"RunId": 2
}