{
	"Test": "T-Test",
	"Value": "0.19469002465187868",
	"TotalRuntime": 30.646856638,
	"SetupTime": 4.218492253,
	"ComputeRuntime": 7.8815328319999995,
	"DivRuntime": 22.765324116,
	"AuditRuntime": 0,
	"NumParties": 5,
	"NumRows": 1000,
	"NumCols": 2,
	"NumSharesCreated": 130735,
	"RunId": 2
}