{
	"Test": "T-Test",
	"Value": "0.3422004714525297",
	"TotalRuntime": 211.722310565,
	"SetupTime": 42.170034071,
	"ComputeRuntime": 144.033621452,
	"DivRuntime": 67.688689497,
	"AuditRuntime": 0,
	"NumParties": 11,
	"NumRows": 10000,
	"NumCols": 2,
	"NumSharesCreated": 130733,
	"RunId": 2
}