{
	"Test": "T-Test",
	"Value": "0.34220197649167716",
	"TotalRuntime": 58.49748958,
	"SetupTime": 6.353542557,
	"ComputeRuntime": 18.79673291,
	"DivRuntime": 39.700763236,
	"AuditRuntime": 0.751244687,
	"NumParties": 11,
	"NumRows": 10000,
	"NumCols": 2,
	"NumSharesCreated": 69237,
	"RunId": 2
}