{
	"Test": "T-Test",
	"Value": "161.6598601990265",
	"TotalRuntime": 142.919285258,
	"SetupTime": 17.485895314,
	"ComputeRuntime": 59.797622077,
	"SignExtractionRuntime": 28.593031407,
	"DivRuntime": 54.528632123,
	"AuditRuntime": 0,
	"NumParties": 11,
	"NumRows": 4177,
	"NumCols": 2,
	"NumSharesCreated": 130737,
	"RunId": 2
}