{
	"Test": "T-Test",
	"Value": "161.63255479720135",
	"TotalRuntime": 47.442178787,
	"SetupTime": 2.707085056,
	"ComputeRuntime": 8.091166598,
	"DivRuntime": 39.351026036,
	"AuditRuntime": 0.267561588,
	"NumParties": 11,
	"NumRows": 4177,
	"NumCols": 2,
	"NumSharesCreated": 69237,
	"RunId": 2
}