{
	"Test": "T-Test",
	"Value": "5.378038444741308",
	"TotalRuntime": 38.219395334,
	"SetupTime": 4.254112091,
	"ComputeRuntime": 10.76438588,
	"SignExtractionRuntime": 7.971704465,
	"DivRuntime": 19.48330506,
	"AuditRuntime": 0,
	"NumParties": 5,
	"NumRows": 1000,
	"NumCols": 2,
	"NumSharesCreated": 130738,
	"RunId": 2
}