{
	"Test": "T-Test",
	"Value": "0.1946900893157047",
	"TotalRuntime": 42.886560428,
	"SetupTime": 0.588948635,
	"ComputeRuntime": 2.1637306609999998,
	"DivRuntime": 40.722835883,
	"AuditRuntime": 0.065614629,
	"NumParties": 11,
	"NumRows": 1000,
	"NumCols": 2,
	"NumSharesCreated": 69235,
	"RunId": 2
}