{
	"Test": "T-Test",
	"Value": "0.34220047791658237",
	"TotalRuntime": 94.037640065,
	"SetupTime": 41.934964504999996,
	"ComputeRuntime": 78.896834804,
	"DivRuntime": 15.14080556,
	"AuditRuntime": 0,
	"NumParties": 3,
	"NumRows": 10000,
	"NumCols": 2,
	"NumSharesCreated": 130737,
	"RunId": 2
}