{
	"Test": "T-Test",
	"Value": "0.0290929051777481",
	"TotalRuntime": 19.064651829,
	"SetupTime": 2.974162432,
	"ComputeRuntime": 8.353560323,
	"DivRuntime": 10.711096605,
	"AuditRuntime": 0.342782908,
	"NumParties": 3,
	"NumRows": 5000,
	"NumCols": 2,
	"NumSharesCreated": 69237,
	"RunId": 2
}