{
	"Test": "T-Test",
	"Value": "0.029092953195733948",
	"TotalRuntime": 22.898609624,
	"SetupTime": 3.025449078,
	"ComputeRuntime": 7.124750895,
	"DivRuntime": 15.773867647,
	"AuditRuntime": 0.341186181,
	"NumParties": 5,
	"NumRows": 5000,
	"NumCols": 2,
	"NumSharesCreated": 69237,
	"RunId": 2
}