{
	"Test": "T-Test",
	"Value": "3.1111229004530347",
	"TotalRuntime": 48.249413598,
	"SetupTime": 20.98661576,
	"ComputeRuntime": 33.218481755,
	"SignExtractionRuntime": 3.526808897,
	"DivRuntime": 11.504123167,
	"AuditRuntime": 0,
	"NumParties": 3,
	"NumRows": 5000,
	"NumCols": 2,
	"NumSharesCreated": 130738,
	"RunId": 2
}