{
	"Test": "T-Test",
	"Value": "0.19469002317090264",
	"TotalRuntime": 82.521574525,
	"SetupTime": 4.199342762,
	"ComputeRuntime": 14.441174326,
	"DivRuntime": 68.080400497,
	"AuditRuntime": 0,
	"NumParties": 11,
	"NumRows": 1000,
	"NumCols": 2,
	"NumSharesCreated": 130732,
	"RunId": 2
}