{
	"Test": "T-Test",
	"Value": "0.34220195744076964",
	"TotalRuntime": 60.768363034,
	"SetupTime": 6.473570633,
	"ComputeRuntime": 21.213297552,
	"DivRuntime": 39.555070604,
	"AuditRuntime": 0.630179161,
	"NumParties": 11,
	"NumRows": 10000,
	"NumCols": 2,
	"NumSharesCreated": 69233,
	"RunId": 2
}