{
	"Test": "T-Test",
	"Value": "161.74187470310704",
	"TotalRuntime": 24.708009944,
	"SetupTime": 2.639362867,
	"ComputeRuntime": 7.391344766,
	"DivRuntime": 17.31667177,
	"AuditRuntime": 0.299520569,
	"NumParties": 5,
	"NumRows": 4177,
	"NumCols": 2,
	"NumSharesCreated": 69230,
	"RunId": 2
}