{
	"Test": "T-Test",
	"Value": "0.342200477916582",
	"TotalRuntime": 102.385776461,
	"SetupTime": 42.008256962,
	"ComputeRuntime": 78.960485098,
	"DivRuntime": 23.425291694,
	"AuditRuntime": 0,
	"NumParties": 5,
	"NumRows": 10000,
	"NumCols": 2,
	"NumSharesCreated": 130737,
	"RunId": 2
}