{
	"Test": "T-Test",
	"Value": "0.02909319328447438",
	"TotalRuntime": 53.473571005,
	"SetupTime": 3.146510577,
	"ComputeRuntime": 10.304748641,
	"DivRuntime": 43.168829248,
	"AuditRuntime": 0.365733078,
	"NumParties": 11,
	"NumRows": 5000,
	"NumCols": 2,
	"NumSharesCreated": 69236,
	"RunId": 2
}