{
	"Test": "T-Test",
	"Value": "161.76923877696152",
	"TotalRuntime": 36.438187517,
	"SetupTime": 17.555920052,
	"ComputeRuntime": 21.051100832,
	"SignExtractionRuntime": 3.728651129,
	"DivRuntime": 11.658435604,
	"AuditRuntime": 0,
	"NumParties": 3,
	"NumRows": 4177,
	"NumCols": 2,
	"NumSharesCreated": 130730,
	"RunId": 2
}