{
	"Test": "T-Test",
	"Value": "0.029093033225534238",
	"TotalRuntime": 51.420607712,
	"SetupTime": 3.213505025,
	"ComputeRuntime": 11.259616686,
	"DivRuntime": 40.160997952,
	"AuditRuntime": 0.368230289,
	"NumParties": 11,
	"NumRows": 5000,
	"NumCols": 2,
	"NumSharesCreated": 69237,
	"RunId": 2
}