{
	"Test": "T-Test",
	"Value": "161.7145223070125",
	"TotalRuntime": 59.098391506,
	"SetupTime": 17.601322458,
	"ComputeRuntime": 33.766127928,
	"SignExtractionRuntime": 6.633217216,
	"DivRuntime": 18.699046485,
	"AuditRuntime": 0,
	"NumParties": 5,
	"NumRows": 4177,
	"NumCols": 2,
	"NumSharesCreated": 130735,
	"RunId": 2
}