{
	"Test": "T-Test",
	"Value": "161.74187574889518",
	"TotalRuntime": 21.029984502,
	"SetupTime": 2.613284437,
	"ComputeRuntime": 5.2623697400000005,
	"DivRuntime": 15.767620706,
	"AuditRuntime": 0.281715981,
	"NumParties": 5,
	"NumRows": 4177,
	"NumCols": 2,
	"NumSharesCreated": 69237,
	"RunId": 2
}