{
	"Test": "T-Test",
	"Value": "161.74187365732465",
	"TotalRuntime": 16.59690912,
	"SetupTime": 2.439584582,
	"ComputeRuntime": 5.52956304,
	"DivRuntime": 11.067352138,
	"AuditRuntime": 0.268515732,
	"NumParties": 3,
	"NumRows": 4177,
	"NumCols": 2,
	"NumSharesCreated": 69233,
	"RunId": 2
}