{
	"Test": "T-Test",
	"Value": "0.1946900869238968",
	"TotalRuntime": 12.708522958,
	"SetupTime": 0.587351747,
	"ComputeRuntime": 1.681517452,
	"DivRuntime": 11.027011469,
	"AuditRuntime": 0.064496155,
	"NumParties": 3,
	"NumRows": 1000,
	"NumCols": 2,
	"NumSharesCreated": 69236,
	"RunId": 2
}