{
	"Test": "T-Test",
	"Value": "4.885003422268891",
	"TotalRuntime": 105.356333067,
	"SetupTime": 42.726325175,
	"ComputeRuntime": 79.625850691,
	"SignExtractionRuntime": 6.847453172,
	"DivRuntime": 18.883029392,
	"AuditRuntime": 0,
	"NumParties": 5,
	"NumRows": 10000,
	"NumCols": 2,
	"NumSharesCreated": 130738,
	"RunId": 2
}