{
	"Test": "T-Test",
	"Value": "0.0290929051777481",
	"TotalRuntime": 24.899729015,
	"SetupTime": 2.917062473,
	"ComputeRuntime": 7.385463313,
	"DivRuntime": 17.514273439,
	"AuditRuntime": 0.364468761,
	"NumParties": 5,
	"NumRows": 5000,
	"NumCols": 2,
	"NumSharesCreated": 69237,
	"RunId": 2
}