{
	"Test": "T-Test",
	"Value": "0.3422019628838862",
	"TotalRuntime": 30.274375238,
	"SetupTime": 6.237313688,
	"ComputeRuntime": 16.561624313,
	"DivRuntime": 13.71275876,
	"AuditRuntime": 0.66460975,
	"NumParties": 3,
	"NumRows": 10000,
	"NumCols": 2,
	"NumSharesCreated": 69237,
	"RunId": 2
}