{
	"Test": "T-Test",
	"Value": "0.19469008214028097",
	"TotalRuntime": 17.682221865,
	"SetupTime": 0.62320757,
	"ComputeRuntime": 1.7122631990000001,
	"DivRuntime": 15.969966572,
	"AuditRuntime": 0.072991515,
	"NumParties": 5,
	"NumRows": 1000,
	"NumCols": 2,
	"NumSharesCreated": 69234,
	"RunId": 2
}