{
	"Test": "T-Test",
	"Value": "0.029092791457398143",
	"TotalRuntime": 68.007520641,
	"SetupTime": 20.955048835,
	"ComputeRuntime": 52.737335287,
	"DivRuntime": 15.270185678,
	"AuditRuntime": 0,
	"NumParties": 3,
	"NumRows": 5000,
	"NumCols": 2,
	"NumSharesCreated": 130738,
	"RunId": 2
}