{
	"Test": "T-Test",
	"Value": "0.34220196968778177",
	"TotalRuntime": 33.408542665,
	"SetupTime": 6.305345686,
	"ComputeRuntime": 17.328527058,
	"DivRuntime": 16.080021282,
	"AuditRuntime": 0.722785514,
	"NumParties": 5,
	"NumRows": 10000,
	"NumCols": 2,
	"NumSharesCreated": 69237,
	"RunId": 2
}