{
	"Test": "T-Test",
	"Value": "161.63255584228224",
	"TotalRuntime": 48.612551794,
	"SetupTime": 2.639059703,
	"ComputeRuntime": 8.682317419,
	"DivRuntime": 39.93024168,
	"AuditRuntime": 0.300361893,
	"NumParties": 11,
	"NumRows": 4177,
	"NumCols": 2,
	"NumSharesCreated": 69237,
	"RunId": 2
}