{
	"Test": "T-Test",
	"Value": "4.885003378603935",
	"TotalRuntime": 224.232611551,
	"SetupTime": 42.003296166,
	"ComputeRuntime": 141.203975745,
	"SignExtractionRuntime": 28.436222554,
	"DivRuntime": 54.592413408,
	"AuditRuntime": 0,
	"NumParties": 11,
	"NumRows": 10000,
	"NumCols": 2,
	"NumSharesCreated": 130738,
	"RunId": 2
}