{
	"Test": "T-Test",
	"Value": "161.65986076004538",
	"TotalRuntime": 131.864047925,
	"SetupTime": 17.555299531,
	"ComputeRuntime": 61.802646889,
	"DivRuntime": 70.061401353,
	"AuditRuntime": 0,
	"NumParties": 11,
	"NumRows": 4177,
	"NumCols": 2,
	"NumSharesCreated": 130738,
	"RunId": 2
}