{
	"Test": "Chi-Squared",
	"Value": "2.4240000090539393",
	"TotalRuntime": 165.3468201,
	"SetupTime": 2.678593053,
	"ComputeRuntime": 0.375403745,
	"DivRuntime": 164.97141662,
	"AuditRuntime": 0,
	"NumParties": 11,
	"NumRows": 5000,
	"NumCols": 5,
	"NumSharesCreated": 345449,
	"RunId": 3
}