{
	"Test": "Chi-Squared",
	"Value": "25.152000093832612",
	"TotalRuntime": 69.881615987,
	"SetupTime": 10.349740146,
	"ComputeRuntime": 1.131430001,
	"DivRuntime": 68.750186443,
	"AuditRuntime": 0.862213168,
	"NumParties": 3,
	"NumRows": 10000,
	"NumCols": 20,
	"NumSharesCreated": 1384950,
	"RunId": 3
}