{
	"Test": "Chi-Squared",
	"Value": "6.000000022351742",
	"TotalRuntime": 75.522095255,
	"SetupTime": 3.11768469,
	"ComputeRuntime": 0.448823321,
	"DivRuntime": 75.073272359,
	"AuditRuntime": 0.413352752,
	"NumParties": 5,
	"NumRows": 10000,
	"NumCols": 10,
	"NumSharesCreated": 692587,
	"RunId": 3
}