{
	"Test": "Chi-Squared",
	"Value": "7.800000028684735",
	"TotalRuntime": 146.137360104,
	"SetupTime": 0.060366082,
	"ComputeRuntime": 0.048421872,
	"DivRuntime": 146.088938887,
	"AuditRuntime": 0.020017042,
	"NumParties": 11,
	"NumRows": 1000,
	"NumCols": 5,
	"NumSharesCreated": 346401,
	"RunId": 3
}