{
	"Test": "Chi-Squared",
	"Value": "7.800000028684735",
	"TotalRuntime": 38.024538176,
	"SetupTime": 0.085338952,
	"ComputeRuntime": 0.043615442,
	"DivRuntime": 37.980922954,
	"AuditRuntime": 0.020728946,
	"NumParties": 5,
	"NumRows": 1000,
	"NumCols": 5,
	"NumSharesCreated": 346406,
	"RunId": 3
}