{
	"Test": "Chi-Squared",
	"Value": "6.000000022351742",
	"TotalRuntime": 36.794645898,
	"SetupTime": 5.288482329,
	"ComputeRuntime": 0.548351919,
	"DivRuntime": 36.246294249,
	"AuditRuntime": 0.410877983,
	"NumParties": 3,
	"NumRows": 10000,
	"NumCols": 10,
	"NumSharesCreated": 692582,
	"RunId": 3
}