{
	"Test": "Chi-Squared",
	"Value": "2.424000009093938",
	"TotalRuntime": 43.127544012,
	"SetupTime": 2.652159562,
	"ComputeRuntime": 0.334941531,
	"DivRuntime": 42.792602789,
	"AuditRuntime": 0,
	"NumParties": 5,
	"NumRows": 5000,
	"NumCols": 5,
	"NumSharesCreated": 345453,
	"RunId": 3
}