{
	"Test": "Chi-Squared",
	"Value": "6.000000022231322",
	"TotalRuntime": 101.35541222,
	"SetupTime": 20.572306859,
	"ComputeRuntime": 1.26303043,
	"SignExtractionRuntime": 0,
	"DivRuntime": 100.092382119,
	"AuditRuntime": 0,
	"NumParties": 5,
	"NumRows": 10000,
	"NumCols": 10,
	"NumSharesCreated": 690902,
	"RunId": 3
}