{
	"Test": "Chi-Squared",
	"Value": "25.152000093832612",
	"TotalRuntime": 554.03547629,
	"SetupTime": 2.921730032,
	"ComputeRuntime": 0.918468866,
	"DivRuntime": 553.117008021,
	"AuditRuntime": 0.846204243,
	"NumParties": 11,
	"NumRows": 10000,
	"NumCols": 20,
	"NumSharesCreated": 1384946,
	"RunId": 3
}