{
	"Test": "Chi-Squared",
	"Value": "15.952000059302966",
	"TotalRuntime": 160.280190576,
	"SetupTime": 20.356466721,
	"ComputeRuntime": 1.210887064,
	"DivRuntime": 159.06930379,
	"AuditRuntime": 0,
	"NumParties": 5,
	"NumRows": 5000,
	"NumCols": 20,
	"NumSharesCreated": 1381806,
	"RunId": 3
}