{
	"Test": "Chi-Squared",
	"Value": "10.808000040290432",
	"TotalRuntime": 41.907110441,
	"SetupTime": 16.934933105,
	"ComputeRuntime": 0.628424733,
	"DivRuntime": 41.278686043,
	"AuditRuntime": 0,
	"NumParties": 3,
	"NumRows": 5000,
	"NumCols": 10,
	"NumSharesCreated": 690907,
	"RunId": 3
}