{
	"Test": "Chi-Squared",
	"Value": "15.952000059187412",
	"TotalRuntime": 139.267178654,
	"SetupTime": 3.095825633,
	"ComputeRuntime": 0.463641477,
	"DivRuntime": 138.803537587,
	"AuditRuntime": 0.389605703,
	"NumParties": 5,
	"NumRows": 5000,
	"NumCols": 20,
	"NumSharesCreated": 1384950,
	"RunId": 3
}