{
	"Test": "Chi-Squared",
	"Value": "6.00000002223247",
	"TotalRuntime": 48.867241056,
	"SetupTime": 35.035464253,
	"ComputeRuntime": 1.208062609,
	"SignExtractionRuntime": 0,
	"DivRuntime": 47.659178712,
	"AuditRuntime": 0,
	"NumParties": 3,
	"NumRows": 10000,
	"NumCols": 10,
	"NumSharesCreated": 690909,
	"RunId": 3
}