{
	"Test": "Chi-Squared",
	"Value": "7.800000028684735",
	"TotalRuntime": 144.77811348,
	"SetupTime": 0.073363015,
	"ComputeRuntime": 0.054563272,
	"DivRuntime": 144.723550616,
	"AuditRuntime": 0.020876051,
	"NumParties": 11,
	"NumRows": 1000,
	"NumCols": 5,
	"NumSharesCreated": 346401,
	"RunId": 3
}