{
	"Test": "Chi-Squared",
	"Value": "7.800000028895135",
	"TotalRuntime": 23.884596962,
	"SetupTime": 0.471394697,
	"ComputeRuntime": 0.170112876,
	"DivRuntime": 23.714484388,
	"AuditRuntime": 0,
	"NumParties": 3,
	"NumRows": 1000,
	"NumCols": 5,
	"NumSharesCreated": 345453,
	"RunId": 3
}