{
	"Test": "Chi-Squared",
	"Value": "51.85185185070718",
	"TotalRuntime": 38.315527343,
	"SetupTime": 0.051239592,
	"ComputeRuntime": 0.134875588,
	"DivRuntime": 38.180652031,
	"AuditRuntime": 0,
	"NumParties": 5,
	"NumRows": 108,
	"NumCols": 4,
	"NumSharesCreated": 276364,
	"RunId": 3
}