{
	"Test": "Chi-Squared",
	"Value": "2.9430000109030923",
	"TotalRuntime": 28.876018936,
	"SetupTime": 17.245349449,
	"ComputeRuntime": 1.249132419,
	"SignExtractionRuntime": 0,
	"DivRuntime": 27.626886818,
	"AuditRuntime": 0,
	"NumParties": 3,
	"NumRows": 10000,
	"NumCols": 5,
	"NumSharesCreated": 345453,
	"RunId": 3
}