{
	"Test": "Chi-Squared",
	"Value": "12.160000044798679",
	"TotalRuntime": 76.731846935,
	"SetupTime": 1.102152565,
	"ComputeRuntime": 0.298259995,
	"DivRuntime": 76.433587211,
	"AuditRuntime": 0,
	"NumParties": 5,
	"NumRows": 1000,
	"NumCols": 10,
	"NumSharesCreated": 690907,
	"RunId": 3
}