{
	"Test": "Chi-Squared",
	"Value": "51.85185184348145",
	"TotalRuntime": 124.773936741,
	"SetupTime": 0.045362142,
	"ComputeRuntime": 0.150851322,
	"DivRuntime": 124.623085786,
	"AuditRuntime": 0,
	"NumParties": 11,
	"NumRows": 108,
	"NumCols": 4,
	"NumSharesCreated": 276365,
	"RunId": 3
}