{
	"Test": "Chi-Squared",
	"Value": "12.160000045783818",
	"TotalRuntime": 274.697678252,
	"SetupTime": 0.171822066,
	"ComputeRuntime": 0.076977017,
	"DivRuntime": 274.620701815,
	"AuditRuntime": 0.042781743,
	"NumParties": 11,
	"NumRows": 1000,
	"NumCols": 10,
	"NumSharesCreated": 692590,
	"RunId": 3
}