{
	"Test": "Chi-Squared",
	"Value": "15.952000058492969",
	"TotalRuntime": 576.737486797,
	"SetupTime": 12.569461247,
	"ComputeRuntime": 1.389812346,
	"DivRuntime": 575.347674706,
	"AuditRuntime": 0,
	"NumParties": 11,
	"NumRows": 5000,
	"NumCols": 20,
	"NumSharesCreated": 1381805,
	"RunId": 3
}