{
	"Test": "Chi-Squared",
	"Value": "20.280000073625907",
	"TotalRuntime": 549.379311652,
	"SetupTime": 2.467520806,
	"ComputeRuntime": 0.728100574,
	"DivRuntime": 548.651211612,
	"AuditRuntime": 0,
	"NumParties": 11,
	"NumRows": 1000,
	"NumCols": 20,
	"NumSharesCreated": 1381807,
	"RunId": 3
}