{
	"Test": "Chi-Squared",
	"Value": "25.152000093720986",
	"TotalRuntime": 195.661418533,
	"SetupTime": 41.123657603,
	"ComputeRuntime": 2.282801585,
	"SignExtractionRuntime": 0,
	"DivRuntime": 193.378617195,
	"AuditRuntime": 0,
	"NumParties": 5,
	"NumRows": 10000,
	"NumCols": 20,
	"NumSharesCreated": 1381801,
	"RunId": 3
}