{
	"Test": "Chi-Squared",
	"Value": "12.160000044843196",
	"TotalRuntime": 37.823450623,
	"SetupTime": 0.884439424,
	"ComputeRuntime": 0.317330212,
	"DivRuntime": 37.506120686,
	"AuditRuntime": 0,
	"NumParties": 3,
	"NumRows": 1000,
	"NumCols": 10,
	"NumSharesCreated": 690896,
	"RunId": 3
}