{
	"Test": "Chi-Squared",
	"Value": "10.808000040240586",
	"TotalRuntime": 36.320738309,
	"SetupTime": 2.503112011,
	"ComputeRuntime": 0.225209218,
	"DivRuntime": 36.095529319,
	"AuditRuntime": 0.206459987,
	"NumParties": 3,
	"NumRows": 5000,
	"NumCols": 10,
	"NumSharesCreated": 692582,
	"RunId": 3
}