{
	"Test": "Chi-Squared",
	"Value": "2.943000010962298",
	"TotalRuntime": 22.268645524,
	"SetupTime": 9.852650597,
	"ComputeRuntime": 0.62369939,
	"DivRuntime": 21.644946396,
	"AuditRuntime": 0,
	"NumParties": 3,
	"NumRows": 10000,
	"NumCols": 5,
	"NumSharesCreated": 345454,
	"RunId": 3
}