{
	"Test": "Chi-Squared",
	"Value": "6.0000000224289955",
	"TotalRuntime": 342.581016102,
	"SetupTime": 12.756649744,
	"ComputeRuntime": 1.1324927,
	"SignExtractionRuntime": 0,
	"DivRuntime": 341.448523827,
	"AuditRuntime": 0,
	"NumParties": 11,
	"NumRows": 10000,
	"NumCols": 10,
	"NumSharesCreated": 690901,
	"RunId": 3
}