{
	"Test": "Chi-Squared",
	"Value": "12.160000044852495",
	"TotalRuntime": 68.230966156,
	"SetupTime": 0.383628301,
	"ComputeRuntime": 0.078118174,
	"DivRuntime": 68.152848573,
	"AuditRuntime": 0.047306713,
	"NumParties": 5,
	"NumRows": 1000,
	"NumCols": 10,
	"NumSharesCreated": 692587,
	"RunId": 3
}