{
	"Test": "Chi-Squared",
	"Value": "2.4240000089630485",
	"TotalRuntime": 40.649940517,
	"SetupTime": 0.789051047,
	"ComputeRuntime": 0.124206391,
	"DivRuntime": 40.525734359,
	"AuditRuntime": 0.101886939,
	"NumParties": 5,
	"NumRows": 5000,
	"NumCols": 5,
	"NumSharesCreated": 346405,
	"RunId": 3
}