{
	"Test": "Chi-Squared",
	"Value": "10.808000040240586",
	"TotalRuntime": 260.13061617,
	"SetupTime": 0.791775153,
	"ComputeRuntime": 0.225598351,
	"DivRuntime": 259.905018292,
	"AuditRuntime": 0.18870811,
	"NumParties": 11,
	"NumRows": 5000,
	"NumCols": 10,
	"NumSharesCreated": 692585,
	"RunId": 3
}