{
	"Test": "Chi-Squared",
	"Value": "15.952000058919365",
	"TotalRuntime": 77.989247559,
	"SetupTime": 34.064527798,
	"ComputeRuntime": 1.388114,
	"DivRuntime": 76.601133862,
	"AuditRuntime": 0,
	"NumParties": 3,
	"NumRows": 5000,
	"NumCols": 20,
	"NumSharesCreated": 1381786,
	"RunId": 3
}