{
	"Test": "Chi-Squared",
	"Value": "10.808000040454438",
	"TotalRuntime": 97.830332444,
	"SetupTime": 5.832561694,
	"ComputeRuntime": 0.885836041,
	"SignExtractionRuntime": 0,
	"DivRuntime": 96.944496703,
	"AuditRuntime": 0,
	"NumParties": 5,
	"NumRows": 5000,
	"NumCols": 10,
	"NumSharesCreated": 690908,
	"RunId": 3
}