{
	"Test": "Chi-Squared",
	"Value": "6.000000022164573",
	"TotalRuntime": 42.341045077,
	"SetupTime": 34.125520382,
	"ComputeRuntime": 1.16668216,
	"DivRuntime": 41.174363218,
	"AuditRuntime": 0,
	"NumParties": 3,
	"NumRows": 10000,
	"NumCols": 10,
	"NumSharesCreated": 690908,
	"RunId": 3
}