{
	"Test": "Chi-Squared",
	"Value": "2.424000009129303",
	"TotalRuntime": 28.04503964,
	"SetupTime": 9.406821175,
	"ComputeRuntime": 0.525349705,
	"SignExtractionRuntime": 0,
	"DivRuntime": 27.519690327,
	"AuditRuntime": 0,
	"NumParties": 3,
	"NumRows": 5000,
	"NumCols": 5,
	"NumSharesCreated": 345452,
	"RunId": 3
}