{
	"Test": "Chi-Squared",
	"Value": "10.808000040082222",
	"TotalRuntime": 47.783957977,
	"SetupTime": 15.22301024,
	"ComputeRuntime": 0.714522319,
	"SignExtractionRuntime": 0,
	"DivRuntime": 47.069435947,
	"AuditRuntime": 0,
	"NumParties": 3,
	"NumRows": 5000,
	"NumCols": 10,
	"NumSharesCreated": 690906,
	"RunId": 3
}