{
	"Test": "Chi-Squared",
	"Value": "10.808000040082575",
	"TotalRuntime": 299.673890181,
	"SetupTime": 5.745455936,
	"ComputeRuntime": 1.091554403,
	"DivRuntime": 298.582336255,
	"AuditRuntime": 0,
	"NumParties": 11,
	"NumRows": 5000,
	"NumCols": 10,
	"NumSharesCreated": 690901,
	"RunId": 3
}