{
	"Test": "Chi-Squared",
	"Value": "15.95200005825609",
	"TotalRuntime": 544.185113204,
	"SetupTime": 1.559719942,
	"ComputeRuntime": 0.473109371,
	"DivRuntime": 543.712004261,
	"AuditRuntime": 0.402615288,
	"NumParties": 11,
	"NumRows": 5000,
	"NumCols": 20,
	"NumSharesCreated": 1384934,
	"RunId": 3
}