{
	"Test": "Chi-Squared",
	"Value": "7.800000029616058",
	"TotalRuntime": 40.400830554,
	"SetupTime": 0.080684594,
	"ComputeRuntime": 0.041217676,
	"DivRuntime": 40.359613269,
	"AuditRuntime": 0.021041839,
	"NumParties": 5,
	"NumRows": 1000,
	"NumCols": 5,
	"NumSharesCreated": 346395,
	"RunId": 3
}