{
	"Test": "Chi-Squared",
	"Value": "51.851851847954094",
	"TotalRuntime": 34.601344801,
	"SetupTime": 0.014877696,
	"ComputeRuntime": 0.022957143,
	"DivRuntime": 34.578388076,
	"AuditRuntime": 0.002884917,
	"NumParties": 5,
	"NumRows": 108,
	"NumCols": 4,
	"NumSharesCreated": 277168,
	"RunId": 3
}