{
	"Test": "Chi-Squared",
	"Value": "25.15200009332242",
	"TotalRuntime": 81.380215309,
	"SetupTime": 55.785345818,
	"ComputeRuntime": 2.262600442,
	"DivRuntime": 79.117615103,
	"AuditRuntime": 0,
	"NumParties": 3,
	"NumRows": 10000,
	"NumCols": 20,
	"NumSharesCreated": 1381788,
	"RunId": 3
}