{
	"Test": "Chi-Squared",
	"Value": "2.4240000089630485",
	"TotalRuntime": 21.818062399,
	"SetupTime": 1.291449571,
	"ComputeRuntime": 0.117709714,
	"DivRuntime": 21.700353105,
	"AuditRuntime": 0.101298622,
	"NumParties": 3,
	"NumRows": 5000,
	"NumCols": 5,
	"NumSharesCreated": 346402,
	"RunId": 3
}