{
	"Test": "Chi-Squared",
	"Value": "2.9430000110411574",
	"TotalRuntime": 158.007172755,
	"SetupTime": 6.250806699,
	"ComputeRuntime": 0.58369342,
	"DivRuntime": 157.423479585,
	"AuditRuntime": 0,
	"NumParties": 11,
	"NumRows": 10000,
	"NumCols": 5,
	"NumSharesCreated": 345450,
	"RunId": 3
}