{
	"Test": "Chi-Squared",
	"Value": "25.15200009290129",
	"TotalRuntime": 72.406406367,
	"SetupTime": 11.299135914,
	"ComputeRuntime": 1.161510329,
	"DivRuntime": 71.24489647,
	"AuditRuntime": 0.802217579,
	"NumParties": 3,
	"NumRows": 10000,
	"NumCols": 20,
	"NumSharesCreated": 1384947,
	"RunId": 3
}