{
	"Test": "Chi-Squared",
	"Value": "25.152000093832612",
	"TotalRuntime": 150.640464504,
	"SetupTime": 6.606549889,
	"ComputeRuntime": 1.103964881,
	"DivRuntime": 149.536500111,
	"AuditRuntime": 1.762478793,
	"NumParties": 5,
	"NumRows": 10000,
	"NumCols": 20,
	"NumSharesCreated": 1384944,
	"RunId": 3
}