{
	"Test": "Chi-Squared",
	"Value": "6.000000022351742",
	"TotalRuntime": 71.92447688,
	"SetupTime": 3.485364455,
	"ComputeRuntime": 0.541880623,
	"DivRuntime": 71.382596512,
	"AuditRuntime": 0.432919284,
	"NumParties": 5,
	"NumRows": 10000,
	"NumCols": 10,
	"NumSharesCreated": 692584,
	"RunId": 3
}