{
	"Test": "Chi-Squared",
	"Value": "10.808000040637491",
	"TotalRuntime": 337.918298092,
	"SetupTime": 5.487015002,
	"ComputeRuntime": 0.700248489,
	"SignExtractionRuntime": 0,
	"DivRuntime": 337.218049935,
	"AuditRuntime": 0,
	"NumParties": 11,
	"NumRows": 5000,
	"NumCols": 10,
	"NumSharesCreated": 690903,
	"RunId": 3
}