{
	"Test": "Chi-Squared",
	"Value": "51.85185185070718",
	"TotalRuntime": 20.800493112,
	"SetupTime": 0.052656911,
	"ComputeRuntime": 0.133464808,
	"DivRuntime": 20.667028885,
	"AuditRuntime": 0,
	"NumParties": 3,
	"NumRows": 108,
	"NumCols": 4,
	"NumSharesCreated": 276365,
	"RunId": 3
}