{
	"Test": "Chi-Squared",
	"Value": "20.28000007661359",
	"TotalRuntime": 76.771505087,
	"SetupTime": 6.744814353,
	"ComputeRuntime": 0.606903705,
	"DivRuntime": 76.164601775,
	"AuditRuntime": 0,
	"NumParties": 3,
	"NumRows": 1000,
	"NumCols": 20,
	"NumSharesCreated": 1381810,
	"RunId": 3
}