{
	"Test": "Chi-Squared",
	"Value": "20.2800000757672",
	"TotalRuntime": 93.846953222,
	"SetupTime": 1.9639591969999999,
	"ComputeRuntime": 0.647785197,
	"SignExtractionRuntime": 0,
	"DivRuntime": 93.199168561,
	"AuditRuntime": 0,
	"NumParties": 3,
	"NumRows": 1000,
	"NumCols": 20,
	"NumSharesCreated": 1381804,
	"RunId": 3
}