{
	"Test": "Chi-Squared",
	"Value": "51.85185184447281",
	"TotalRuntime": 152.123348305,
	"SetupTime": 0.050920922,
	"ComputeRuntime": 0.16335475,
	"SignExtractionRuntime": 0,
	"DivRuntime": 151.959993925,
	"AuditRuntime": 0,
	"NumParties": 11,
	"NumRows": 108,
	"NumCols": 4,
	"NumSharesCreated": 276366,
	"RunId": 3
}