{
	"Test": "Chi-Squared",
	"Value": "51.851851844228804",
	"TotalRuntime": 109.058183767,
	"SetupTime": 0.010696126,
	"ComputeRuntime": 0.03362697,
	"DivRuntime": 109.024557224,
	"AuditRuntime": 0.002955004,
	"NumParties": 11,
	"NumRows": 108,
	"NumCols": 4,
	"NumSharesCreated": 277170,
	"RunId": 3
}