{
	"Test": "Chi-Squared",
	"Value": "20.28000007424058",
	"TotalRuntime": 193.117581799,
	"SetupTime": 2.101050395,
	"ComputeRuntime": 0.622714031,
	"SignExtractionRuntime": 0,
	"DivRuntime": 192.494868061,
	"AuditRuntime": 0,
	"NumParties": 5,
	"NumRows": 1000,
	"NumCols": 20,
	"NumSharesCreated": 1381793,
	"RunId": 3
}