{
	"Test": "Chi-Squared",
	"Value": "15.952000059675107",
	"TotalRuntime": 196.000350159,
	"SetupTime": 20.514496579,
	"ComputeRuntime": 1.428850197,
	"SignExtractionRuntime": 0,
	"DivRuntime": 194.571500253,
	"AuditRuntime": 0,
	"NumParties": 5,
	"NumRows": 5000,
	"NumCols": 20,
	"NumSharesCreated": 1381799,
	"RunId": 3
}