{
	"Test": "Chi-Squared",
	"Value": "12.160000044852495",
	"TotalRuntime": 36.900353266,
	"SetupTime": 0.514221198,
	"ComputeRuntime": 0.073253651,
	"DivRuntime": 36.827100054,
	"AuditRuntime": 0.044874178,
	"NumParties": 3,
	"NumRows": 1000,
	"NumCols": 10,
	"NumSharesCreated": 692577,
	"RunId": 3
}