{
	"Test": "Chi-Squared",
	"Value": "20.28000007549004",
	"TotalRuntime": 154.400699804,
	"SetupTime": 2.07238753,
	"ComputeRuntime": 0.599034507,
	"DivRuntime": 153.801665677,
	"AuditRuntime": 0,
	"NumParties": 5,
	"NumRows": 1000,
	"NumCols": 20,
	"NumSharesCreated": 1381793,
	"RunId": 3
}