{
	"Test": "Chi-Squared",
	"Value": "12.16000004516441",
	"TotalRuntime": 95.626636955,
	"SetupTime": 0.953462558,
	"ComputeRuntime": 0.313131988,
	"SignExtractionRuntime": 0,
	"DivRuntime": 95.313505321,
	"AuditRuntime": 0,
	"NumParties": 5,
	"NumRows": 1000,
	"NumCols": 10,
	"NumSharesCreated": 690903,
	"RunId": 3
}