{
	"Test": "Chi-Squared",
	"Value": "7.80000002914601",
	"TotalRuntime": 180.423790898,
	"SetupTime": 0.535576805,
	"ComputeRuntime": 0.202456908,
	"SignExtractionRuntime": 0,
	"DivRuntime": 180.221334339,
	"AuditRuntime": 0,
	"NumParties": 11,
	"NumRows": 1000,
	"NumCols": 5,
	"NumSharesCreated": 345447,
	"RunId": 3
}