{
	"Test": "Chi-Squared",
	"Value": "20.28000007258096",
	"TotalRuntime": 662.240994141,
	"SetupTime": 1.9137570529999999,
	"ComputeRuntime": 0.723120433,
	"SignExtractionRuntime": 0,
	"DivRuntime": 661.517874089,
	"AuditRuntime": 0,
	"NumParties": 11,
	"NumRows": 1000,
	"NumCols": 20,
	"NumSharesCreated": 1381798,
	"RunId": 3
}