{
	"Test": "Chi-Squared",
	"Value": "7.800000028471639",
	"TotalRuntime": 52.222829541,
	"SetupTime": 1.026591488,
	"ComputeRuntime": 0.166652169,
	"SignExtractionRuntime": 0,
	"DivRuntime": 52.056177915,
	"AuditRuntime": 0,
	"NumParties": 5,
	"NumRows": 1000,
	"NumCols": 5,
	"NumSharesCreated": 345448,
	"RunId": 3
}