{
	"Test": "Chi-Squared",
	"Value": "7.800000028707218",
	"TotalRuntime": 45.349780319,
	"SetupTime": 0.507648738,
	"ComputeRuntime": 0.164420623,
	"DivRuntime": 45.185360032,
	"AuditRuntime": 0,
	"NumParties": 5,
	"NumRows": 1000,
	"NumCols": 5,
	"NumSharesCreated": 345450,
	"RunId": 3
}