{
	"Test": "Chi-Squared",
	"Value": "25.152000093789752",
	"TotalRuntime": 543.969928108,
	"SetupTime": 25.793667883,
	"ComputeRuntime": 2.18795782,
	"DivRuntime": 541.781970536,
	"AuditRuntime": 0,
	"NumParties": 11,
	"NumRows": 10000,
	"NumCols": 20,
	"NumSharesCreated": 1381801,
	"RunId": 3
}