{
	"Test": "Chi-Squared",
	"Value": "2.9430000111460686",
	"TotalRuntime": 39.568994162,
	"SetupTime": 1.56529967,
	"ComputeRuntime": 0.223339826,
	"DivRuntime": 39.345654758,
	"AuditRuntime": 0.225461368,
	"NumParties": 5,
	"NumRows": 10000,
	"NumCols": 5,
	"NumSharesCreated": 346403,
	"RunId": 3
}