{
	"Test": "Chi-Squared",
	"Value": "7.800000028061391",
	"TotalRuntime": 150.000928884,
	"SetupTime": 0.440392918,
	"ComputeRuntime": 0.193838931,
	"DivRuntime": 149.807090197,
	"AuditRuntime": 0,
	"NumParties": 11,
	"NumRows": 1000,
	"NumCols": 5,
	"NumSharesCreated": 345454,
	"RunId": 3
}