{
	"Test": "Chi-Squared",
	"Value": "51.85185184888542",
	"TotalRuntime": 31.448782156,
	"SetupTime": 0.01587028,
	"ComputeRuntime": 0.0228822,
	"DivRuntime": 31.425900206,
	"AuditRuntime": 0.002943277,
	"NumParties": 5,
	"NumRows": 108,
	"NumCols": 4,
	"NumSharesCreated": 277161,
	"RunId": 3
}