{
	"Test": "Chi-Squared",
	"Value": "15.952000059187412",
	"TotalRuntime": 69.356822385,
	"SetupTime": 5.009535546,
	"ComputeRuntime": 0.705835803,
	"DivRuntime": 68.650986988,
	"AuditRuntime": 0.442565081,
	"NumParties": 3,
	"NumRows": 5000,
	"NumCols": 20,
	"NumSharesCreated": 1384946,
	"RunId": 3
}