{
	"Test": "Chi-Squared",
	"Value": "20.280000073835254",
	"TotalRuntime": 141.823772396,
	"SetupTime": 0.624988915,
	"ComputeRuntime": 0.152115842,
	"DivRuntime": 141.671657289,
	"AuditRuntime": 0.091115583,
	"NumParties": 5,
	"NumRows": 1000,
	"NumCols": 20,
	"NumSharesCreated": 1384948,
	"RunId": 3
}