{
	"Test": "Chi-Squared",
	"Value": "2.4240000089630485",
	"TotalRuntime": 42.346212091,
	"SetupTime": 0.81424111,
	"ComputeRuntime": 0.133505295,
	"DivRuntime": 42.212707086,
	"AuditRuntime": 0.091689839,
	"NumParties": 5,
	"NumRows": 5000,
	"NumCols": 5,
	"NumSharesCreated": 346404,
	"RunId": 3
}