{
	"Test": "Chi-Squared",
	"Value": "20.280000074766576",
	"TotalRuntime": 141.358401705,
	"SetupTime": 0.633237964,
	"ComputeRuntime": 0.139228351,
	"DivRuntime": 141.21917389,
	"AuditRuntime": 0.092163828,
	"NumParties": 5,
	"NumRows": 1000,
	"NumCols": 20,
	"NumSharesCreated": 1384946,
	"RunId": 3
}