{
	"Test": "Chi-Squared",
	"Value": "2.4240000088873024",
	"TotalRuntime": 182.629802686,
	"SetupTime": 2.652797353,
	"ComputeRuntime": 0.381194061,
	"SignExtractionRuntime": 0,
	"DivRuntime": 182.248608949,
	"AuditRuntime": 0,
	"NumParties": 11,
	"NumRows": 5000,
	"NumCols": 5,
	"NumSharesCreated": 345446,
	"RunId": 3
}