{
	"Test": "Chi-Squared",
	"Value": "2.9430000111460686",
	"TotalRuntime": 152.62645869,
	"SetupTime": 0.802874472,
	"ComputeRuntime": 0.212222442,
	"DivRuntime": 152.414236859,
	"AuditRuntime": 0.22080049,
	"NumParties": 11,
	"NumRows": 10000,
	"NumCols": 5,
	"NumSharesCreated": 346404,
	"RunId": 3
}