{
	"Test": "Chi-Squared",
	"Value": "2.4240000089315945",
	"TotalRuntime": 53.315848539,
	"SetupTime": 2.817688923,
	"ComputeRuntime": 0.362665142,
	"SignExtractionRuntime": 0,
	"DivRuntime": 52.953183837,
	"AuditRuntime": 0,
	"NumParties": 5,
	"NumRows": 5000,
	"NumCols": 5,
	"NumSharesCreated": 345451,
	"RunId": 3
}