{
	"Test": "Chi-Squared",
	"Value": "25.152000093832612",
	"TotalRuntime": 578.307887217,
	"SetupTime": 3.099203433,
	"ComputeRuntime": 0.848562315,
	"DivRuntime": 577.45932535,
	"AuditRuntime": 0.860290527,
	"NumParties": 11,
	"NumRows": 10000,
	"NumCols": 20,
	"NumSharesCreated": 1384943,
	"RunId": 3
}