{
	"Test": "Pearson",
	"Value": "0.019742726794516528",
	"TotalRuntime": 29.333289528,
	"SetupTime": 3.034929464,
	"ComputeRuntime": 12.283942562,
	"DivRuntime": 17.049347215,
	"AuditRuntime": 0.373306726,
	"NumParties": 5,
	"NumRows": 5000,
	"NumCols": 2,
	"NumSharesCreated": 69236,
	"RunId": 3
}