{
	"Test": "Pearson",
	"Value": "0.011239545719848617",
	"TotalRuntime": 71.151394459,
	"SetupTime": 6.206887975,
	"ComputeRuntime": 29.725707486,
	"DivRuntime": 41.425687342,
	"AuditRuntime": 0.740889909,
	"NumParties": 11,
	"NumRows": 10000,
	"NumCols": 2,
	"NumSharesCreated": 69236,
	"RunId": 3
}