{
	"Test": "Pearson",
	"Value": "0.8336836878086472",
	"TotalRuntime": 56.250434313,
	"SetupTime": 2.758289901,
	"ComputeRuntime": 13.019966296,
	"DivRuntime": 43.230468464,
	"AuditRuntime": 0.345871012,
	"NumParties": 11,
	"NumRows": 4177,
	"NumCols": 2,
	"NumSharesCreated": 69237,
	"RunId": 3
}