{
	"Test": "Pearson",
	"Value": "0.030201765770958632",
	"TotalRuntime": 168.558990224,
	"SetupTime": 42.252393682,
	"ComputeRuntime": 152.503521051,
	"SignExtractionRuntime": 3.763709157,
	"DivRuntime": 12.291760724,
	"AuditRuntime": 0,
	"NumParties": 3,
	"NumRows": 10000,
	"NumCols": 2,
	"NumSharesCreated": 130959,
	"RunId": 3
}