{
	"Test": "Pearson",
	"Value": "0.019742713419568604",
	"TotalRuntime": 62.1129495,
	"SetupTime": 20.971431067,
	"ComputeRuntime": 47.988242556,
	"DivRuntime": 14.124707213,
	"AuditRuntime": 0,
	"NumParties": 3,
	"NumRows": 5000,
	"NumCols": 2,
	"NumSharesCreated": 130958,
	"RunId": 3
}