{
	"Test": "Pearson",
	"Value": "0.8336836877894084",
	"TotalRuntime": 80.680860973,
	"SetupTime": 17.544900212,
	"ComputeRuntime": 57.633435305,
	"DivRuntime": 23.047425953,
	"AuditRuntime": 0,
	"NumParties": 5,
	"NumRows": 4177,
	"NumCols": 2,
	"NumSharesCreated": 130958,
	"RunId": 3
}