{
	"Test": "Pearson",
	"Value": "-0.003125860106288568",
	"TotalRuntime": 41.590105607,
	"SetupTime": 4.224836933,
	"ComputeRuntime": 15.643221281,
	"DivRuntime": 25.946884565,
	"AuditRuntime": 0,
	"NumParties": 5,
	"NumRows": 1000,
	"NumCols": 2,
	"NumSharesCreated": 130955,
	"RunId": 3
}