{
	"Test": "Pearson",
	"Value": "0.12407352258333272",
	"TotalRuntime": 33.179164406,
	"SetupTime": 4.200615624,
	"ComputeRuntime": 16.039080309,
	"SignExtractionRuntime": 4.448007148,
	"DivRuntime": 12.692077017999999,
	"AuditRuntime": 0,
	"NumParties": 3,
	"NumRows": 1000,
	"NumCols": 2,
	"NumSharesCreated": 130957,
	"RunId": 3
}