{
	"Test": "Pearson",
	"Value": "0.8336836877390299",
	"TotalRuntime": 64.992017318,
	"SetupTime": 17.492135287,
	"ComputeRuntime": 50.846842171,
	"DivRuntime": 14.14517544,
	"AuditRuntime": 0,
	"NumParties": 3,
	"NumRows": 4177,
	"NumCols": 2,
	"NumSharesCreated": 130954,
	"RunId": 3
}