{
	"Test": "Pearson",
	"Value": "0.041451027467048936",
	"TotalRuntime": 191.49080394,
	"SetupTime": 21.176806215,
	"ComputeRuntime": 106.795046647,
	"SignExtractionRuntime": 30.218469103,
	"DivRuntime": 54.477289341,
	"AuditRuntime": 0,
	"NumParties": 11,
	"NumRows": 5000,
	"NumCols": 2,
	"NumSharesCreated": 130960,
	"RunId": 3
}