{
	"Test": "Pearson",
	"Value": "0.0031259296941654976",
	"TotalRuntime": 42.719119991,
	"SetupTime": 0.622872137,
	"ComputeRuntime": 3.150760773,
	"DivRuntime": 39.568359482,
	"AuditRuntime": 0.072319185,
	"NumParties": 11,
	"NumRows": 1000,
	"NumCols": 2,
	"NumSharesCreated": 69237,
	"RunId": 3
}