{
	"Test": "Pearson",
	"Value": "0.011239587150386884",
	"TotalRuntime": 37.374087242,
	"SetupTime": 6.09144154,
	"ComputeRuntime": 21.468905351,
	"DivRuntime": 15.905182343,
	"AuditRuntime": 0.708891788,
	"NumParties": 5,
	"NumRows": 10000,
	"NumCols": 2,
	"NumSharesCreated": 69234,
	"RunId": 3
}