{
	"Test": "Pearson",
	"Value": "0.019742726794516528",
	"TotalRuntime": 54.727597839,
	"SetupTime": 3.124989357,
	"ComputeRuntime": 14.055911773,
	"DivRuntime": 40.671686647,
	"AuditRuntime": 0.359702331,
	"NumParties": 11,
	"NumRows": 5000,
	"NumCols": 2,
	"NumSharesCreated": 69236,
	"RunId": 3
}