{
	"Test": "Pearson",
	"Value": "0.0031257807233219326",
	"TotalRuntime": 12.688342547,
	"SetupTime": 0.615586322,
	"ComputeRuntime": 1.433865004,
	"DivRuntime": 11.254478108,
	"AuditRuntime": 0.075126472,
	"NumParties": 3,
	"NumRows": 1000,
	"NumCols": 2,
	"NumSharesCreated": 69236,
	"RunId": 3
}