{
	"Test": "Pearson",
	"Value": "0.019742713419568157",
	"TotalRuntime": 76.109657692,
	"SetupTime": 20.964375745,
	"ComputeRuntime": 52.872725374,
	"DivRuntime": 23.236932552,
	"AuditRuntime": 0,
	"NumParties": 5,
	"NumRows": 5000,
	"NumCols": 2,
	"NumSharesCreated": 130959,
	"RunId": 3
}