{
	"Test": "Pearson",
	"Value": "0.04145102762227805",
	"TotalRuntime": 94.41421138,
	"SetupTime": 21.008231403,
	"ComputeRuntime": 68.197083578,
	"SignExtractionRuntime": 6.7908007900000005,
	"DivRuntime": 19.426327743,
	"AuditRuntime": 0,
	"NumParties": 5,
	"NumRows": 5000,
	"NumCols": 2,
	"NumSharesCreated": 130955,
	"RunId": 3
}