{
	"Test": "Pearson",
	"Value": "0.833683687717043",
	"TotalRuntime": 77.092015343,
	"SetupTime": 17.491232472,
	"ComputeRuntime": 50.799666225,
	"SignExtractionRuntime": 6.822225025,
	"DivRuntime": 19.470124528,
	"AuditRuntime": 0,
	"NumParties": 5,
	"NumRows": 4177,
	"NumCols": 2,
	"NumSharesCreated": 130958,
	"RunId": 3
}