{
	"Test": "Pearson",
	"Value": "-0.01123955241548106",
	"TotalRuntime": 152.753544678,
	"SetupTime": 42.027487541,
	"ComputeRuntime": 138.482193589,
	"DivRuntime": 14.271351413,
	"AuditRuntime": 0,
	"NumParties": 3,
	"NumRows": 10000,
	"NumCols": 2,
	"NumSharesCreated": 130961,
	"RunId": 3
}