{
	"Test": "Pearson",
	"Value": "0.0031257807233219326",
	"TotalRuntime": 14.158298158,
	"SetupTime": 0.647731056,
	"ComputeRuntime": 2.483240309,
	"DivRuntime": 11.675058461999999,
	"AuditRuntime": 0.075252228,
	"NumParties": 3,
	"NumRows": 1000,
	"NumCols": 2,
	"NumSharesCreated": 69236,
	"RunId": 3
}