{
	"Test": "Pearson",
	"Value": "-0.003125860101564354",
	"TotalRuntime": 94.689245833,
	"SetupTime": 4.182493818,
	"ComputeRuntime": 21.218773721,
	"DivRuntime": 73.470472429,
	"AuditRuntime": 0,
	"NumParties": 11,
	"NumRows": 1000,
	"NumCols": 2,
	"NumSharesCreated": 130960,
	"RunId": 3
}