{
	"Test": "Pearson",
	"Value": "0.011239545719848617",
	"TotalRuntime": 68.731847211,
	"SetupTime": 6.357730789,
	"ComputeRuntime": 29.586801122,
	"DivRuntime": 39.145046373,
	"AuditRuntime": 0.703947009,
	"NumParties": 11,
	"NumRows": 10000,
	"NumCols": 2,
	"NumSharesCreated": 69237,
	"RunId": 3
}