{
	"Test": "Pearson",
	"Value": "0.8336836883672059",
	"TotalRuntime": 52.398724974,
	"SetupTime": 2.689591397,
	"ComputeRuntime": 11.961823264,
	"DivRuntime": 40.436902183,
	"AuditRuntime": 0.30131637,
	"NumParties": 11,
	"NumRows": 4177,
	"NumCols": 2,
	"NumSharesCreated": 69237,
	"RunId": 3
}