{
	"Test": "Pearson",
	"Value": "0.011239545719848617",
	"TotalRuntime": 37.125020234,
	"SetupTime": 6.291508899,
	"ComputeRuntime": 25.75018585,
	"DivRuntime": 11.374834793,
	"AuditRuntime": 0.766723073,
	"NumParties": 3,
	"NumRows": 10000,
	"NumCols": 2,
	"NumSharesCreated": 69236,
	"RunId": 3
}