{
	"Test": "Pearson",
	"Value": "0.030201765545884926",
	"TotalRuntime": 133.498582241,
	"SetupTime": 41.868729279,
	"ComputeRuntime": 105.786539832,
	"SignExtractionRuntime": 7.616599131,
	"DivRuntime": 20.095443783,
	"AuditRuntime": 0,
	"NumParties": 5,
	"NumRows": 10000,
	"NumCols": 2,
	"NumSharesCreated": 130959,
	"RunId": 3
}