{
	"Test": "Pearson",
	"Value": "0.8336836878086472",
	"TotalRuntime": 22.589183388,
	"SetupTime": 2.674557121,
	"ComputeRuntime": 10.958239967,
	"DivRuntime": 11.630944033,
	"AuditRuntime": 0.319928338,
	"NumParties": 3,
	"NumRows": 4177,
	"NumCols": 2,
	"NumSharesCreated": 69237,
	"RunId": 3
}