{
	"Test": "Pearson",
	"Value": "0.019742726794516528",
	"TotalRuntime": 24.98476726,
	"SetupTime": 3.287677943,
	"ComputeRuntime": 13.29947893,
	"DivRuntime": 11.685288602,
	"AuditRuntime": 0.383963027,
	"NumParties": 3,
	"NumRows": 5000,
	"NumCols": 2,
	"NumSharesCreated": 69233,
	"RunId": 3
}