{
	"Test": "Pearson",
	"Value": "-0.003125860101564354",
	"TotalRuntime": 31.037011626,
	"SetupTime": 4.17698992,
	"ComputeRuntime": 15.411630679,
	"DivRuntime": 15.625381207,
	"AuditRuntime": 0,
	"NumParties": 3,
	"NumRows": 1000,
	"NumCols": 2,
	"NumSharesCreated": 130961,
	"RunId": 3
}