{
	"Test": "Pearson",
	"Value": "0.0197427032080297",
	"TotalRuntime": 55.331002451,
	"SetupTime": 2.9836720100000003,
	"ComputeRuntime": 14.378753999,
	"DivRuntime": 40.95224882,
	"AuditRuntime": 0.410555711,
	"NumParties": 11,
	"NumRows": 5000,
	"NumCols": 2,
	"NumSharesCreated": 69236,
	"RunId": 3
}