{
	"Test": "Pearson",
	"Value": "0.03020176554588437",
	"TotalRuntime": 301.087365259,
	"SetupTime": 42.164108386,
	"ComputeRuntime": 215.10218305,
	"SignExtractionRuntime": 30.162357051,
	"DivRuntime": 55.822825982,
	"AuditRuntime": 0,
	"NumParties": 11,
	"NumRows": 10000,
	"NumCols": 2,
	"NumSharesCreated": 130957,
	"RunId": 3
}