{
	"Test": "Pearson",
	"Value": "0.01974271341956771",
	"TotalRuntime": 180.166449202,
	"SetupTime": 20.905080071,
	"ComputeRuntime": 106.621687143,
	"DivRuntime": 73.544762404,
	"AuditRuntime": 0,
	"NumParties": 11,
	"NumRows": 5000,
	"NumCols": 2,
	"NumSharesCreated": 130959,
	"RunId": 3
}