{
	"Test": "Pearson",
	"Value": "0.0031257807233219326",
	"TotalRuntime": 18.687966272,
	"SetupTime": 0.604249571,
	"ComputeRuntime": 2.504952082,
	"DivRuntime": 16.183014472,
	"AuditRuntime": 0.068605286,
	"NumParties": 5,
	"NumRows": 1000,
	"NumCols": 2,
	"NumSharesCreated": 69237,
	"RunId": 3
}