{
	"Test": "Pearson",
	"Value": "-0.01123955241548117",
	"TotalRuntime": 155.890133808,
	"SetupTime": 41.897953912,
	"ComputeRuntime": 132.355558584,
	"DivRuntime": 23.534575548,
	"AuditRuntime": 0,
	"NumParties": 5,
	"NumRows": 10000,
	"NumCols": 2,
	"NumSharesCreated": 130960,
	"RunId": 3
}