{
	"Test": "Pearson",
	"Value": "0.8336836878086472",
	"TotalRuntime": 21.853110479,
	"SetupTime": 2.603039918,
	"ComputeRuntime": 10.538946343,
	"DivRuntime": 11.31416437,
	"AuditRuntime": 0.320148782,
	"NumParties": 3,
	"NumRows": 4177,
	"NumCols": 2,
	"NumSharesCreated": 69235,
	"RunId": 3
}