{
	"Test": "Pearson",
	"Value": "0.0031259296941654976",
	"TotalRuntime": 46.275786602,
	"SetupTime": 0.65970137,
	"ComputeRuntime": 3.003661926,
	"DivRuntime": 43.27212501,
	"AuditRuntime": 0.080816751,
	"NumParties": 11,
	"NumRows": 1000,
	"NumCols": 2,
	"NumSharesCreated": 69237,
	"RunId": 3
}