{
	"Test": "T-Test",
	"Value": "0.19469002454535037",
	"TotalRuntime": 84.712090743,
	"SetupTime": 4.167510512,
	"ComputeRuntime": 13.979326018,
	"DivRuntime": 70.732765041,
	"AuditRuntime": 0,
	"NumParties": 11,
	"NumRows": 1000,
	"NumCols": 2,
	"NumSharesCreated": 130737,
	"RunId": 3
}