{
	"Test": "T-Test",
	"Value": "0.029092792923170904",
	"TotalRuntime": 142.899869239,
	"SetupTime": 20.950110785,
	"ComputeRuntime": 70.817465639,
	"DivRuntime": 72.082403932,
	"AuditRuntime": 0,
	"NumParties": 11,
	"NumRows": 5000,
	"NumCols": 2,
	"NumSharesCreated": 130737,
	"RunId": 3
}