{
	"Test": "T-Test",
	"Value": "0.19469008453208891",
	"TotalRuntime": 18.481077925,
	"SetupTime": 0.653361108,
	"ComputeRuntime": 1.37112321,
	"DivRuntime": 17.109960304,
	"AuditRuntime": 0.069772786,
	"NumParties": 5,
	"NumRows": 1000,
	"NumCols": 2,
	"NumSharesCreated": 69236,
	"RunId": 3
}