{
	"Test": "T-Test",
	"Value": "161.71452174580378",
	"TotalRuntime": 53.712640519,
	"SetupTime": 17.479880313,
	"ComputeRuntime": 30.462888739,
	"DivRuntime": 23.249752111,
	"AuditRuntime": 0,
	"NumParties": 5,
	"NumRows": 4177,
	"NumCols": 2,
	"NumSharesCreated": 130733,
	"RunId": 3
}