{
	"Test": "T-Test",
	"Value": "4.885003410069698",
	"TotalRuntime": 110.586803187,
	"SetupTime": 41.81054643,
	"ComputeRuntime": 85.190033056,
	"SignExtractionRuntime": 6.790061185,
	"DivRuntime": 18.60670909,
	"AuditRuntime": 0,
	"NumParties": 5,
	"NumRows": 10000,
	"NumCols": 2,
	"NumSharesCreated": 130738,
	"RunId": 3
}