{
	"Test": "T-Test",
	"Value": "0.1946900893157047",
	"TotalRuntime": 43.992209062,
	"SetupTime": 0.653407461,
	"ComputeRuntime": 2.230087313,
	"DivRuntime": 41.76212872,
	"AuditRuntime": 0.071564255,
	"NumParties": 11,
	"NumRows": 1000,
	"NumCols": 2,
	"NumSharesCreated": 69237,
	"RunId": 3
}