{
	"Test": "T-Test",
	"Value": "0.34220047853999286",
	"TotalRuntime": 216.21985617,
	"SetupTime": 41.778253255,
	"ComputeRuntime": 142.945526273,
	"DivRuntime": 73.274330222,
	"AuditRuntime": 0,
	"NumParties": 11,
	"NumRows": 10000,
	"NumCols": 2,
	"NumSharesCreated": 130731,
	"RunId": 3
}