{
	"Test": "T-Test",
	"Value": "0.34220047791658187",
	"TotalRuntime": 97.269875149,
	"SetupTime": 41.930872851,
	"ComputeRuntime": 83.148884457,
	"DivRuntime": 14.120991094,
	"AuditRuntime": 0,
	"NumParties": 3,
	"NumRows": 10000,
	"NumCols": 2,
	"NumSharesCreated": 130738,
	"RunId": 3
}