{
	"Test": "T-Test",
	"Value": "0.34220194519375713",
	"TotalRuntime": 27.432374876,
	"SetupTime": 6.421425171,
	"ComputeRuntime": 16.184504692,
	"DivRuntime": 11.247874828,
	"AuditRuntime": 0.738751924,
	"NumParties": 3,
	"NumRows": 10000,
	"NumCols": 2,
	"NumSharesCreated": 69236,
	"RunId": 3
}