{
	"Test": "T-Test",
	"Value": "161.74187574889518",
	"TotalRuntime": 17.521661411,
	"SetupTime": 2.3498369820000002,
	"ComputeRuntime": 6.308374814,
	"DivRuntime": 11.213291991,
	"AuditRuntime": 0.283318966,
	"NumParties": 3,
	"NumRows": 4177,
	"NumCols": 2,
	"NumSharesCreated": 69237,
	"RunId": 3
}