{
	"Test": "T-Test",
	"Value": "0.029093097249215966",
	"TotalRuntime": 52.429318272,
	"SetupTime": 3.199437986,
	"ComputeRuntime": 10.227285507,
	"DivRuntime": 42.202048312,
	"AuditRuntime": 0.360478074,
	"NumParties": 11,
	"NumRows": 5000,
	"NumCols": 2,
	"NumSharesCreated": 69237,
	"RunId": 3
}