{
	"Test": "T-Test",
	"Value": "0.19469008214028097",
	"TotalRuntime": 11.962821893,
	"SetupTime": 0.583907844,
	"ComputeRuntime": 1.046961014,
	"DivRuntime": 10.915867712,
	"AuditRuntime": 0.068407927,
	"NumParties": 3,
	"NumRows": 1000,
	"NumCols": 2,
	"NumSharesCreated": 69237,
	"RunId": 3
}