{
	"Test": "T-Test",
	"Value": "0.029092791457398143",
	"TotalRuntime": 67.478389711,
	"SetupTime": 20.869802152,
	"ComputeRuntime": 52.013424045,
	"DivRuntime": 15.464966296,
	"AuditRuntime": 0,
	"NumParties": 3,
	"NumRows": 5000,
	"NumCols": 2,
	"NumSharesCreated": 130738,
	"RunId": 3
}