{
	"Test": "T-Test",
	"Value": "3.111122877343687",
	"TotalRuntime": 153.805906491,
	"SetupTime": 21.174084044,
	"ComputeRuntime": 71.546165558,
	"SignExtractionRuntime": 28.794381389,
	"DivRuntime": 53.46535975,
	"AuditRuntime": 0,
	"NumParties": 11,
	"NumRows": 5000,
	"NumCols": 2,
	"NumSharesCreated": 130736,
	"RunId": 3
}