{
	"Test": "T-Test",
	"Value": "4.885003407713897",
	"TotalRuntime": 228.367597706,
	"SetupTime": 42.392582393,
	"ComputeRuntime": 143.213903105,
	"SignExtractionRuntime": 29.356938077,
	"DivRuntime": 55.796756636,
	"AuditRuntime": 0,
	"NumParties": 11,
	"NumRows": 10000,
	"NumCols": 2,
	"NumSharesCreated": 130737,
	"RunId": 3
}