{
	"Test": "T-Test",
	"Value": "161.76923877696157",
	"TotalRuntime": 54.549499219,
	"SetupTime": 17.393769923,
	"ComputeRuntime": 40.373700408,
	"DivRuntime": 14.175799122,
	"AuditRuntime": 0,
	"NumParties": 3,
	"NumRows": 4177,
	"NumCols": 2,
	"NumSharesCreated": 130737,
	"RunId": 3
}