{
	"Test": "T-Test",
	"Value": "161.65986076004558",
	"TotalRuntime": 144.467167649,
	"SetupTime": 17.522541389,
	"ComputeRuntime": 60.862533752,
	"SignExtractionRuntime": 28.807766684,
	"DivRuntime": 54.796867486,
	"AuditRuntime": 0,
	"NumParties": 11,
	"NumRows": 4177,
	"NumCols": 2,
	"NumSharesCreated": 130735,
	"RunId": 3
}