{
	"Test": "T-Test",
	"Value": "0.02909284115364369",
	"TotalRuntime": 16.674149459,
	"SetupTime": 2.866154622,
	"ComputeRuntime": 5.713637422,
	"DivRuntime": 10.960517625,
	"AuditRuntime": 0.319679704,
	"NumParties": 3,
	"NumRows": 5000,
	"NumCols": 2,
	"NumSharesCreated": 69237,
	"RunId": 3
}