{
	"Test": "T-Test",
	"Value": "161.71452445492392",
	"TotalRuntime": 24.548709515,
	"SetupTime": 2.629004574,
	"ComputeRuntime": 7.408411331,
	"DivRuntime": 17.140306254,
	"AuditRuntime": 0.305611358,
	"NumParties": 5,
	"NumRows": 4177,
	"NumCols": 2,
	"NumSharesCreated": 69237,
	"RunId": 3
}