{
	"Test": "T-Test",
	"Value": "0.342200473191607",
	"TotalRuntime": 88.600203693,
	"SetupTime": 42.004685783,
	"ComputeRuntime": 66.08995641,
	"DivRuntime": 22.510247883,
	"AuditRuntime": 0,
	"NumParties": 5,
	"NumRows": 10000,
	"NumCols": 2,
	"NumSharesCreated": 130737,
	"RunId": 3
}