{
	"Test": "T-Test",
	"Value": "3.111122891668852",
	"TotalRuntime": 70.086768114,
	"SetupTime": 21.141963444,
	"ComputeRuntime": 53.656091051,
	"SignExtractionRuntime": 4.115035599,
	"DivRuntime": 12.315641483,
	"AuditRuntime": 0,
	"NumParties": 3,
	"NumRows": 5000,
	"NumCols": 2,
	"NumSharesCreated": 130734,
	"RunId": 3
}