{
	"Test": "T-Test",
	"Value": "0.0290929051777481",
	"TotalRuntime": 22.079246471,
	"SetupTime": 2.955181364,
	"ComputeRuntime": 6.374642152,
	"DivRuntime": 15.704608967,
	"AuditRuntime": 0.316515303,
	"NumParties": 5,
	"NumRows": 5000,
	"NumCols": 2,
	"NumSharesCreated": 69237,
	"RunId": 3
}