{
	"Test": "T-Test",
	"Value": "161.74187365732175",
	"TotalRuntime": 18.449318095,
	"SetupTime": 2.495331936,
	"ComputeRuntime": 7.17131865,
	"DivRuntime": 11.278005526,
	"AuditRuntime": 0.26478334,
	"NumParties": 3,
	"NumRows": 4177,
	"NumCols": 2,
	"NumSharesCreated": 69237,
	"RunId": 3
}