{
	"Test": "T-Test",
	"Value": "161.74187470310704",
	"TotalRuntime": 20.304161541,
	"SetupTime": 2.464763277,
	"ComputeRuntime": 4.67258945,
	"DivRuntime": 15.631576842,
	"AuditRuntime": 0.271439307,
	"NumParties": 5,
	"NumRows": 4177,
	"NumCols": 2,
	"NumSharesCreated": 69237,
	"RunId": 3
}