{
	"Test": "T-Test",
	"Value": "3.1111228916688582",
	"TotalRuntime": 64.527905753,
	"SetupTime": 20.838840285,
	"ComputeRuntime": 39.227276541,
	"SignExtractionRuntime": 6.680018651,
	"DivRuntime": 18.620611115,
	"AuditRuntime": 0,
	"NumParties": 5,
	"NumRows": 5000,
	"NumCols": 2,
	"NumSharesCreated": 130735,
	"RunId": 3
}