{
	"Test": "T-Test",
	"Value": "0.3422019751308981",
	"TotalRuntime": 66.149626462,
	"SetupTime": 6.466866577,
	"ComputeRuntime": 22.539911921,
	"DivRuntime": 43.609729374,
	"AuditRuntime": 0.747809612,
	"NumParties": 11,
	"NumRows": 10000,
	"NumCols": 2,
	"NumSharesCreated": 69237,
	"RunId": 3
}