{
	"Test": "T-Test",
	"Value": "5.378038445502107",
	"TotalRuntime": 27.647511247,
	"SetupTime": 4.262130149,
	"ComputeRuntime": 10.177137249,
	"SignExtractionRuntime": 4.312800605,
	"DivRuntime": 13.157573742,
	"AuditRuntime": 0,
	"NumParties": 3,
	"NumRows": 1000,
	"NumCols": 2,
	"NumSharesCreated": 130734,
	"RunId": 3
}