{
	"Test": "T-Test",
	"Value": "4.885003436823874",
	"TotalRuntime": 126.655066441,
	"SetupTime": 42.25349505,
	"ComputeRuntime": 110.027960612,
	"SignExtractionRuntime": 4.133774383,
	"DivRuntime": 12.493331628,
	"AuditRuntime": 0,
	"NumParties": 3,
	"NumRows": 10000,
	"NumCols": 2,
	"NumSharesCreated": 130738,
	"RunId": 3
}