{
	"Test": "T-Test",
	"Value": "0.34220196152310706",
	"TotalRuntime": 28.821718679,
	"SetupTime": 6.398726789,
	"ComputeRuntime": 17.335629313,
	"DivRuntime": 11.486096054,
	"AuditRuntime": 0.705399754,
	"NumParties": 3,
	"NumRows": 10000,
	"NumCols": 2,
	"NumSharesCreated": 69237,
	"RunId": 3
}