{
	"Test": "T-Test",
	"Value": "161.60525684706994",
	"TotalRuntime": 130.590692836,
	"SetupTime": 17.537072587,
	"ComputeRuntime": 59.334138402,
	"DivRuntime": 71.256554732,
	"AuditRuntime": 0,
	"NumParties": 11,
	"NumRows": 4177,
	"NumCols": 2,
	"NumSharesCreated": 130736,
	"RunId": 3
}