{
	"Test": "T-Test",
	"Value": "0.1946900869238968",
	"TotalRuntime": 17.73939156,
	"SetupTime": 0.588211179,
	"ComputeRuntime": 1.6745595930000001,
	"DivRuntime": 16.064837858,
	"AuditRuntime": 0.069999852,
	"NumParties": 5,
	"NumRows": 1000,
	"NumCols": 2,
	"NumSharesCreated": 69236,
	"RunId": 3
}