{
	"Test": "T-Test",
	"Value": "5.378038444026381",
	"TotalRuntime": 38.440607323,
	"SetupTime": 4.167715478,
	"ComputeRuntime": 10.648579247,
	"SignExtractionRuntime": 8.007338807,
	"DivRuntime": 19.784689407,
	"AuditRuntime": 0,
	"NumParties": 5,
	"NumRows": 1000,
	"NumCols": 2,
	"NumSharesCreated": 130736,
	"RunId": 3
}