{
	"Test": "T-Test",
	"Value": "0.194690079748473",
	"TotalRuntime": 12.678209794,
	"SetupTime": 0.641130063,
	"ComputeRuntime": 1.55540173,
	"DivRuntime": 11.122818372,
	"AuditRuntime": 0.069560836,
	"NumParties": 3,
	"NumRows": 1000,
	"NumCols": 2,
	"NumSharesCreated": 69237,
	"RunId": 3
}