{
	"Test": "T-Test",
	"Value": "0.02909279296478223",
	"TotalRuntime": 61.662914924,
	"SetupTime": 20.965461089,
	"ComputeRuntime": 39.022183499,
	"DivRuntime": 22.640731806,
	"AuditRuntime": 0,
	"NumParties": 5,
	"NumRows": 5000,
	"NumCols": 2,
	"NumSharesCreated": 130737,
	"RunId": 3
}