{
	"Test": "Chi-Squared",
	"Value": "12.16000004539547",
	"TotalRuntime": 82.462621853,
	"SetupTime": 2.073301447,
	"ComputeRuntime": 0.297805151,
	"DivRuntime": 82.16481709,
	"AuditRuntime": 0,
	"NumParties": 5,
	"NumRows": 1000,
	"NumCols": 10,
	"NumSharesCreated": 690900,
	"RunId": 4
}