{
	"Test": "Chi-Squared",
	"Value": "7.8000000290085",
	"TotalRuntime": 50.029791135,
	"SetupTime": 0.455387446,
	"ComputeRuntime": 0.174729592,
	"SignExtractionRuntime": 0,
	"DivRuntime": 49.855061834,
	"AuditRuntime": 0,
	"NumParties": 5,
	"NumRows": 1000,
	"NumCols": 5,
	"NumSharesCreated": 345453,
	"RunId": 4
}