{
	"Test": "Chi-Squared",
	"Value": "2.943000010214746",
	"TotalRuntime": 41.893411609,
	"SetupTime": 1.592868485,
	"ComputeRuntime": 0.22578836,
	"DivRuntime": 41.667623511,
	"AuditRuntime": 0.291906253,
	"NumParties": 5,
	"NumRows": 10000,
	"NumCols": 5,
	"NumSharesCreated": 346402,
	"RunId": 4
}