{
	"Test": "Chi-Squared",
	"Value": "20.28000007512869",
	"TotalRuntime": 74.904084453,
	"SetupTime": 1.698126261,
	"ComputeRuntime": 0.633568672,
	"DivRuntime": 74.270516029,
	"AuditRuntime": 0,
	"NumParties": 3,
	"NumRows": 1000,
	"NumCols": 20,
	"NumSharesCreated": 1381800,
	"RunId": 4
}