{
	"Test": "Chi-Squared",
	"Value": "25.1520000939048",
	"TotalRuntime": 648.443640148,
	"SetupTime": 24.708735749,
	"ComputeRuntime": 2.244970356,
	"SignExtractionRuntime": 0,
	"DivRuntime": 646.19867013,
	"AuditRuntime": 0,
	"NumParties": 11,
	"NumRows": 10000,
	"NumCols": 20,
	"NumSharesCreated": 1381804,
	"RunId": 4
}