{
	"Test": "Chi-Squared",
	"Value": "20.28000007455723",
	"TotalRuntime": 190.779487809,
	"SetupTime": 1.916718006,
	"ComputeRuntime": 0.639183479,
	"SignExtractionRuntime": 0,
	"DivRuntime": 190.140304661,
	"AuditRuntime": 0,
	"NumParties": 5,
	"NumRows": 1000,
	"NumCols": 20,
	"NumSharesCreated": 1381807,
	"RunId": 4
}