{
	"Test": "Chi-Squared",
	"Value": "12.160000044572833",
	"TotalRuntime": 275.7325928,
	"SetupTime": 0.932816829,
	"ComputeRuntime": 0.343037184,
	"DivRuntime": 275.389555868,
	"AuditRuntime": 0,
	"NumParties": 11,
	"NumRows": 1000,
	"NumCols": 10,
	"NumSharesCreated": 690905,
	"RunId": 4
}