{
	"Test": "Chi-Squared",
	"Value": "10.808000040240586",
	"TotalRuntime": 89.404562901,
	"SetupTime": 1.584174135,
	"ComputeRuntime": 0.251900202,
	"DivRuntime": 89.152663199,
	"AuditRuntime": 0.210655275,
	"NumParties": 5,
	"NumRows": 5000,
	"NumCols": 10,
	"NumSharesCreated": 692589,
	"RunId": 4
}