{
	"Test": "Chi-Squared",
	"Value": "2.9430000111460686",
	"TotalRuntime": 151.730301096,
	"SetupTime": 0.825762611,
	"ComputeRuntime": 0.579158158,
	"DivRuntime": 151.151143352,
	"AuditRuntime": 0.192401468,
	"NumParties": 11,
	"NumRows": 10000,
	"NumCols": 5,
	"NumSharesCreated": 346405,
	"RunId": 4
}