{
	"Test": "Chi-Squared",
	"Value": "6.000000022351742",
	"TotalRuntime": 38.065420466,
	"SetupTime": 5.4792886450000005,
	"ComputeRuntime": 0.521217936,
	"DivRuntime": 37.5442029,
	"AuditRuntime": 0.370421263,
	"NumParties": 3,
	"NumRows": 10000,
	"NumCols": 10,
	"NumSharesCreated": 692586,
	"RunId": 4
}