{
	"Test": "Chi-Squared",
	"Value": "6.000000023283064",
	"TotalRuntime": 83.547248916,
	"SetupTime": 3.121274819,
	"ComputeRuntime": 0.491282251,
	"DivRuntime": 83.055966905,
	"AuditRuntime": 0.401456807,
	"NumParties": 5,
	"NumRows": 10000,
	"NumCols": 10,
	"NumSharesCreated": 692589,
	"RunId": 4
}