{
	"Test": "Chi-Squared",
	"Value": "7.800000028684735",
	"TotalRuntime": 25.273851863,
	"SetupTime": 0.126122241,
	"ComputeRuntime": 0.039902492,
	"DivRuntime": 25.233949843,
	"AuditRuntime": 0.021409257,
	"NumParties": 3,
	"NumRows": 1000,
	"NumCols": 5,
	"NumSharesCreated": 346401,
	"RunId": 4
}