{
	"Test": "Chi-Squared",
	"Value": "12.160000044852495",
	"TotalRuntime": 38.518050636,
	"SetupTime": 0.519849583,
	"ComputeRuntime": 0.071092764,
	"DivRuntime": 38.446958087,
	"AuditRuntime": 0.043138439,
	"NumParties": 3,
	"NumRows": 1000,
	"NumCols": 10,
	"NumSharesCreated": 692590,
	"RunId": 4
}