{
	"Test": "Chi-Squared",
	"Value": "6.000000022319077",
	"TotalRuntime": 41.850895309,
	"SetupTime": 34.051390715,
	"ComputeRuntime": 1.425840398,
	"DivRuntime": 40.425055253,
	"AuditRuntime": 0,
	"NumParties": 3,
	"NumRows": 10000,
	"NumCols": 10,
	"NumSharesCreated": 690901,
	"RunId": 4
}