{
	"Test": "Chi-Squared",
	"Value": "7.800000028304048",
	"TotalRuntime": 152.835595284,
	"SetupTime": 0.434414037,
	"ComputeRuntime": 0.192191059,
	"DivRuntime": 152.643404461,
	"AuditRuntime": 0,
	"NumParties": 11,
	"NumRows": 1000,
	"NumCols": 5,
	"NumSharesCreated": 345452,
	"RunId": 4
}