{
	"Test": "Chi-Squared",
	"Value": "7.800000028684735",
	"TotalRuntime": 46.077029724,
	"SetupTime": 0.087501796,
	"ComputeRuntime": 0.042009805,
	"DivRuntime": 46.035020493,
	"AuditRuntime": 0.021515725,
	"NumParties": 5,
	"NumRows": 1000,
	"NumCols": 5,
	"NumSharesCreated": 346401,
	"RunId": 4
}