{
	"Test": "Chi-Squared",
	"Value": "6.000000022434361",
	"TotalRuntime": 84.613704193,
	"SetupTime": 20.508959118,
	"ComputeRuntime": 1.101941284,
	"DivRuntime": 83.511763349,
	"AuditRuntime": 0,
	"NumParties": 5,
	"NumRows": 10000,
	"NumCols": 10,
	"NumSharesCreated": 690906,
	"RunId": 4
}