{
	"Test": "Chi-Squared",
	"Value": "51.85185184888542",
	"TotalRuntime": 22.099626579,
	"SetupTime": 0.02503808,
	"ComputeRuntime": 0.022361561,
	"DivRuntime": 22.077265535,
	"AuditRuntime": 0.002989848,
	"NumParties": 3,
	"NumRows": 108,
	"NumCols": 4,
	"NumSharesCreated": 277169,
	"RunId": 4
}