{
	"Test": "Chi-Squared",
	"Value": "7.800000027753413",
	"TotalRuntime": 46.144078303,
	"SetupTime": 0.17219843,
	"ComputeRuntime": 0.045506451,
	"DivRuntime": 46.098572121,
	"AuditRuntime": 0.022958906,
	"NumParties": 5,
	"NumRows": 1000,
	"NumCols": 5,
	"NumSharesCreated": 346398,
	"RunId": 4
}