{
	"Test": "Chi-Squared",
	"Value": "2.4240000090580214",
	"TotalRuntime": 27.567515639,
	"SetupTime": 2.408021806,
	"ComputeRuntime": 0.333165028,
	"SignExtractionRuntime": 0,
	"DivRuntime": 27.234350931,
	"AuditRuntime": 0,
	"NumParties": 3,
	"NumRows": 5000,
	"NumCols": 5,
	"NumSharesCreated": 345450,
	"RunId": 4
}