{
	"Test": "Chi-Squared",
	"Value": "25.152000093431806",
	"TotalRuntime": 84.867859765,
	"SetupTime": 67.806040164,
	"ComputeRuntime": 2.404199804,
	"DivRuntime": 82.463660234,
	"AuditRuntime": 0,
	"NumParties": 3,
	"NumRows": 10000,
	"NumCols": 20,
	"NumSharesCreated": 1381800,
	"RunId": 4
}