{
	"Test": "Chi-Squared",
	"Value": "51.85185185098313",
	"TotalRuntime": 25.763596473,
	"SetupTime": 0.054490208,
	"ComputeRuntime": 0.113919125,
	"SignExtractionRuntime": 0,
	"DivRuntime": 25.649677627,
	"AuditRuntime": 0,
	"NumParties": 3,
	"NumRows": 108,
	"NumCols": 4,
	"NumSharesCreated": 276365,
	"RunId": 4
}