{
	"Test": "Chi-Squared",
	"Value": "12.160000045783818",
	"TotalRuntime": 327.138556647,
	"SetupTime": 0.164579978,
	"ComputeRuntime": 0.086615457,
	"DivRuntime": 327.05194189,
	"AuditRuntime": 0.046369821,
	"NumParties": 11,
	"NumRows": 1000,
	"NumCols": 10,
	"NumSharesCreated": 692579,
	"RunId": 4
}