{
	"Test": "Chi-Squared",
	"Value": "2.9430000109609273",
	"TotalRuntime": 52.35842486,
	"SetupTime": 10.560168206,
	"ComputeRuntime": 0.61116029,
	"SignExtractionRuntime": 0,
	"DivRuntime": 51.747264869,
	"AuditRuntime": 0,
	"NumParties": 5,
	"NumRows": 10000,
	"NumCols": 5,
	"NumSharesCreated": 345454,
	"RunId": 4
}