{
	"Test": "Chi-Squared",
	"Value": "15.952000059121604",
	"TotalRuntime": 77.207538709,
	"SetupTime": 33.904210217,
	"ComputeRuntime": 1.257139013,
	"DivRuntime": 75.950399928,
	"AuditRuntime": 0,
	"NumParties": 3,
	"NumRows": 5000,
	"NumCols": 20,
	"NumSharesCreated": 1381807,
	"RunId": 4
}