{
	"Test": "Chi-Squared",
	"Value": "15.952000059629555",
	"TotalRuntime": 189.071020374,
	"SetupTime": 20.318889528,
	"ComputeRuntime": 1.253155931,
	"SignExtractionRuntime": 0,
	"DivRuntime": 187.817864721,
	"AuditRuntime": 0,
	"NumParties": 5,
	"NumRows": 5000,
	"NumCols": 20,
	"NumSharesCreated": 1381812,
	"RunId": 4
}