{
	"Test": "Chi-Squared",
	"Value": "2.943000010962298",
	"TotalRuntime": 30.107807367,
	"SetupTime": 17.259498535,
	"ComputeRuntime": 0.533408388,
	"SignExtractionRuntime": 0,
	"DivRuntime": 29.574399499,
	"AuditRuntime": 0,
	"NumParties": 3,
	"NumRows": 10000,
	"NumCols": 5,
	"NumSharesCreated": 345452,
	"RunId": 4
}