{
	"Test": "Chi-Squared",
	"Value": "12.160000045783818",
	"TotalRuntime": 39.37501063,
	"SetupTime": 0.518166108,
	"ComputeRuntime": 0.072817179,
	"DivRuntime": 39.302193911,
	"AuditRuntime": 0.048528961,
	"NumParties": 3,
	"NumRows": 1000,
	"NumCols": 10,
	"NumSharesCreated": 692580,
	"RunId": 4
}