{
	"Test": "Chi-Squared",
	"Value": "2.4240000089630485",
	"TotalRuntime": 159.771193172,
	"SetupTime": 0.417981329,
	"ComputeRuntime": 0.128772906,
	"DivRuntime": 159.642420733,
	"AuditRuntime": 0.439137124,
	"NumParties": 11,
	"NumRows": 5000,
	"NumCols": 5,
	"NumSharesCreated": 346403,
	"RunId": 4
}