{
	"Test": "Chi-Squared",
	"Value": "7.800000028921328",
	"TotalRuntime": 29.193673915,
	"SetupTime": 1.7360747619999999,
	"ComputeRuntime": 0.163428668,
	"SignExtractionRuntime": 0,
	"DivRuntime": 29.030245517,
	"AuditRuntime": 0,
	"NumParties": 3,
	"NumRows": 1000,
	"NumCols": 5,
	"NumSharesCreated": 345449,
	"RunId": 4
}