{
	"Test": "Chi-Squared",
	"Value": "6.000000022351742",
	"TotalRuntime": 293.682502373,
	"SetupTime": 2.337179127,
	"ComputeRuntime": 0.660295361,
	"DivRuntime": 293.022207442,
	"AuditRuntime": 0.455127295,
	"NumParties": 11,
	"NumRows": 10000,
	"NumCols": 10,
	"NumSharesCreated": 692581,
	"RunId": 4
}