{
	"Test": "Chi-Squared",
	"Value": "12.160000044804173",
	"TotalRuntime": 324.607302063,
	"SetupTime": 1.173831864,
	"ComputeRuntime": 0.564351183,
	"SignExtractionRuntime": 0,
	"DivRuntime": 324.04295122,
	"AuditRuntime": 0,
	"NumParties": 11,
	"NumRows": 1000,
	"NumCols": 10,
	"NumSharesCreated": 690900,
	"RunId": 4
}