{
	"Test": "Chi-Squared",
	"Value": "15.952000059187412",
	"TotalRuntime": 163.261006309,
	"SetupTime": 3.058888179,
	"ComputeRuntime": 0.477265321,
	"DivRuntime": 162.783741554,
	"AuditRuntime": 0.430392408,
	"NumParties": 5,
	"NumRows": 5000,
	"NumCols": 20,
	"NumSharesCreated": 1384944,
	"RunId": 4
}