{
	"Test": "Chi-Squared",
	"Value": "25.15200009290129",
	"TotalRuntime": 175.948298128,
	"SetupTime": 6.286623305,
	"ComputeRuntime": 0.992380666,
	"DivRuntime": 174.95591829,
	"AuditRuntime": 0.869934816,
	"NumParties": 5,
	"NumRows": 10000,
	"NumCols": 20,
	"NumSharesCreated": 1384951,
	"RunId": 4
}