{
	"Test": "Chi-Squared",
	"Value": "51.85185185190295",
	"TotalRuntime": 20.649635056,
	"SetupTime": 0.051178071,
	"ComputeRuntime": 0.107860461,
	"DivRuntime": 20.5417749,
	"AuditRuntime": 0,
	"NumParties": 3,
	"NumRows": 108,
	"NumCols": 4,
	"NumSharesCreated": 276366,
	"RunId": 4
}