{
	"Test": "Chi-Squared",
	"Value": "20.280000073835254",
	"TotalRuntime": 575.327114811,
	"SetupTime": 0.331613294,
	"ComputeRuntime": 0.189205856,
	"DivRuntime": 575.13790934,
	"AuditRuntime": 0.071621308,
	"NumParties": 11,
	"NumRows": 1000,
	"NumCols": 20,
	"NumSharesCreated": 1384946,
	"RunId": 4
}