{
	"Test": "Chi-Squared",
	"Value": "20.280000073835254",
	"TotalRuntime": 77.781353769,
	"SetupTime": 1.282554572,
	"ComputeRuntime": 0.155309519,
	"DivRuntime": 77.626044719,
	"AuditRuntime": 0.089718938,
	"NumParties": 3,
	"NumRows": 1000,
	"NumCols": 20,
	"NumSharesCreated": 1384948,
	"RunId": 4
}