{
	"Test": "Chi-Squared",
	"Value": "6.000000022351742",
	"TotalRuntime": 83.65968372,
	"SetupTime": 3.489879711,
	"ComputeRuntime": 0.574713049,
	"DivRuntime": 83.084971301,
	"AuditRuntime": 0.564811559,
	"NumParties": 5,
	"NumRows": 10000,
	"NumCols": 10,
	"NumSharesCreated": 692583,
	"RunId": 4
}