{
	"Test": "Chi-Squared",
	"Value": "51.85185184799881",
	"TotalRuntime": 38.999833399,
	"SetupTime": 0.049827672,
	"ComputeRuntime": 0.129258495,
	"DivRuntime": 38.870575411,
	"AuditRuntime": 0,
	"NumParties": 5,
	"NumRows": 108,
	"NumCols": 4,
	"NumSharesCreated": 276359,
	"RunId": 4
}