{
	"Test": "Chi-Squared",
	"Value": "15.952000059477905",
	"TotalRuntime": 104.671667013,
	"SetupTime": 34.044029659,
	"ComputeRuntime": 1.7776397830000001,
	"SignExtractionRuntime": 0,
	"DivRuntime": 102.894027532,
	"AuditRuntime": 0,
	"NumParties": 3,
	"NumRows": 5000,
	"NumCols": 20,
	"NumSharesCreated": 1381807,
	"RunId": 4
}