{
	"Test": "Chi-Squared",
	"Value": "15.952000060118735",
	"TotalRuntime": 80.461079695,
	"SetupTime": 5.101585591,
	"ComputeRuntime": 0.485761252,
	"DivRuntime": 79.975318878,
	"AuditRuntime": 0.429196852,
	"NumParties": 3,
	"NumRows": 5000,
	"NumCols": 20,
	"NumSharesCreated": 1384943,
	"RunId": 4
}