{
	"Test": "Chi-Squared",
	"Value": "12.160000045402455",
	"TotalRuntime": 47.993180692,
	"SetupTime": 0.879242576,
	"ComputeRuntime": 0.318046925,
	"SignExtractionRuntime": 0,
	"DivRuntime": 47.675134075,
	"AuditRuntime": 0,
	"NumParties": 3,
	"NumRows": 1000,
	"NumCols": 10,
	"NumSharesCreated": 690903,
	"RunId": 4
}