{
	"Test": "Chi-Squared",
	"Value": "6.0000000224487335",
	"TotalRuntime": 94.497775606,
	"SetupTime": 20.30696547,
	"ComputeRuntime": 1.445385084,
	"SignExtractionRuntime": 0,
	"DivRuntime": 93.052390833,
	"AuditRuntime": 0,
	"NumParties": 5,
	"NumRows": 10000,
	"NumCols": 10,
	"NumSharesCreated": 690899,
	"RunId": 4
}