{
	"Test": "Chi-Squared",
	"Value": "2.9430000109942993",
	"TotalRuntime": 24.983824393,
	"SetupTime": 16.96905888,
	"ComputeRuntime": 0.499176087,
	"DivRuntime": 24.484648598,
	"AuditRuntime": 0,
	"NumParties": 3,
	"NumRows": 10000,
	"NumCols": 5,
	"NumSharesCreated": 345451,
	"RunId": 4
}