{
	"Test": "Chi-Squared",
	"Value": "12.160000043921173",
	"TotalRuntime": 300.245666242,
	"SetupTime": 0.160897315,
	"ComputeRuntime": 0.082747581,
	"DivRuntime": 300.162919191,
	"AuditRuntime": 0.033988244,
	"NumParties": 11,
	"NumRows": 1000,
	"NumCols": 10,
	"NumSharesCreated": 692579,
	"RunId": 4
}