{
	"Test": "Chi-Squared",
	"Value": "2.943000011007606",
	"TotalRuntime": 46.51538025,
	"SetupTime": 5.5297975390000005,
	"ComputeRuntime": 0.536496533,
	"DivRuntime": 45.978883942,
	"AuditRuntime": 0,
	"NumParties": 5,
	"NumRows": 10000,
	"NumCols": 5,
	"NumSharesCreated": 345453,
	"RunId": 4
}