{
	"Test": "Chi-Squared",
	"Value": "2.424000009018885",
	"TotalRuntime": 160.117294991,
	"SetupTime": 3.086812604,
	"ComputeRuntime": 0.379545376,
	"DivRuntime": 159.737749952,
	"AuditRuntime": 0,
	"NumParties": 11,
	"NumRows": 5000,
	"NumCols": 5,
	"NumSharesCreated": 345450,
	"RunId": 4
}