{
	"Test": "Chi-Squared",
	"Value": "20.2800000755828",
	"TotalRuntime": 104.110227831,
	"SetupTime": 6.867100382,
	"ComputeRuntime": 0.641933773,
	"SignExtractionRuntime": 0,
	"DivRuntime": 103.468294303,
	"AuditRuntime": 0,
	"NumParties": 3,
	"NumRows": 1000,
	"NumCols": 20,
	"NumSharesCreated": 1381807,
	"RunId": 4
}