{
	"Test": "Chi-Squared",
	"Value": "25.152000093832612",
	"TotalRuntime": 591.591020429,
	"SetupTime": 3.058483437,
	"ComputeRuntime": 0.880774249,
	"DivRuntime": 590.710246663,
	"AuditRuntime": 0.829626657,
	"NumParties": 11,
	"NumRows": 10000,
	"NumCols": 20,
	"NumSharesCreated": 1384945,
	"RunId": 4
}