{
	"Test": "Chi-Squared",
	"Value": "25.152000092873312",
	"TotalRuntime": 171.662044246,
	"SetupTime": 40.755706886,
	"ComputeRuntime": 2.733235779,
	"DivRuntime": 168.928808763,
	"AuditRuntime": 0,
	"NumParties": 5,
	"NumRows": 10000,
	"NumCols": 20,
	"NumSharesCreated": 1381795,
	"RunId": 4
}