{
	"Test": "Chi-Squared",
	"Value": "2.943000010882933",
	"TotalRuntime": 158.853617698,
	"SetupTime": 5.558863757,
	"ComputeRuntime": 0.558448079,
	"DivRuntime": 158.29516988,
	"AuditRuntime": 0,
	"NumParties": 11,
	"NumRows": 10000,
	"NumCols": 5,
	"NumSharesCreated": 345456,
	"RunId": 4
}