{
	"Test": "Chi-Squared",
	"Value": "7.800000028684735",
	"TotalRuntime": 166.168373873,
	"SetupTime": 0.082459245,
	"ComputeRuntime": 0.051416642,
	"DivRuntime": 166.116957797,
	"AuditRuntime": 0.022983101,
	"NumParties": 11,
	"NumRows": 1000,
	"NumCols": 5,
	"NumSharesCreated": 346408,
	"RunId": 4
}