{
	"Test": "Chi-Squared",
	"Value": "7.80000002931749",
	"TotalRuntime": 23.776397455,
	"SetupTime": 1.7029934930000001,
	"ComputeRuntime": 0.162441251,
	"DivRuntime": 23.613956482,
	"AuditRuntime": 0,
	"NumParties": 3,
	"NumRows": 1000,
	"NumCols": 5,
	"NumSharesCreated": 345452,
	"RunId": 4
}