{
	"Test": "Chi-Squared",
	"Value": "2.943000010998699",
	"TotalRuntime": 180.70113416,
	"SetupTime": 5.298800841,
	"ComputeRuntime": 0.580652843,
	"SignExtractionRuntime": 0,
	"DivRuntime": 180.120481619,
	"AuditRuntime": 0,
	"NumParties": 11,
	"NumRows": 10000,
	"NumCols": 5,
	"NumSharesCreated": 345454,
	"RunId": 4
}