{
	"Test": "Chi-Squared",
	"Value": "25.15200009356134",
	"TotalRuntime": 552.051720701,
	"SetupTime": 24.769146185,
	"ComputeRuntime": 2.132846374,
	"DivRuntime": 549.918874877,
	"AuditRuntime": 0,
	"NumParties": 11,
	"NumRows": 10000,
	"NumCols": 20,
	"NumSharesCreated": 1381805,
	"RunId": 4
}