{
	"Test": "Chi-Squared",
	"Value": "15.952000059187412",
	"TotalRuntime": 170.327845249,
	"SetupTime": 3.956633911,
	"ComputeRuntime": 0.706419419,
	"DivRuntime": 169.621426407,
	"AuditRuntime": 0.488094669,
	"NumParties": 5,
	"NumRows": 5000,
	"NumCols": 20,
	"NumSharesCreated": 1384942,
	"RunId": 4
}