{
	"Test": "Chi-Squared",
	"Value": "10.808000040240586",
	"TotalRuntime": 40.24416737,
	"SetupTime": 2.706734869,
	"ComputeRuntime": 0.263243923,
	"DivRuntime": 39.980923671,
	"AuditRuntime": 0.212247543,
	"NumParties": 3,
	"NumRows": 5000,
	"NumCols": 10,
	"NumSharesCreated": 692585,
	"RunId": 4
}