{
	"Test": "Chi-Squared",
	"Value": "20.280000074766576",
	"TotalRuntime": 173.81884428,
	"SetupTime": 0.647057793,
	"ComputeRuntime": 0.161313161,
	"DivRuntime": 173.65753167,
	"AuditRuntime": 0.098394215,
	"NumParties": 5,
	"NumRows": 1000,
	"NumCols": 20,
	"NumSharesCreated": 1384945,
	"RunId": 4
}