{
	"Test": "Chi-Squared",
	"Value": "15.952000058546046",
	"TotalRuntime": 639.772741028,
	"SetupTime": 12.797159024,
	"ComputeRuntime": 1.50628947,
	"SignExtractionRuntime": 0,
	"DivRuntime": 638.26645181,
	"AuditRuntime": 0,
	"NumParties": 11,
	"NumRows": 5000,
	"NumCols": 20,
	"NumSharesCreated": 1381805,
	"RunId": 4
}