{
	"Test": "Chi-Squared",
	"Value": "10.808000040620426",
	"TotalRuntime": 84.47685302,
	"SetupTime": 5.552558542,
	"ComputeRuntime": 0.635416211,
	"DivRuntime": 83.841437291,
	"AuditRuntime": 0,
	"NumParties": 5,
	"NumRows": 5000,
	"NumCols": 10,
	"NumSharesCreated": 690903,
	"RunId": 4
}