{
	"Test": "Chi-Squared",
	"Value": "25.15200009290129",
	"TotalRuntime": 74.651373208,
	"SetupTime": 8.205225499,
	"ComputeRuntime": 0.993700664,
	"DivRuntime": 73.657672788,
	"AuditRuntime": 0.818923122,
	"NumParties": 3,
	"NumRows": 10000,
	"NumCols": 20,
	"NumSharesCreated": 1384944,
	"RunId": 4
}