{
	"Test": "Chi-Squared",
	"Value": "51.85185183957219",
	"TotalRuntime": 123.625605453,
	"SetupTime": 0.009971336,
	"ComputeRuntime": 0.033815361,
	"DivRuntime": 123.591790548,
	"AuditRuntime": 0.002712025,
	"NumParties": 11,
	"NumRows": 108,
	"NumCols": 4,
	"NumSharesCreated": 277163,
	"RunId": 4
}