{
	"Test": "Chi-Squared",
	"Value": "51.85185184516013",
	"TotalRuntime": 136.738641469,
	"SetupTime": 0.009508048,
	"ComputeRuntime": 0.033845209,
	"DivRuntime": 136.704796722,
	"AuditRuntime": 0.004025269,
	"NumParties": 11,
	"NumRows": 108,
	"NumCols": 4,
	"NumSharesCreated": 277168,
	"RunId": 4
}