{
	"Test": "Chi-Squared",
	"Value": "15.952000058964664",
	"TotalRuntime": 168.351900873,
	"SetupTime": 20.6205074,
	"ComputeRuntime": 1.295059656,
	"DivRuntime": 167.056841528,
	"AuditRuntime": 0,
	"NumParties": 5,
	"NumRows": 5000,
	"NumCols": 20,
	"NumSharesCreated": 1381802,
	"RunId": 4
}