{
	"Test": "Chi-Squared",
	"Value": "2.4240000090919915",
	"TotalRuntime": 47.426536917,
	"SetupTime": 2.77989426,
	"ComputeRuntime": 0.330188251,
	"DivRuntime": 47.096348967,
	"AuditRuntime": 0,
	"NumParties": 5,
	"NumRows": 5000,
	"NumCols": 5,
	"NumSharesCreated": 345450,
	"RunId": 4
}