{
	"Test": "Chi-Squared",
	"Value": "15.952000059187412",
	"TotalRuntime": 581.729730723,
	"SetupTime": 1.579768115,
	"ComputeRuntime": 0.540128481,
	"DivRuntime": 581.189602727,
	"AuditRuntime": 0.521108901,
	"NumParties": 11,
	"NumRows": 5000,
	"NumCols": 20,
	"NumSharesCreated": 1384944,
	"RunId": 4
}