{
	"Test": "Chi-Squared",
	"Value": "2.4240000091270453",
	"TotalRuntime": 50.171176566,
	"SetupTime": 2.6223451349999998,
	"ComputeRuntime": 0.355250676,
	"SignExtractionRuntime": 0,
	"DivRuntime": 49.815926152,
	"AuditRuntime": 0,
	"NumParties": 5,
	"NumRows": 5000,
	"NumCols": 5,
	"NumSharesCreated": 345450,
	"RunId": 4
}