{
	"Test": "Chi-Squared",
	"Value": "2.4240000089630485",
	"TotalRuntime": 23.98272948,
	"SetupTime": 1.296244272,
	"ComputeRuntime": 0.122165075,
	"DivRuntime": 23.86056462,
	"AuditRuntime": 0.087752652,
	"NumParties": 3,
	"NumRows": 5000,
	"NumCols": 5,
	"NumSharesCreated": 346408,
	"RunId": 4
}