{
	"Test": "Chi-Squared",
	"Value": "20.28000007516706",
	"TotalRuntime": 167.208277458,
	"SetupTime": 4.110328996,
	"ComputeRuntime": 0.594197982,
	"DivRuntime": 166.614079731,
	"AuditRuntime": 0,
	"NumParties": 5,
	"NumRows": 1000,
	"NumCols": 20,
	"NumSharesCreated": 1381796,
	"RunId": 4
}