{
	"Test": "Chi-Squared",
	"Value": "25.152000093849143",
	"TotalRuntime": 99.490098119,
	"SetupTime": 55.035904803,
	"ComputeRuntime": 2.139332573,
	"SignExtractionRuntime": 0,
	"DivRuntime": 97.350765852,
	"AuditRuntime": 0,
	"NumParties": 3,
	"NumRows": 10000,
	"NumCols": 20,
	"NumSharesCreated": 1381807,
	"RunId": 4
}