{
	"Test": "Chi-Squared",
	"Value": "10.808000040240586",
	"TotalRuntime": 301.050774593,
	"SetupTime": 1.236282808,
	"ComputeRuntime": 0.317085237,
	"DivRuntime": 300.733689786,
	"AuditRuntime": 0.237542336,
	"NumParties": 11,
	"NumRows": 5000,
	"NumCols": 10,
	"NumSharesCreated": 692585,
	"RunId": 4
}