{
	"Test": "Chi-Squared",
	"Value": "12.160000045747603",
	"TotalRuntime": 40.8402779,
	"SetupTime": 3.386466433,
	"ComputeRuntime": 0.304024764,
	"DivRuntime": 40.536253799,
	"AuditRuntime": 0,
	"NumParties": 3,
	"NumRows": 1000,
	"NumCols": 10,
	"NumSharesCreated": 690896,
	"RunId": 4
}