{
	"Test": "Chi-Squared",
	"Value": "10.808000039659971",
	"TotalRuntime": 281.082855045,
	"SetupTime": 5.985791301,
	"ComputeRuntime": 0.753284088,
	"DivRuntime": 280.329571389,
	"AuditRuntime": 0,
	"NumParties": 11,
	"NumRows": 5000,
	"NumCols": 10,
	"NumSharesCreated": 690906,
	"RunId": 4
}