{
	"Test": "Chi-Squared",
	"Value": "15.95200005916604",
	"TotalRuntime": 553.102063169,
	"SetupTime": 12.292315571,
	"ComputeRuntime": 1.464455515,
	"DivRuntime": 551.637607897,
	"AuditRuntime": 0,
	"NumParties": 11,
	"NumRows": 5000,
	"NumCols": 20,
	"NumSharesCreated": 1381800,
	"RunId": 4
}