{
	"Test": "Chi-Squared",
	"Value": "20.280000071636227",
	"TotalRuntime": 652.636491895,
	"SetupTime": 1.696644859,
	"ComputeRuntime": 1.464068238,
	"SignExtractionRuntime": 0,
	"DivRuntime": 651.172424182,
	"AuditRuntime": 0,
	"NumParties": 11,
	"NumRows": 1000,
	"NumCols": 20,
	"NumSharesCreated": 1381804,
	"RunId": 4
}