{
	"Test": "Chi-Squared",
	"Value": "2.9430000111460686",
	"TotalRuntime": 24.721217439,
	"SetupTime": 2.552020625,
	"ComputeRuntime": 0.215431958,
	"DivRuntime": 24.505785751,
	"AuditRuntime": 0.276392841,
	"NumParties": 3,
	"NumRows": 10000,
	"NumCols": 5,
	"NumSharesCreated": 346405,
	"RunId": 4
}