{
	"Test": "Pearson",
	"Value": "0.12407352258333382",
	"TotalRuntime": 35.377643513,
	"SetupTime": 4.198878387,
	"ComputeRuntime": 15.871282355,
	"SignExtractionRuntime": 4.222087607,
	"DivRuntime": 15.284273772,
	"AuditRuntime": 0,
	"NumParties": 3,
	"NumRows": 1000,
	"NumCols": 2,
	"NumSharesCreated": 130954,
	"RunId": 4
}