{
	"Test": "Pearson",
	"Value": "0.019742726794516528",
	"TotalRuntime": 28.623702867,
	"SetupTime": 3.022400844,
	"ComputeRuntime": 11.944938414,
	"DivRuntime": 16.678764686,
	"AuditRuntime": 0.361882013,
	"NumParties": 5,
	"NumRows": 5000,
	"NumCols": 2,
	"NumSharesCreated": 69236,
	"RunId": 4
}