{
	"Test": "Pearson",
	"Value": "0.04145102762227805",
	"TotalRuntime": 77.947980583,
	"SetupTime": 21.05582152,
	"ComputeRuntime": 58.458440491,
	"SignExtractionRuntime": 3.756019439,
	"DivRuntime": 15.733521255,
	"AuditRuntime": 0,
	"NumParties": 3,
	"NumRows": 5000,
	"NumCols": 2,
	"NumSharesCreated": 130958,
	"RunId": 4
}