{
	"Test": "Pearson",
	"Value": "0.030201765545885037",
	"TotalRuntime": 141.49915603,
	"SetupTime": 42.011388099,
	"ComputeRuntime": 116.301503034,
	"SignExtractionRuntime": 6.4575836110000004,
	"DivRuntime": 18.740070299,
	"AuditRuntime": 0,
	"NumParties": 5,
	"NumRows": 10000,
	"NumCols": 2,
	"NumSharesCreated": 130954,
	"RunId": 4
}