{
	"Test": "Pearson",
	"Value": "0.019742726794516528",
	"TotalRuntime": 23.171063411,
	"SetupTime": 2.98584529,
	"ComputeRuntime": 9.675219258,
	"DivRuntime": 13.495844559,
	"AuditRuntime": 0.352984833,
	"NumParties": 3,
	"NumRows": 5000,
	"NumCols": 2,
	"NumSharesCreated": 69237,
	"RunId": 4
}