{
	"Test": "Pearson",
	"Value": "0.8336836877377207",
	"TotalRuntime": 85.69473716,
	"SetupTime": 17.477485257,
	"ComputeRuntime": 60.148645855,
	"SignExtractionRuntime": 6.69646917,
	"DivRuntime": 18.849622494,
	"AuditRuntime": 0,
	"NumParties": 5,
	"NumRows": 4177,
	"NumCols": 2,
	"NumSharesCreated": 130956,
	"RunId": 4
}