{
	"Test": "Pearson",
	"Value": "0.011239587150386884",
	"TotalRuntime": 75.824084027,
	"SetupTime": 6.520993143,
	"ComputeRuntime": 29.8270145,
	"DivRuntime": 45.997069844,
	"AuditRuntime": 0.810092307,
	"NumParties": 11,
	"NumRows": 10000,
	"NumCols": 2,
	"NumSharesCreated": 69237,
	"RunId": 4
}