{
	"Test": "Pearson",
	"Value": "0.8336836878086472",
	"TotalRuntime": 20.346155673,
	"SetupTime": 2.457487453,
	"ComputeRuntime": 8.772347762,
	"DivRuntime": 11.573808366,
	"AuditRuntime": 0.313710742,
	"NumParties": 3,
	"NumRows": 4177,
	"NumCols": 2,
	"NumSharesCreated": 69237,
	"RunId": 4
}