{
	"Test": "Pearson",
	"Value": "-0.011239552415481618",
	"TotalRuntime": 287.058690194,
	"SetupTime": 41.893048178,
	"ComputeRuntime": 212.104313754,
	"DivRuntime": 74.954376732,
	"AuditRuntime": 0,
	"NumParties": 11,
	"NumRows": 10000,
	"NumCols": 2,
	"NumSharesCreated": 130961,
	"RunId": 4
}