{
	"Test": "Pearson",
	"Value": "0.8336836878086472",
	"TotalRuntime": 56.265119449,
	"SetupTime": 2.703719874,
	"ComputeRuntime": 13.44520017,
	"DivRuntime": 42.819919533,
	"AuditRuntime": 0.281253361,
	"NumParties": 11,
	"NumRows": 4177,
	"NumCols": 2,
	"NumSharesCreated": 69235,
	"RunId": 4
}