{
	"Test": "Pearson",
	"Value": "0.8336836878086472",
	"TotalRuntime": 23.380861505,
	"SetupTime": 2.439563643,
	"ComputeRuntime": 10.134902685,
	"DivRuntime": 13.245959273,
	"AuditRuntime": 0.286819614,
	"NumParties": 3,
	"NumRows": 4177,
	"NumCols": 2,
	"NumSharesCreated": 69237,
	"RunId": 4
}