{
	"Test": "Pearson",
	"Value": "0.833683687843676",
	"TotalRuntime": 83.073087241,
	"SetupTime": 17.548267264,
	"ComputeRuntime": 63.324902128,
	"SignExtractionRuntime": 4.299388002,
	"DivRuntime": 15.448798175,
	"AuditRuntime": 0,
	"NumParties": 3,
	"NumRows": 4177,
	"NumCols": 2,
	"NumSharesCreated": 130957,
	"RunId": 4
}