{
	"Test": "Pearson",
	"Value": "0.011239545719848617",
	"TotalRuntime": 37.432854794,
	"SetupTime": 5.882367565,
	"ComputeRuntime": 23.667938272,
	"DivRuntime": 13.764916784,
	"AuditRuntime": 0.753466499,
	"NumParties": 3,
	"NumRows": 10000,
	"NumCols": 2,
	"NumSharesCreated": 69236,
	"RunId": 4
}