{
	"Test": "Pearson",
	"Value": "-0.01123955241548106",
	"TotalRuntime": 97.03468141,
	"SetupTime": 41.595364958,
	"ComputeRuntime": 82.815604283,
	"DivRuntime": 14.219077465,
	"AuditRuntime": 0,
	"NumParties": 3,
	"NumRows": 10000,
	"NumCols": 2,
	"NumSharesCreated": 130961,
	"RunId": 4
}