{
	"Test": "Pearson",
	"Value": "0.019742713419568604",
	"TotalRuntime": 86.323586991,
	"SetupTime": 20.80525484,
	"ComputeRuntime": 72.28082671,
	"DivRuntime": 14.042760501,
	"AuditRuntime": 0,
	"NumParties": 3,
	"NumRows": 5000,
	"NumCols": 2,
	"NumSharesCreated": 130958,
	"RunId": 4
}