{
	"Test": "Pearson",
	"Value": "0.8336836878086472",
	"TotalRuntime": 56.999136322,
	"SetupTime": 2.740375898,
	"ComputeRuntime": 12.30368197,
	"DivRuntime": 44.695454915,
	"AuditRuntime": 0.338050638,
	"NumParties": 11,
	"NumRows": 4177,
	"NumCols": 2,
	"NumSharesCreated": 69234,
	"RunId": 4
}