{
	"Test": "Pearson",
	"Value": "0.0031259296941654976",
	"TotalRuntime": 14.034704351,
	"SetupTime": 0.655980859,
	"ComputeRuntime": 2.475531792,
	"DivRuntime": 11.559172864,
	"AuditRuntime": 0.074315165,
	"NumParties": 3,
	"NumRows": 1000,
	"NumCols": 2,
	"NumSharesCreated": 69236,
	"RunId": 4
}