{
	"Test": "Pearson",
	"Value": "0.01974271341956793",
	"TotalRuntime": 180.588949122,
	"SetupTime": 20.916941087,
	"ComputeRuntime": 106.149192048,
	"DivRuntime": 74.439757388,
	"AuditRuntime": 0,
	"NumParties": 11,
	"NumRows": 5000,
	"NumCols": 2,
	"NumSharesCreated": 130960,
	"RunId": 4
}