{
	"Test": "Pearson",
	"Value": "0.8336836875155035",
	"TotalRuntime": 161.328819924,
	"SetupTime": 17.438740326,
	"ComputeRuntime": 88.496635433,
	"DivRuntime": 72.832184748,
	"AuditRuntime": 0,
	"NumParties": 11,
	"NumRows": 4177,
	"NumCols": 2,
	"NumSharesCreated": 130957,
	"RunId": 4
}