{
	"Test": "Pearson",
	"Value": "-0.003125860103926461",
	"TotalRuntime": 31.24476633,
	"SetupTime": 4.167288074,
	"ComputeRuntime": 15.623026282,
	"DivRuntime": 15.62174063,
	"AuditRuntime": 0,
	"NumParties": 3,
	"NumRows": 1000,
	"NumCols": 2,
	"NumSharesCreated": 130961,
	"RunId": 4
}