{
	"Test": "Pearson",
	"Value": "0.030201765545885037",
	"TotalRuntime": 143.419090919,
	"SetupTime": 42.099848061,
	"ComputeRuntime": 125.312940623,
	"SignExtractionRuntime": 3.667613695,
	"DivRuntime": 14.438537348,
	"AuditRuntime": 0,
	"NumParties": 3,
	"NumRows": 10000,
	"NumCols": 2,
	"NumSharesCreated": 130955,
	"RunId": 4
}