{
	"Test": "Pearson",
	"Value": "0.8336836875891395",
	"TotalRuntime": 172.30315745,
	"SetupTime": 17.480268076,
	"ComputeRuntime": 88.766285069,
	"SignExtractionRuntime": 28.826616642,
	"DivRuntime": 54.710256297,
	"AuditRuntime": 0,
	"NumParties": 11,
	"NumRows": 4177,
	"NumCols": 2,
	"NumSharesCreated": 130959,
	"RunId": 4
}