{
	"Test": "Pearson",
	"Value": "0.0031259296941654976",
	"TotalRuntime": 46.679712559,
	"SetupTime": 0.650890408,
	"ComputeRuntime": 2.871630821,
	"DivRuntime": 43.80808216,
	"AuditRuntime": 0.078151175,
	"NumParties": 11,
	"NumRows": 1000,
	"NumCols": 2,
	"NumSharesCreated": 69237,
	"RunId": 4
}