{
	"Test": "Pearson",
	"Value": "0.019742726794516528",
	"TotalRuntime": 57.544132646,
	"SetupTime": 3.206303564,
	"ComputeRuntime": 15.43477446,
	"DivRuntime": 42.109358447,
	"AuditRuntime": 0.337147425,
	"NumParties": 11,
	"NumRows": 5000,
	"NumCols": 2,
	"NumSharesCreated": 69235,
	"RunId": 4
}