{
	"Test": "Pearson",
	"Value": "0.030201765545884482",
	"TotalRuntime": 299.100165529,
	"SetupTime": 41.924349801,
	"ComputeRuntime": 212.478232416,
	"SignExtractionRuntime": 32.583538648,
	"DivRuntime": 54.038395409,
	"AuditRuntime": 0,
	"NumParties": 11,
	"NumRows": 10000,
	"NumCols": 2,
	"NumSharesCreated": 130959,
	"RunId": 4
}