{
	"Test": "Pearson",
	"Value": "-0.003125860103926461",
	"TotalRuntime": 42.548189588,
	"SetupTime": 4.193029645,
	"ComputeRuntime": 16.347065911,
	"DivRuntime": 26.201123932,
	"AuditRuntime": 0,
	"NumParties": 5,
	"NumRows": 1000,
	"NumCols": 2,
	"NumSharesCreated": 130959,
	"RunId": 4
}