{
	"Test": "Pearson",
	"Value": "0.8336836878086472",
	"TotalRuntime": 27.390410987,
	"SetupTime": 2.494137538,
	"ComputeRuntime": 10.739068592,
	"DivRuntime": 16.651342633,
	"AuditRuntime": 0.316390055,
	"NumParties": 5,
	"NumRows": 4177,
	"NumCols": 2,
	"NumSharesCreated": 69237,
	"RunId": 4
}