{
	"Test": "Pearson",
	"Value": "0.12407352248984885",
	"TotalRuntime": 104.483198986,
	"SetupTime": 4.172761858,
	"ComputeRuntime": 21.196428113,
	"SignExtractionRuntime": 29.149665224,
	"DivRuntime": 54.137106069,
	"AuditRuntime": 0,
	"NumParties": 11,
	"NumRows": 1000,
	"NumCols": 2,
	"NumSharesCreated": 130959,
	"RunId": 4
}