{
	"Test": "Pearson",
	"Value": "0.0031259296941654976",
	"TotalRuntime": 15.764678786,
	"SetupTime": 0.587864853,
	"ComputeRuntime": 2.431090368,
	"DivRuntime": 13.333588642,
	"AuditRuntime": 0.066218729,
	"NumParties": 3,
	"NumRows": 1000,
	"NumCols": 2,
	"NumSharesCreated": 69237,
	"RunId": 4
}