{
	"Test": "Pearson",
	"Value": "0.8336836877906919",
	"TotalRuntime": 76.664937101,
	"SetupTime": 18.539492406,
	"ComputeRuntime": 62.439534272,
	"DivRuntime": 14.225403063,
	"AuditRuntime": 0,
	"NumParties": 3,
	"NumRows": 4177,
	"NumCols": 2,
	"NumSharesCreated": 130957,
	"RunId": 4
}