{
	"Test": "Pearson",
	"Value": "0.12407352258333272",
	"TotalRuntime": 39.976633771,
	"SetupTime": 4.195113558,
	"ComputeRuntime": 14.901793644,
	"SignExtractionRuntime": 6.492969157,
	"DivRuntime": 18.58187108,
	"AuditRuntime": 0,
	"NumParties": 5,
	"NumRows": 1000,
	"NumCols": 2,
	"NumSharesCreated": 130960,
	"RunId": 4
}