{
	"Test": "Pearson",
	"Value": "0.0031259296941654976",
	"TotalRuntime": 19.048648635,
	"SetupTime": 0.654842275,
	"ComputeRuntime": 2.540323978,
	"DivRuntime": 16.508325086,
	"AuditRuntime": 0.084388504,
	"NumParties": 5,
	"NumRows": 1000,
	"NumCols": 2,
	"NumSharesCreated": 69237,
	"RunId": 4
}