{
	"Test": "Pearson",
	"Value": "0.8336836878086472",
	"TotalRuntime": 24.361766957,
	"SetupTime": 2.398438113,
	"ComputeRuntime": 5.876721955,
	"DivRuntime": 18.485045287,
	"AuditRuntime": 0.324893531,
	"NumParties": 5,
	"NumRows": 4177,
	"NumCols": 2,
	"NumSharesCreated": 69237,
	"RunId": 4
}