{
	"Test": "Pearson",
	"Value": "0.0197427032080297",
	"TotalRuntime": 23.00139007,
	"SetupTime": 2.91756392,
	"ComputeRuntime": 11.287555716,
	"DivRuntime": 11.713834897,
	"AuditRuntime": 0.372237988,
	"NumParties": 3,
	"NumRows": 5000,
	"NumCols": 2,
	"NumSharesCreated": 69237,
	"RunId": 4
}