{
	"Test": "Pearson",
	"Value": "0.0197427032080297",
	"TotalRuntime": 27.709097415,
	"SetupTime": 3.175723086,
	"ComputeRuntime": 9.155050154,
	"DivRuntime": 18.554047692,
	"AuditRuntime": 0.351921683,
	"NumParties": 5,
	"NumRows": 5000,
	"NumCols": 2,
	"NumSharesCreated": 69237,
	"RunId": 4
}