{
	"Test": "Pearson",
	"Value": "-0.003125860106288568",
	"TotalRuntime": 95.031152483,
	"SetupTime": 4.181661942,
	"ComputeRuntime": 20.569593661,
	"DivRuntime": 74.461559137,
	"AuditRuntime": 0,
	"NumParties": 11,
	"NumRows": 1000,
	"NumCols": 2,
	"NumSharesCreated": 130961,
	"RunId": 4
}