{
	"Test": "Pearson",
	"Value": "0.0197427032080297",
	"TotalRuntime": 59.802835493,
	"SetupTime": 3.263577517,
	"ComputeRuntime": 15.299302868,
	"DivRuntime": 44.503533253,
	"AuditRuntime": 0.401296038,
	"NumParties": 11,
	"NumRows": 5000,
	"NumCols": 2,
	"NumSharesCreated": 69236,
	"RunId": 4
}