{
	"Test": "Pearson",
	"Value": "-0.011239552415481283",
	"TotalRuntime": 160.716244677,
	"SetupTime": 41.966792973,
	"ComputeRuntime": 137.494686719,
	"DivRuntime": 23.221558234,
	"AuditRuntime": 0,
	"NumParties": 5,
	"NumRows": 10000,
	"NumCols": 2,
	"NumSharesCreated": 130958,
	"RunId": 4
}