{
	"Test": "Pearson",
	"Value": "0.019742713419568604",
	"TotalRuntime": 77.797855719,
	"SetupTime": 20.976607114,
	"ComputeRuntime": 53.606086763,
	"DivRuntime": 24.191769232,
	"AuditRuntime": 0,
	"NumParties": 5,
	"NumRows": 5000,
	"NumCols": 2,
	"NumSharesCreated": 130958,
	"RunId": 4
}