{
	"Test": "Pearson",
	"Value": "0.011239545719848617",
	"TotalRuntime": 76.424687483,
	"SetupTime": 6.000516797,
	"ComputeRuntime": 32.787359192,
	"DivRuntime": 43.637328801,
	"AuditRuntime": 0.780536725,
	"NumParties": 11,
	"NumRows": 10000,
	"NumCols": 2,
	"NumSharesCreated": 69237,
	"RunId": 4
}