{
	"Test": "Pearson",
	"Value": "0.041451027622277384",
	"TotalRuntime": 190.077094962,
	"SetupTime": 21.234048575,
	"ComputeRuntime": 106.18270226,
	"SignExtractionRuntime": 28.874011877,
	"DivRuntime": 55.02038163,
	"AuditRuntime": 0,
	"NumParties": 11,
	"NumRows": 5000,
	"NumCols": 2,
	"NumSharesCreated": 130957,
	"RunId": 4
}