{
	"Test": "T-Test",
	"Value": "0.02909278978356883",
	"TotalRuntime": 48.458841925,
	"SetupTime": 20.721760995,
	"ComputeRuntime": 34.508321804,
	"DivRuntime": 13.950520448,
	"AuditRuntime": 0,
	"NumParties": 3,
	"NumRows": 5000,
	"NumCols": 2,
	"NumSharesCreated": 130738,
	"RunId": 4
}