{
	"Test": "T-Test",
	"Value": "5.37803843893022",
	"TotalRuntime": 96.974073769,
	"SetupTime": 4.191164592,
	"ComputeRuntime": 14.3648517,
	"SignExtractionRuntime": 29.017753058,
	"DivRuntime": 53.591469125,
	"AuditRuntime": 0,
	"NumParties": 11,
	"NumRows": 1000,
	"NumCols": 2,
	"NumSharesCreated": 130735,
	"RunId": 4
}