{
	"Test": "T-Test",
	"Value": "0.02909304923146788",
	"TotalRuntime": 52.576755488,
	"SetupTime": 2.94605434,
	"ComputeRuntime": 9.894471657,
	"DivRuntime": 42.682290545,
	"AuditRuntime": 0.314782089,
	"NumParties": 11,
	"NumRows": 5000,
	"NumCols": 2,
	"NumSharesCreated": 69235,
	"RunId": 4
}