{
	"Test": "T-Test",
	"Value": "0.029092791374175503",
	"TotalRuntime": 77.963168963,
	"SetupTime": 22.014758411,
	"ComputeRuntime": 52.19462696,
	"DivRuntime": 25.768542337,
	"AuditRuntime": 0,
	"NumParties": 5,
	"NumRows": 5000,
	"NumCols": 2,
	"NumSharesCreated": 130734,
	"RunId": 4
}