{
	"Test": "T-Test",
	"Value": "161.74187679468045",
	"TotalRuntime": 22.920458044,
	"SetupTime": 2.506162469,
	"ComputeRuntime": 6.486110019,
	"DivRuntime": 16.434354292,
	"AuditRuntime": 0.281376716,
	"NumParties": 5,
	"NumRows": 4177,
	"NumCols": 2,
	"NumSharesCreated": 69237,
	"RunId": 4
}