{
	"Test": "T-Test",
	"Value": "0.02909284115364369",
	"TotalRuntime": 22.093209278,
	"SetupTime": 2.988274529,
	"ComputeRuntime": 8.501447905,
	"DivRuntime": 13.591766954,
	"AuditRuntime": 0.311635743,
	"NumParties": 3,
	"NumRows": 5000,
	"NumCols": 2,
	"NumSharesCreated": 69237,
	"RunId": 4
}