{
	"Test": "T-Test",
	"Value": "0.029093097249215966",
	"TotalRuntime": 54.223253235,
	"SetupTime": 3.284030961,
	"ComputeRuntime": 10.066691001,
	"DivRuntime": 44.156570257,
	"AuditRuntime": 0.356109833,
	"NumParties": 11,
	"NumRows": 5000,
	"NumCols": 2,
	"NumSharesCreated": 69234,
	"RunId": 4
}