{
	"Test": "T-Test",
	"Value": "161.71452230701234",
	"TotalRuntime": 66.374378693,
	"SetupTime": 17.400533326,
	"ComputeRuntime": 41.327646345,
	"SignExtractionRuntime": 6.560100478,
	"DivRuntime": 18.486632,
	"AuditRuntime": 0,
	"NumParties": 5,
	"NumRows": 4177,
	"NumCols": 2,
	"NumSharesCreated": 130738,
	"RunId": 4
}