{
	"Test": "T-Test",
	"Value": "4.885003434468072",
	"TotalRuntime": 111.850725342,
	"SetupTime": 42.057405185,
	"ComputeRuntime": 93.897544006,
	"SignExtractionRuntime": 3.700510396,
	"DivRuntime": 14.25267108,
	"AuditRuntime": 0,
	"NumParties": 3,
	"NumRows": 10000,
	"NumCols": 2,
	"NumSharesCreated": 130738,
	"RunId": 4
}