{
	"Test": "T-Test",
	"Value": "3.1111228768709935",
	"TotalRuntime": 153.605932118,
	"SetupTime": 20.926280039,
	"ComputeRuntime": 71.123945924,
	"SignExtractionRuntime": 28.560464865,
	"DivRuntime": 53.921521462,
	"AuditRuntime": 0,
	"NumParties": 11,
	"NumRows": 5000,
	"NumCols": 2,
	"NumSharesCreated": 130737,
	"RunId": 4
}