{
	"Test": "T-Test",
	"Value": "5.378038445502101",
	"TotalRuntime": 24.549314257,
	"SetupTime": 4.224005176,
	"ComputeRuntime": 6.12056652,
	"SignExtractionRuntime": 3.8553829090000002,
	"DivRuntime": 14.573364612,
	"AuditRuntime": 0,
	"NumParties": 3,
	"NumRows": 1000,
	"NumCols": 2,
	"NumSharesCreated": 130736,
	"RunId": 4
}