{
	"Test": "T-Test",
	"Value": "0.34220194519375713",
	"TotalRuntime": 28.397638623,
	"SetupTime": 5.982686633,
	"ComputeRuntime": 14.79851436,
	"DivRuntime": 13.599129285,
	"AuditRuntime": 0.658323975,
	"NumParties": 3,
	"NumRows": 10000,
	"NumCols": 2,
	"NumSharesCreated": 69235,
	"RunId": 4
}