{
	"Test": "T-Test",
	"Value": "161.76923653136697",
	"TotalRuntime": 68.760833199,
	"SetupTime": 17.469871743,
	"ComputeRuntime": 43.188871851,
	"DivRuntime": 25.571961652,
	"AuditRuntime": 0,
	"NumParties": 5,
	"NumRows": 4177,
	"NumCols": 2,
	"NumSharesCreated": 130735,
	"RunId": 4
}