{
	"Test": "T-Test",
	"Value": "3.1111228944393514",
	"TotalRuntime": 72.882111454,
	"SetupTime": 21.088974662,
	"ComputeRuntime": 53.544623142,
	"SignExtractionRuntime": 4.255392137,
	"DivRuntime": 15.082096282,
	"AuditRuntime": 0,
	"NumParties": 3,
	"NumRows": 5000,
	"NumCols": 2,
	"NumSharesCreated": 130737,
	"RunId": 4
}