{
	"Test": "T-Test",
	"Value": "4.885003419913082",
	"TotalRuntime": 97.54653752,
	"SetupTime": 41.766714119,
	"ComputeRuntime": 72.605469769,
	"SignExtractionRuntime": 6.706015487,
	"DivRuntime": 18.235052493,
	"AuditRuntime": 0,
	"NumParties": 5,
	"NumRows": 10000,
	"NumCols": 2,
	"NumSharesCreated": 130737,
	"RunId": 4
}