{
	"Test": "T-Test",
	"Value": "0.1946900869238968",
	"TotalRuntime": 47.043855339,
	"SetupTime": 0.652183786,
	"ComputeRuntime": 2.149671894,
	"DivRuntime": 44.894192185,
	"AuditRuntime": 0.073394866,
	"NumParties": 11,
	"NumRows": 1000,
	"NumCols": 2,
	"NumSharesCreated": 69237,
	"RunId": 4
}