{
	"Test": "T-Test",
	"Value": "161.76923821556292",
	"TotalRuntime": 34.4563883,
	"SetupTime": 17.240817732,
	"ComputeRuntime": 20.443048774,
	"DivRuntime": 14.01333985,
	"AuditRuntime": 0,
	"NumParties": 3,
	"NumRows": 4177,
	"NumCols": 2,
	"NumSharesCreated": 130736,
	"RunId": 4
}