{
	"Test": "T-Test",
	"Value": "161.65985907698848",
	"TotalRuntime": 140.911222034,
	"SetupTime": 17.505998975,
	"ComputeRuntime": 59.804485507,
	"SignExtractionRuntime": 27.821588303,
	"DivRuntime": 53.285148553,
	"AuditRuntime": 0,
	"NumParties": 11,
	"NumRows": 4177,
	"NumCols": 2,
	"NumSharesCreated": 130738,
	"RunId": 4
}