{
	"Test": "T-Test",
	"Value": "0.029092792798336885",
	"TotalRuntime": 145.176758317,
	"SetupTime": 20.867102925,
	"ComputeRuntime": 72.064062594,
	"DivRuntime": 73.112696264,
	"AuditRuntime": 0,
	"NumParties": 11,
	"NumRows": 5000,
	"NumCols": 2,
	"NumSharesCreated": 130732,
	"RunId": 4
}