{
	"Test": "T-Test",
	"Value": "3.1111228856551763",
	"TotalRuntime": 61.997116382,
	"SetupTime": 21.195499846,
	"ComputeRuntime": 36.804677907,
	"SignExtractionRuntime": 6.77502292,
	"DivRuntime": 18.417415723,
	"AuditRuntime": 0,
	"NumParties": 5,
	"NumRows": 5000,
	"NumCols": 2,
	"NumSharesCreated": 130735,
	"RunId": 4
}