{
	"Test": "T-Test",
	"Value": "0.34220196016232796",
	"TotalRuntime": 33.406152115,
	"SetupTime": 6.376085228,
	"ComputeRuntime": 14.780201755,
	"DivRuntime": 18.625961933,
	"AuditRuntime": 0.629156414,
	"NumParties": 5,
	"NumRows": 10000,
	"NumCols": 2,
	"NumSharesCreated": 69236,
	"RunId": 4
}