{
	"Test": "T-Test",
	"Value": "161.63255793244116",
	"TotalRuntime": 50.83480102,
	"SetupTime": 2.592025082,
	"ComputeRuntime": 8.213374415,
	"DivRuntime": 42.621435388,
	"AuditRuntime": 0.301639394,
	"NumParties": 11,
	"NumRows": 4177,
	"NumCols": 2,
	"NumSharesCreated": 69236,
	"RunId": 4
}