{
	"Test": "T-Test",
	"Value": "0.19469002454534992",
	"TotalRuntime": 87.211639269,
	"SetupTime": 4.180510859,
	"ComputeRuntime": 14.383682339,
	"DivRuntime": 72.82795731,
	"AuditRuntime": 0,
	"NumParties": 11,
	"NumRows": 1000,
	"NumCols": 2,
	"NumSharesCreated": 130736,
	"RunId": 4
}