{
	"Test": "T-Test",
	"Value": "5.378038445502107",
	"TotalRuntime": 37.933031492,
	"SetupTime": 4.164049752,
	"ComputeRuntime": 10.726190287,
	"SignExtractionRuntime": 7.852330538,
	"DivRuntime": 19.354510754,
	"AuditRuntime": 0,
	"NumParties": 5,
	"NumRows": 1000,
	"NumCols": 2,
	"NumSharesCreated": 130738,
	"RunId": 4
}