{
	"Test": "T-Test",
	"Value": "0.3422004802790693",
	"TotalRuntime": 109.88678654,
	"SetupTime": 41.717932373,
	"ComputeRuntime": 95.855915631,
	"DivRuntime": 14.030871155,
	"AuditRuntime": 0,
	"NumParties": 3,
	"NumRows": 10000,
	"NumCols": 2,
	"NumSharesCreated": 130737,
	"RunId": 4
}