{
	"Test": "T-Test",
	"Value": "161.74187470310704",
	"TotalRuntime": 18.543486459,
	"SetupTime": 2.494467146,
	"ComputeRuntime": 7.015632113,
	"DivRuntime": 11.527860981,
	"AuditRuntime": 0.260160813,
	"NumParties": 3,
	"NumRows": 4177,
	"NumCols": 2,
	"NumSharesCreated": 69237,
	"RunId": 4
}