{
	"Test": "T-Test",
	"Value": "0.1946900247051424",
	"TotalRuntime": 31.466783733,
	"SetupTime": 4.268338504,
	"ComputeRuntime": 8.90806155,
	"DivRuntime": 22.558722525,
	"AuditRuntime": 0,
	"NumParties": 5,
	"NumRows": 1000,
	"NumCols": 2,
	"NumSharesCreated": 130737,
	"RunId": 4
}