{
	"Test": "T-Test",
	"Value": "0.34220047853999275",
	"TotalRuntime": 216.068073618,
	"SetupTime": 41.804022247,
	"ComputeRuntime": 142.2887205,
	"DivRuntime": 73.77935342399999,
	"AuditRuntime": 0,
	"NumParties": 11,
	"NumRows": 10000,
	"NumCols": 2,
	"NumSharesCreated": 130737,
	"RunId": 4
}