{
	"Test": "T-Test",
	"Value": "0.029092889171735206",
	"TotalRuntime": 24.844128282,
	"SetupTime": 2.931807081,
	"ComputeRuntime": 8.630731655,
	"DivRuntime": 16.213401992,
	"AuditRuntime": 0.349043914,
	"NumParties": 5,
	"NumRows": 5000,
	"NumCols": 2,
	"NumSharesCreated": 69236,
	"RunId": 4
}