{
	"Test": "T-Test",
	"Value": "0.34220198329557244",
	"TotalRuntime": 66.015433745,
	"SetupTime": 6.486461527,
	"ComputeRuntime": 20.815073536,
	"DivRuntime": 45.200366841,
	"AuditRuntime": 0.72743447,
	"NumParties": 11,
	"NumRows": 10000,
	"NumCols": 2,
	"NumSharesCreated": 69232,
	"RunId": 4
}