{
	"Test": "T-Test",
	"Value": "0.02909293718974747",
	"TotalRuntime": 29.166144334,
	"SetupTime": 3.038170773,
	"ComputeRuntime": 8.185220438,
	"DivRuntime": 20.980931982,
	"AuditRuntime": 0.357630898,
	"NumParties": 5,
	"NumRows": 5000,
	"NumCols": 2,
	"NumSharesCreated": 69233,
	"RunId": 4
}