{
	"Test": "T-Test",
	"Value": "4.885003361693154",
	"TotalRuntime": 223.881356566,
	"SetupTime": 41.896996115,
	"ComputeRuntime": 141.626348724,
	"SignExtractionRuntime": 28.831371026,
	"DivRuntime": 53.423637204,
	"AuditRuntime": 0,
	"NumParties": 11,
	"NumRows": 10000,
	"NumCols": 2,
	"NumSharesCreated": 130738,
	"RunId": 4
}