{
	"Test": "T-Test",
	"Value": "161.63255688736027",
	"TotalRuntime": 53.746765754,
	"SetupTime": 2.715036547,
	"ComputeRuntime": 8.84748466,
	"DivRuntime": 44.899288658,
	"AuditRuntime": 0.292706202,
	"NumParties": 11,
	"NumRows": 4177,
	"NumCols": 2,
	"NumSharesCreated": 69237,
	"RunId": 4
}