{
	"Test": "T-Test",
	"Value": "0.19469008214028097",
	"TotalRuntime": 13.223697853000001,
	"SetupTime": 0.556260787,
	"ComputeRuntime": 1.652921976,
	"DivRuntime": 11.570782129,
	"AuditRuntime": 0.061923224,
	"NumParties": 3,
	"NumRows": 1000,
	"NumCols": 2,
	"NumSharesCreated": 69236,
	"RunId": 4
}