{
	"Test": "T-Test",
	"Value": "0.19469008214028097",
	"TotalRuntime": 17.787825222,
	"SetupTime": 0.583797557,
	"ComputeRuntime": 1.708628657,
	"DivRuntime": 16.079202602,
	"AuditRuntime": 0.066224063,
	"NumParties": 5,
	"NumRows": 1000,
	"NumCols": 2,
	"NumSharesCreated": 69236,
	"RunId": 4
}