{
	"Test": "T-Test",
	"Value": "0.3422019533584322",
	"TotalRuntime": 25.389815504,
	"SetupTime": 6.159564352,
	"ComputeRuntime": 13.894984165,
	"DivRuntime": 11.494838608,
	"AuditRuntime": 0.696449188,
	"NumParties": 3,
	"NumRows": 10000,
	"NumCols": 2,
	"NumSharesCreated": 69237,
	"RunId": 4
}