{
	"Test": "T-Test",
	"Value": "0.1946900247051424",
	"TotalRuntime": 25.271160581,
	"SetupTime": 4.148738182,
	"ComputeRuntime": 9.732261978,
	"DivRuntime": 15.53889887,
	"AuditRuntime": 0,
	"NumParties": 3,
	"NumRows": 1000,
	"NumCols": 2,
	"NumSharesCreated": 130738,
	"RunId": 4
}