{
	"Test": "T-Test",
	"Value": "0.34220196152310706",
	"TotalRuntime": 32.133898085,
	"SetupTime": 6.091279712,
	"ComputeRuntime": 16.1491385,
	"DivRuntime": 15.984765255,
	"AuditRuntime": 0.696429536,
	"NumParties": 5,
	"NumRows": 10000,
	"NumCols": 2,
	"NumSharesCreated": 69236,
	"RunId": 4
}