{
	"Test": "T-Test",
	"Value": "161.60525516458125",
	"TotalRuntime": 133.695620431,
	"SetupTime": 17.417614383,
	"ComputeRuntime": 59.378511107,
	"DivRuntime": 74.317109765,
	"AuditRuntime": 0,
	"NumParties": 11,
	"NumRows": 4177,
	"NumCols": 2,
	"NumSharesCreated": 130734,
	"RunId": 4
}