{
	"TestType": "CHI2",
	"PValue": 1.4334184584371654e+272,
	"DatasetSize": 1000,
	"NumberOfCategories": 50,
	"NumberOfParties": 16,
	"TotalNumberOfShares": 2583899,
	"TotalNumberOfPaillierMults": 49999,
	"TotalNumberOfShareMults": 1001398,
	"TotalTime": 8580.166557792,
	"ComputationTime": 1706.173710198,
	"DivisionTime": 6873.99284849,
	"Latency": 0
}