{
	"TestType": "CHI2",
	"PValue": 4.335235095284615e+271,
	"DatasetSize": 1000,
	"NumberOfCategories": 50,
	"NumberOfParties": 8,
	"TotalNumberOfShares": 2583892,
	"TotalNumberOfPaillierMults": 25999,
	"TotalNumberOfShareMults": 1001380,
	"TotalTime": 2205.263055666,
	"ComputationTime": 691.402897856,
	"DivisionTime": 1513.860158547,
	"Latency": 0
}