{
	"TestType": "CHI2",
	"PValue": 5.884692042708573e+271,
	"DatasetSize": 10000,
	"NumberOfCategories": 25,
	"NumberOfParties": 16,
	"TotalNumberOfShares": 1291954,
	"TotalNumberOfPaillierMults": 25000,
	"TotalNumberOfShareMults": 500699,
	"TotalTime": 3756.147940798,
	"ComputationTime": 817.731511877,
	"DivisionTime": 2938.41642961,
	"Latency": 0
}