{
	"TestType": "CHI2",
	"PValue": 19999.942779541016,
	"DatasetSize": 10000,
	"NumberOfCategories": 25,
	"NumberOfParties": 4,
	"TotalNumberOfShares": 1291961,
	"TotalNumberOfPaillierMults": 7000,
	"TotalNumberOfShareMults": 500659,
	"TotalTime": 225.303158393,
	"ComputationTime": 73.349344959,
	"DivisionTime": 151.953814147,
	"Latency": 0
}