{
	"TestType": "CHI2",
	"PValue": 5.135023394856185e+270,
	"DatasetSize": 10000,
	"NumberOfCategories": 10,
	"NumberOfParties": 4,
	"TotalNumberOfShares": 516786,
	"TotalNumberOfPaillierMults": 2800,
	"TotalNumberOfShareMults": 200267,
	"TotalTime": 91.200668152,
	"ComputationTime": 28.885382799,
	"DivisionTime": 62.315286084,
	"Latency": 0
}