{
	"TestType": "CHI2",
	"PValue": 1999.9847412109375,
	"DatasetSize": 1000,
	"NumberOfCategories": 10,
	"NumberOfParties": 4,
	"TotalNumberOfShares": 516782,
	"TotalNumberOfPaillierMults": 2800,
	"TotalNumberOfShareMults": 200264,
	"TotalTime": 105.757672138,
	"ComputationTime": 30.717597239,
	"DivisionTime": 75.040075767,
	"Latency": 0
}