{
	"TestType": "CHI2",
	"PValue": 1.6627469839813288e+271,
	"DatasetSize": 10000,
	"NumberOfCategories": 50,
	"NumberOfParties": 4,
	"TotalNumberOfShares": 2583898,
	"TotalNumberOfPaillierMults": 14000,
	"TotalNumberOfShareMults": 1001299,
	"TotalTime": 462.612490637,
	"ComputationTime": 149.566250313,
	"DivisionTime": 313.046241049,
	"Latency": 0
}