{
	"TestType": "CHI2",
	"PValue": 8.316639545139391e+270,
	"DatasetSize": 1000,
	"NumberOfCategories": 50,
	"NumberOfParties": 4,
	"TotalNumberOfShares": 2583917,
	"TotalNumberOfPaillierMults": 14000,
	"TotalNumberOfShareMults": 1001299,
	"TotalTime": 481.132842014,
	"ComputationTime": 147.299386268,
	"DivisionTime": 333.833456426,
	"Latency": 0
}