{
	"TestType": "CHI2",
	"PValue": 9.446984402814768e+270,
	"DatasetSize": 5000,
	"NumberOfCategories": 25,
	"NumberOfParties": 8,
	"TotalNumberOfShares": 1291960,
	"TotalNumberOfPaillierMults": 13000,
	"TotalNumberOfShareMults": 500694,
	"TotalTime": 1006.104442534,
	"ComputationTime": 300.569770145,
	"DivisionTime": 705.534673309,
	"Latency": 0
}