{
	"TestType": "CHI2",
	"PValue": 2.6621910876399468e+271,
	"DatasetSize": 5000,
	"NumberOfCategories": 25,
	"NumberOfParties": 16,
	"TotalNumberOfShares": 1291947,
	"TotalNumberOfPaillierMults": 25000,
	"TotalNumberOfShareMults": 500699,
	"TotalTime": 4420.360396966,
	"ComputationTime": 851.813402349,
	"DivisionTime": 3568.546995564,
	"Latency": 0
}