{
	"TestType": "CHI2",
	"PValue": 2.8629932969556662e+270,
	"DatasetSize": 1000,
	"NumberOfCategories": 10,
	"NumberOfParties": 16,
	"TotalNumberOfShares": 516782,
	"TotalNumberOfPaillierMults": 10000,
	"TotalNumberOfShareMults": 200279,
	"TotalTime": 1803.964928519,
	"ComputationTime": 448.572891465,
	"DivisionTime": 1355.392037796,
	"Latency": 0
}