{
	"TestType": "CHI2",
	"PValue": 1.1481281933973117e+271,
	"DatasetSize": 1000,
	"NumberOfCategories": 10,
	"NumberOfParties": 8,
	"TotalNumberOfShares": 516772,
	"TotalNumberOfPaillierMults": 5200,
	"TotalNumberOfShareMults": 200277,
	"TotalTime": 380.668518173,
	"ComputationTime": 92.745562243,
	"DivisionTime": 287.922956808,
	"Latency": 0
}