{
	"TestType": "CHI2",
	"PValue": 1.9994141915226197e+271,
	"DatasetSize": 1000,
	"NumberOfCategories": 25,
	"NumberOfParties": 16,
	"TotalNumberOfShares": 1291963,
	"TotalNumberOfPaillierMults": 25000,
	"TotalNumberOfShareMults": 500698,
	"TotalTime": 4709.542271851,
	"ComputationTime": 1572.567475915,
	"DivisionTime": 3136.97479677,
	"Latency": 0
}