{
	"TestType": "CHI2",
	"PValue": 2.826759209466871e+271,
	"DatasetSize": 10000,
	"NumberOfCategories": 50,
	"NumberOfParties": 8,
	"TotalNumberOfShares": 2583896,
	"TotalNumberOfPaillierMults": 26000,
	"TotalNumberOfShareMults": 1001377,
	"TotalTime": 2399.362357718,
	"ComputationTime": 624.453350462,
	"DivisionTime": 1774.909008354,
	"Latency": 0
}