{
	"TestType": "CHI2",
	"PValue": 3.223249692772615e+271,
	"DatasetSize": 10000,
	"NumberOfCategories": 25,
	"NumberOfParties": 8,
	"TotalNumberOfShares": 1291946,
	"TotalNumberOfPaillierMults": 13000,
	"TotalNumberOfShareMults": 500692,
	"TotalTime": 935.523574624,
	"ComputationTime": 230.662339556,
	"DivisionTime": 704.86123575,
	"Latency": 0
}