{
	"TestType": "TTEST",
	"PValue": 0.09828411443808661,
	"DatasetSize": 1000,
	"NumberOfCategories": 0,
	"NumberOfParties": 16,
	"TotalNumberOfShares": 51235,
	"TotalNumberOfPaillierMults": 10000,
	"TotalNumberOfShareMults": 19968,
	"TotalTime": 691.479400958,
	"ComputationTime": 563.970410885,
	"DivisionTime": 127.508998675,
	"Latency": 0
}