{
	"TestType": "CHI2",
	"PValue": 4.4976354236334964e+269,
	"DatasetSize": 5000,
	"NumberOfCategories": 50,
	"NumberOfParties": 3,
	"TotalNumberOfShares": 2583896,
	"TotalNumberOfPaillierMults": 11000,
	"TotalNumberOfShareMults": 1001357,
	"TotalTime": 513.17655407,
	"ComputationTime": 165.615374171,
	"DivisionTime": 347.561180796,
	"Latency": 0
}