{
	"TestType": "CHI2",
	"PValue": 19999.847412109375,
	"DatasetSize": 10000,
	"NumberOfCategories": 10,
	"NumberOfParties": 3,
	"TotalNumberOfShares": 516776,
	"TotalNumberOfPaillierMults": 2200,
	"TotalNumberOfShareMults": 200263,
	"TotalTime": 71.723172305,
	"ComputationTime": 17.777809873,
	"DivisionTime": 53.945363072,
	"Latency": 0
}